ISO-10303-21;
HEADER;
/* Generated by software containing ST-Developer
 * from STEP Tools, Inc. (www.steptools.com) 
 */

FILE_DESCRIPTION(
/* description */ (''),
/* implementation_level */ '2;1');

FILE_NAME(
/* name */ 'case topcover.step',
/* time_stamp */ '2026-08-18T13:33:39+02:00',
/* author */ (''),
/* organization */ (''),
/* preprocessor_version */ 'ST-DEVELOPER v20.1',
/* originating_system */ 'Autodesk Translation Framework v15.8.0.0',
/* authorisation */ '');

FILE_SCHEMA (('AUTOMOTIVE_DESIGN { 1 0 10303 214 3 1 1 }'));
ENDSEC;

DATA;
#10=MECHANICAL_DESIGN_GEOMETRIC_PRESENTATION_REPRESENTATION('',(#45,#46),
#12224);
#11=SHAPE_REPRESENTATION_RELATIONSHIP('SRR','None',#12231,#12);
#12=ADVANCED_BREP_SHAPE_REPRESENTATION('',(#47,#48),#12223);
#13=ELLIPSE('',#8115,5.5266122953308,5.5);
#14=ELLIPSE('',#8116,5.5266122953309,5.5);
#15=ELLIPSE('',#8118,5.74748429265658,5.5);
#16=ELLIPSE('',#8120,5.74748429265804,5.5);
#17=ELLIPSE('',#8122,5.5266122953307,5.5);
#18=ELLIPSE('',#8124,5.5266122953308,5.5);
#19=ELLIPSE('',#8126,5.74748429265601,5.5);
#20=ELLIPSE('',#8128,5.74748429266142,5.5);
#21=ELLIPSE('',#8130,5.52661229532982,5.5);
#22=ELLIPSE('',#8132,5.52661229532993,5.5);
#23=ELLIPSE('',#8134,5.74748429265967,5.50000000000001);
#24=ELLIPSE('',#8136,5.74748429266055,5.5);
#25=ELLIPSE('',#8138,5.52661229532983,5.5);
#26=ELLIPSE('',#8140,5.52661229532973,5.5);
#27=ELLIPSE('',#8142,5.74748429266259,5.5);
#28=ELLIPSE('',#8144,5.74748429265485,5.5);
#29=CYLINDRICAL_SURFACE('',#8114,5.5);
#30=CYLINDRICAL_SURFACE('',#8117,5.5);
#31=CYLINDRICAL_SURFACE('',#8119,5.5);
#32=CYLINDRICAL_SURFACE('',#8121,5.5);
#33=CYLINDRICAL_SURFACE('',#8123,5.5);
#34=CYLINDRICAL_SURFACE('',#8125,5.5);
#35=CYLINDRICAL_SURFACE('',#8127,5.5);
#36=CYLINDRICAL_SURFACE('',#8129,5.5);
#37=CYLINDRICAL_SURFACE('',#8131,5.49999999999999);
#38=CYLINDRICAL_SURFACE('',#8133,5.50000000000001);
#39=CYLINDRICAL_SURFACE('',#8135,5.5);
#40=CYLINDRICAL_SURFACE('',#8137,5.5);
#41=CYLINDRICAL_SURFACE('',#8139,5.5);
#42=CYLINDRICAL_SURFACE('',#8141,5.5);
#43=CYLINDRICAL_SURFACE('',#8143,5.5);
#44=CYLINDRICAL_SURFACE('',#8145,5.5);
#45=STYLED_ITEM('',(#12240),#47);
#46=STYLED_ITEM('',(#12240),#48);
#47=MANIFOLD_SOLID_BREP('Body13',#7763);
#48=MANIFOLD_SOLID_BREP('Body14',#7764);
#49=FACE_BOUND('',#453,.T.);
#50=FACE_BOUND('',#454,.T.);
#51=FACE_BOUND('',#455,.T.);
#52=FACE_BOUND('',#456,.T.);
#53=FACE_BOUND('',#457,.T.);
#54=FACE_BOUND('',#458,.T.);
#55=FACE_BOUND('',#459,.T.);
#56=FACE_BOUND('',#460,.T.);
#57=FACE_BOUND('',#461,.T.);
#58=FACE_BOUND('',#462,.T.);
#59=FACE_BOUND('',#463,.T.);
#60=FACE_BOUND('',#464,.T.);
#61=FACE_BOUND('',#465,.T.);
#62=FACE_BOUND('',#466,.T.);
#63=FACE_BOUND('',#799,.T.);
#64=FACE_BOUND('',#800,.T.);
#65=FACE_BOUND('',#801,.T.);
#66=FACE_BOUND('',#802,.T.);
#67=FACE_BOUND('',#803,.T.);
#68=FACE_BOUND('',#804,.T.);
#69=FACE_BOUND('',#805,.T.);
#70=FACE_BOUND('',#806,.T.);
#71=FACE_BOUND('',#807,.T.);
#72=FACE_BOUND('',#808,.T.);
#73=FACE_BOUND('',#809,.T.);
#74=FACE_BOUND('',#810,.T.);
#75=FACE_BOUND('',#811,.T.);
#76=FACE_BOUND('',#812,.T.);
#77=FACE_BOUND('',#830,.T.);
#78=FACE_BOUND('',#848,.T.);
#79=FACE_OUTER_BOUND('',#449,.T.);
#80=FACE_OUTER_BOUND('',#450,.T.);
#81=FACE_OUTER_BOUND('',#451,.T.);
#82=FACE_OUTER_BOUND('',#452,.T.);
#83=FACE_OUTER_BOUND('',#467,.T.);
#84=FACE_OUTER_BOUND('',#468,.T.);
#85=FACE_OUTER_BOUND('',#469,.T.);
#86=FACE_OUTER_BOUND('',#470,.T.);
#87=FACE_OUTER_BOUND('',#471,.T.);
#88=FACE_OUTER_BOUND('',#472,.T.);
#89=FACE_OUTER_BOUND('',#473,.T.);
#90=FACE_OUTER_BOUND('',#474,.T.);
#91=FACE_OUTER_BOUND('',#475,.T.);
#92=FACE_OUTER_BOUND('',#476,.T.);
#93=FACE_OUTER_BOUND('',#477,.T.);
#94=FACE_OUTER_BOUND('',#478,.T.);
#95=FACE_OUTER_BOUND('',#479,.T.);
#96=FACE_OUTER_BOUND('',#480,.T.);
#97=FACE_OUTER_BOUND('',#481,.T.);
#98=FACE_OUTER_BOUND('',#482,.T.);
#99=FACE_OUTER_BOUND('',#483,.T.);
#100=FACE_OUTER_BOUND('',#484,.T.);
#101=FACE_OUTER_BOUND('',#485,.T.);
#102=FACE_OUTER_BOUND('',#486,.T.);
#103=FACE_OUTER_BOUND('',#487,.T.);
#104=FACE_OUTER_BOUND('',#488,.T.);
#105=FACE_OUTER_BOUND('',#489,.T.);
#106=FACE_OUTER_BOUND('',#490,.T.);
#107=FACE_OUTER_BOUND('',#491,.T.);
#108=FACE_OUTER_BOUND('',#492,.T.);
#109=FACE_OUTER_BOUND('',#493,.T.);
#110=FACE_OUTER_BOUND('',#494,.T.);
#111=FACE_OUTER_BOUND('',#495,.T.);
#112=FACE_OUTER_BOUND('',#496,.T.);
#113=FACE_OUTER_BOUND('',#497,.T.);
#114=FACE_OUTER_BOUND('',#498,.T.);
#115=FACE_OUTER_BOUND('',#499,.T.);
#116=FACE_OUTER_BOUND('',#500,.T.);
#117=FACE_OUTER_BOUND('',#501,.T.);
#118=FACE_OUTER_BOUND('',#502,.T.);
#119=FACE_OUTER_BOUND('',#503,.T.);
#120=FACE_OUTER_BOUND('',#504,.T.);
#121=FACE_OUTER_BOUND('',#505,.T.);
#122=FACE_OUTER_BOUND('',#506,.T.);
#123=FACE_OUTER_BOUND('',#507,.T.);
#124=FACE_OUTER_BOUND('',#508,.T.);
#125=FACE_OUTER_BOUND('',#509,.T.);
#126=FACE_OUTER_BOUND('',#510,.T.);
#127=FACE_OUTER_BOUND('',#511,.T.);
#128=FACE_OUTER_BOUND('',#512,.T.);
#129=FACE_OUTER_BOUND('',#513,.T.);
#130=FACE_OUTER_BOUND('',#514,.T.);
#131=FACE_OUTER_BOUND('',#515,.T.);
#132=FACE_OUTER_BOUND('',#516,.T.);
#133=FACE_OUTER_BOUND('',#517,.T.);
#134=FACE_OUTER_BOUND('',#518,.T.);
#135=FACE_OUTER_BOUND('',#519,.T.);
#136=FACE_OUTER_BOUND('',#520,.T.);
#137=FACE_OUTER_BOUND('',#521,.T.);
#138=FACE_OUTER_BOUND('',#522,.T.);
#139=FACE_OUTER_BOUND('',#523,.T.);
#140=FACE_OUTER_BOUND('',#524,.T.);
#141=FACE_OUTER_BOUND('',#525,.T.);
#142=FACE_OUTER_BOUND('',#526,.T.);
#143=FACE_OUTER_BOUND('',#527,.T.);
#144=FACE_OUTER_BOUND('',#528,.T.);
#145=FACE_OUTER_BOUND('',#529,.T.);
#146=FACE_OUTER_BOUND('',#530,.T.);
#147=FACE_OUTER_BOUND('',#531,.T.);
#148=FACE_OUTER_BOUND('',#532,.T.);
#149=FACE_OUTER_BOUND('',#533,.T.);
#150=FACE_OUTER_BOUND('',#534,.T.);
#151=FACE_OUTER_BOUND('',#535,.T.);
#152=FACE_OUTER_BOUND('',#536,.T.);
#153=FACE_OUTER_BOUND('',#537,.T.);
#154=FACE_OUTER_BOUND('',#538,.T.);
#155=FACE_OUTER_BOUND('',#539,.T.);
#156=FACE_OUTER_BOUND('',#540,.T.);
#157=FACE_OUTER_BOUND('',#541,.T.);
#158=FACE_OUTER_BOUND('',#542,.T.);
#159=FACE_OUTER_BOUND('',#543,.T.);
#160=FACE_OUTER_BOUND('',#544,.T.);
#161=FACE_OUTER_BOUND('',#545,.T.);
#162=FACE_OUTER_BOUND('',#546,.T.);
#163=FACE_OUTER_BOUND('',#547,.T.);
#164=FACE_OUTER_BOUND('',#548,.T.);
#165=FACE_OUTER_BOUND('',#549,.T.);
#166=FACE_OUTER_BOUND('',#550,.T.);
#167=FACE_OUTER_BOUND('',#551,.T.);
#168=FACE_OUTER_BOUND('',#552,.T.);
#169=FACE_OUTER_BOUND('',#553,.T.);
#170=FACE_OUTER_BOUND('',#554,.T.);
#171=FACE_OUTER_BOUND('',#555,.T.);
#172=FACE_OUTER_BOUND('',#556,.T.);
#173=FACE_OUTER_BOUND('',#557,.T.);
#174=FACE_OUTER_BOUND('',#558,.T.);
#175=FACE_OUTER_BOUND('',#559,.T.);
#176=FACE_OUTER_BOUND('',#560,.T.);
#177=FACE_OUTER_BOUND('',#561,.T.);
#178=FACE_OUTER_BOUND('',#562,.T.);
#179=FACE_OUTER_BOUND('',#563,.T.);
#180=FACE_OUTER_BOUND('',#564,.T.);
#181=FACE_OUTER_BOUND('',#565,.T.);
#182=FACE_OUTER_BOUND('',#566,.T.);
#183=FACE_OUTER_BOUND('',#567,.T.);
#184=FACE_OUTER_BOUND('',#568,.T.);
#185=FACE_OUTER_BOUND('',#569,.T.);
#186=FACE_OUTER_BOUND('',#570,.T.);
#187=FACE_OUTER_BOUND('',#571,.T.);
#188=FACE_OUTER_BOUND('',#572,.T.);
#189=FACE_OUTER_BOUND('',#573,.T.);
#190=FACE_OUTER_BOUND('',#574,.T.);
#191=FACE_OUTER_BOUND('',#575,.T.);
#192=FACE_OUTER_BOUND('',#576,.T.);
#193=FACE_OUTER_BOUND('',#577,.T.);
#194=FACE_OUTER_BOUND('',#578,.T.);
#195=FACE_OUTER_BOUND('',#579,.T.);
#196=FACE_OUTER_BOUND('',#580,.T.);
#197=FACE_OUTER_BOUND('',#581,.T.);
#198=FACE_OUTER_BOUND('',#582,.T.);
#199=FACE_OUTER_BOUND('',#583,.T.);
#200=FACE_OUTER_BOUND('',#584,.T.);
#201=FACE_OUTER_BOUND('',#585,.T.);
#202=FACE_OUTER_BOUND('',#586,.T.);
#203=FACE_OUTER_BOUND('',#587,.T.);
#204=FACE_OUTER_BOUND('',#588,.T.);
#205=FACE_OUTER_BOUND('',#589,.T.);
#206=FACE_OUTER_BOUND('',#590,.T.);
#207=FACE_OUTER_BOUND('',#591,.T.);
#208=FACE_OUTER_BOUND('',#592,.T.);
#209=FACE_OUTER_BOUND('',#593,.T.);
#210=FACE_OUTER_BOUND('',#594,.T.);
#211=FACE_OUTER_BOUND('',#595,.T.);
#212=FACE_OUTER_BOUND('',#596,.T.);
#213=FACE_OUTER_BOUND('',#597,.T.);
#214=FACE_OUTER_BOUND('',#598,.T.);
#215=FACE_OUTER_BOUND('',#599,.T.);
#216=FACE_OUTER_BOUND('',#600,.T.);
#217=FACE_OUTER_BOUND('',#601,.T.);
#218=FACE_OUTER_BOUND('',#602,.T.);
#219=FACE_OUTER_BOUND('',#603,.T.);
#220=FACE_OUTER_BOUND('',#604,.T.);
#221=FACE_OUTER_BOUND('',#605,.T.);
#222=FACE_OUTER_BOUND('',#606,.T.);
#223=FACE_OUTER_BOUND('',#607,.T.);
#224=FACE_OUTER_BOUND('',#608,.T.);
#225=FACE_OUTER_BOUND('',#609,.T.);
#226=FACE_OUTER_BOUND('',#610,.T.);
#227=FACE_OUTER_BOUND('',#611,.T.);
#228=FACE_OUTER_BOUND('',#612,.T.);
#229=FACE_OUTER_BOUND('',#613,.T.);
#230=FACE_OUTER_BOUND('',#614,.T.);
#231=FACE_OUTER_BOUND('',#615,.T.);
#232=FACE_OUTER_BOUND('',#616,.T.);
#233=FACE_OUTER_BOUND('',#617,.T.);
#234=FACE_OUTER_BOUND('',#618,.T.);
#235=FACE_OUTER_BOUND('',#619,.T.);
#236=FACE_OUTER_BOUND('',#620,.T.);
#237=FACE_OUTER_BOUND('',#621,.T.);
#238=FACE_OUTER_BOUND('',#622,.T.);
#239=FACE_OUTER_BOUND('',#623,.T.);
#240=FACE_OUTER_BOUND('',#624,.T.);
#241=FACE_OUTER_BOUND('',#625,.T.);
#242=FACE_OUTER_BOUND('',#626,.T.);
#243=FACE_OUTER_BOUND('',#627,.T.);
#244=FACE_OUTER_BOUND('',#628,.T.);
#245=FACE_OUTER_BOUND('',#629,.T.);
#246=FACE_OUTER_BOUND('',#630,.T.);
#247=FACE_OUTER_BOUND('',#631,.T.);
#248=FACE_OUTER_BOUND('',#632,.T.);
#249=FACE_OUTER_BOUND('',#633,.T.);
#250=FACE_OUTER_BOUND('',#634,.T.);
#251=FACE_OUTER_BOUND('',#635,.T.);
#252=FACE_OUTER_BOUND('',#636,.T.);
#253=FACE_OUTER_BOUND('',#637,.T.);
#254=FACE_OUTER_BOUND('',#638,.T.);
#255=FACE_OUTER_BOUND('',#639,.T.);
#256=FACE_OUTER_BOUND('',#640,.T.);
#257=FACE_OUTER_BOUND('',#641,.T.);
#258=FACE_OUTER_BOUND('',#642,.T.);
#259=FACE_OUTER_BOUND('',#643,.T.);
#260=FACE_OUTER_BOUND('',#644,.T.);
#261=FACE_OUTER_BOUND('',#645,.T.);
#262=FACE_OUTER_BOUND('',#646,.T.);
#263=FACE_OUTER_BOUND('',#647,.T.);
#264=FACE_OUTER_BOUND('',#648,.T.);
#265=FACE_OUTER_BOUND('',#649,.T.);
#266=FACE_OUTER_BOUND('',#650,.T.);
#267=FACE_OUTER_BOUND('',#651,.T.);
#268=FACE_OUTER_BOUND('',#652,.T.);
#269=FACE_OUTER_BOUND('',#653,.T.);
#270=FACE_OUTER_BOUND('',#654,.T.);
#271=FACE_OUTER_BOUND('',#655,.T.);
#272=FACE_OUTER_BOUND('',#656,.T.);
#273=FACE_OUTER_BOUND('',#657,.T.);
#274=FACE_OUTER_BOUND('',#658,.T.);
#275=FACE_OUTER_BOUND('',#659,.T.);
#276=FACE_OUTER_BOUND('',#660,.T.);
#277=FACE_OUTER_BOUND('',#661,.T.);
#278=FACE_OUTER_BOUND('',#662,.T.);
#279=FACE_OUTER_BOUND('',#663,.T.);
#280=FACE_OUTER_BOUND('',#664,.T.);
#281=FACE_OUTER_BOUND('',#665,.T.);
#282=FACE_OUTER_BOUND('',#666,.T.);
#283=FACE_OUTER_BOUND('',#667,.T.);
#284=FACE_OUTER_BOUND('',#668,.T.);
#285=FACE_OUTER_BOUND('',#669,.T.);
#286=FACE_OUTER_BOUND('',#670,.T.);
#287=FACE_OUTER_BOUND('',#671,.T.);
#288=FACE_OUTER_BOUND('',#672,.T.);
#289=FACE_OUTER_BOUND('',#673,.T.);
#290=FACE_OUTER_BOUND('',#674,.T.);
#291=FACE_OUTER_BOUND('',#675,.T.);
#292=FACE_OUTER_BOUND('',#676,.T.);
#293=FACE_OUTER_BOUND('',#677,.T.);
#294=FACE_OUTER_BOUND('',#678,.T.);
#295=FACE_OUTER_BOUND('',#679,.T.);
#296=FACE_OUTER_BOUND('',#680,.T.);
#297=FACE_OUTER_BOUND('',#681,.T.);
#298=FACE_OUTER_BOUND('',#682,.T.);
#299=FACE_OUTER_BOUND('',#683,.T.);
#300=FACE_OUTER_BOUND('',#684,.T.);
#301=FACE_OUTER_BOUND('',#685,.T.);
#302=FACE_OUTER_BOUND('',#686,.T.);
#303=FACE_OUTER_BOUND('',#687,.T.);
#304=FACE_OUTER_BOUND('',#688,.T.);
#305=FACE_OUTER_BOUND('',#689,.T.);
#306=FACE_OUTER_BOUND('',#690,.T.);
#307=FACE_OUTER_BOUND('',#691,.T.);
#308=FACE_OUTER_BOUND('',#692,.T.);
#309=FACE_OUTER_BOUND('',#693,.T.);
#310=FACE_OUTER_BOUND('',#694,.T.);
#311=FACE_OUTER_BOUND('',#695,.T.);
#312=FACE_OUTER_BOUND('',#696,.T.);
#313=FACE_OUTER_BOUND('',#697,.T.);
#314=FACE_OUTER_BOUND('',#698,.T.);
#315=FACE_OUTER_BOUND('',#699,.T.);
#316=FACE_OUTER_BOUND('',#700,.T.);
#317=FACE_OUTER_BOUND('',#701,.T.);
#318=FACE_OUTER_BOUND('',#702,.T.);
#319=FACE_OUTER_BOUND('',#703,.T.);
#320=FACE_OUTER_BOUND('',#704,.T.);
#321=FACE_OUTER_BOUND('',#705,.T.);
#322=FACE_OUTER_BOUND('',#706,.T.);
#323=FACE_OUTER_BOUND('',#707,.T.);
#324=FACE_OUTER_BOUND('',#708,.T.);
#325=FACE_OUTER_BOUND('',#709,.T.);
#326=FACE_OUTER_BOUND('',#710,.T.);
#327=FACE_OUTER_BOUND('',#711,.T.);
#328=FACE_OUTER_BOUND('',#712,.T.);
#329=FACE_OUTER_BOUND('',#713,.T.);
#330=FACE_OUTER_BOUND('',#714,.T.);
#331=FACE_OUTER_BOUND('',#715,.T.);
#332=FACE_OUTER_BOUND('',#716,.T.);
#333=FACE_OUTER_BOUND('',#717,.T.);
#334=FACE_OUTER_BOUND('',#718,.T.);
#335=FACE_OUTER_BOUND('',#719,.T.);
#336=FACE_OUTER_BOUND('',#720,.T.);
#337=FACE_OUTER_BOUND('',#721,.T.);
#338=FACE_OUTER_BOUND('',#722,.T.);
#339=FACE_OUTER_BOUND('',#723,.T.);
#340=FACE_OUTER_BOUND('',#724,.T.);
#341=FACE_OUTER_BOUND('',#725,.T.);
#342=FACE_OUTER_BOUND('',#726,.T.);
#343=FACE_OUTER_BOUND('',#727,.T.);
#344=FACE_OUTER_BOUND('',#728,.T.);
#345=FACE_OUTER_BOUND('',#729,.T.);
#346=FACE_OUTER_BOUND('',#730,.T.);
#347=FACE_OUTER_BOUND('',#731,.T.);
#348=FACE_OUTER_BOUND('',#732,.T.);
#349=FACE_OUTER_BOUND('',#733,.T.);
#350=FACE_OUTER_BOUND('',#734,.T.);
#351=FACE_OUTER_BOUND('',#735,.T.);
#352=FACE_OUTER_BOUND('',#736,.T.);
#353=FACE_OUTER_BOUND('',#737,.T.);
#354=FACE_OUTER_BOUND('',#738,.T.);
#355=FACE_OUTER_BOUND('',#739,.T.);
#356=FACE_OUTER_BOUND('',#740,.T.);
#357=FACE_OUTER_BOUND('',#741,.T.);
#358=FACE_OUTER_BOUND('',#742,.T.);
#359=FACE_OUTER_BOUND('',#743,.T.);
#360=FACE_OUTER_BOUND('',#744,.T.);
#361=FACE_OUTER_BOUND('',#745,.T.);
#362=FACE_OUTER_BOUND('',#746,.T.);
#363=FACE_OUTER_BOUND('',#747,.T.);
#364=FACE_OUTER_BOUND('',#748,.T.);
#365=FACE_OUTER_BOUND('',#749,.T.);
#366=FACE_OUTER_BOUND('',#750,.T.);
#367=FACE_OUTER_BOUND('',#751,.T.);
#368=FACE_OUTER_BOUND('',#752,.T.);
#369=FACE_OUTER_BOUND('',#753,.T.);
#370=FACE_OUTER_BOUND('',#754,.T.);
#371=FACE_OUTER_BOUND('',#755,.T.);
#372=FACE_OUTER_BOUND('',#756,.T.);
#373=FACE_OUTER_BOUND('',#757,.T.);
#374=FACE_OUTER_BOUND('',#758,.T.);
#375=FACE_OUTER_BOUND('',#759,.T.);
#376=FACE_OUTER_BOUND('',#760,.T.);
#377=FACE_OUTER_BOUND('',#761,.T.);
#378=FACE_OUTER_BOUND('',#762,.T.);
#379=FACE_OUTER_BOUND('',#763,.T.);
#380=FACE_OUTER_BOUND('',#764,.T.);
#381=FACE_OUTER_BOUND('',#765,.T.);
#382=FACE_OUTER_BOUND('',#766,.T.);
#383=FACE_OUTER_BOUND('',#767,.T.);
#384=FACE_OUTER_BOUND('',#768,.T.);
#385=FACE_OUTER_BOUND('',#769,.T.);
#386=FACE_OUTER_BOUND('',#770,.T.);
#387=FACE_OUTER_BOUND('',#771,.T.);
#388=FACE_OUTER_BOUND('',#772,.T.);
#389=FACE_OUTER_BOUND('',#773,.T.);
#390=FACE_OUTER_BOUND('',#774,.T.);
#391=FACE_OUTER_BOUND('',#775,.T.);
#392=FACE_OUTER_BOUND('',#776,.T.);
#393=FACE_OUTER_BOUND('',#777,.T.);
#394=FACE_OUTER_BOUND('',#778,.T.);
#395=FACE_OUTER_BOUND('',#779,.T.);
#396=FACE_OUTER_BOUND('',#780,.T.);
#397=FACE_OUTER_BOUND('',#781,.T.);
#398=FACE_OUTER_BOUND('',#782,.T.);
#399=FACE_OUTER_BOUND('',#783,.T.);
#400=FACE_OUTER_BOUND('',#784,.T.);
#401=FACE_OUTER_BOUND('',#785,.T.);
#402=FACE_OUTER_BOUND('',#786,.T.);
#403=FACE_OUTER_BOUND('',#787,.T.);
#404=FACE_OUTER_BOUND('',#788,.T.);
#405=FACE_OUTER_BOUND('',#789,.T.);
#406=FACE_OUTER_BOUND('',#790,.T.);
#407=FACE_OUTER_BOUND('',#791,.T.);
#408=FACE_OUTER_BOUND('',#792,.T.);
#409=FACE_OUTER_BOUND('',#793,.T.);
#410=FACE_OUTER_BOUND('',#794,.T.);
#411=FACE_OUTER_BOUND('',#795,.T.);
#412=FACE_OUTER_BOUND('',#796,.T.);
#413=FACE_OUTER_BOUND('',#797,.T.);
#414=FACE_OUTER_BOUND('',#798,.T.);
#415=FACE_OUTER_BOUND('',#813,.T.);
#416=FACE_OUTER_BOUND('',#814,.T.);
#417=FACE_OUTER_BOUND('',#815,.T.);
#418=FACE_OUTER_BOUND('',#816,.T.);
#419=FACE_OUTER_BOUND('',#817,.T.);
#420=FACE_OUTER_BOUND('',#818,.T.);
#421=FACE_OUTER_BOUND('',#819,.T.);
#422=FACE_OUTER_BOUND('',#820,.T.);
#423=FACE_OUTER_BOUND('',#821,.T.);
#424=FACE_OUTER_BOUND('',#822,.T.);
#425=FACE_OUTER_BOUND('',#823,.T.);
#426=FACE_OUTER_BOUND('',#824,.T.);
#427=FACE_OUTER_BOUND('',#825,.T.);
#428=FACE_OUTER_BOUND('',#826,.T.);
#429=FACE_OUTER_BOUND('',#827,.T.);
#430=FACE_OUTER_BOUND('',#828,.T.);
#431=FACE_OUTER_BOUND('',#829,.T.);
#432=FACE_OUTER_BOUND('',#831,.T.);
#433=FACE_OUTER_BOUND('',#832,.T.);
#434=FACE_OUTER_BOUND('',#833,.T.);
#435=FACE_OUTER_BOUND('',#834,.T.);
#436=FACE_OUTER_BOUND('',#835,.T.);
#437=FACE_OUTER_BOUND('',#836,.T.);
#438=FACE_OUTER_BOUND('',#837,.T.);
#439=FACE_OUTER_BOUND('',#838,.T.);
#440=FACE_OUTER_BOUND('',#839,.T.);
#441=FACE_OUTER_BOUND('',#840,.T.);
#442=FACE_OUTER_BOUND('',#841,.T.);
#443=FACE_OUTER_BOUND('',#842,.T.);
#444=FACE_OUTER_BOUND('',#843,.T.);
#445=FACE_OUTER_BOUND('',#844,.T.);
#446=FACE_OUTER_BOUND('',#845,.T.);
#447=FACE_OUTER_BOUND('',#846,.T.);
#448=FACE_OUTER_BOUND('',#847,.T.);
#449=EDGE_LOOP('',(#4843,#4844,#4845,#4846));
#450=EDGE_LOOP('',(#4847,#4848,#4849,#4850));
#451=EDGE_LOOP('',(#4851,#4852,#4853,#4854));
#452=EDGE_LOOP('',(#4855,#4856,#4857,#4858,#4859,#4860,#4861,#4862));
#453=EDGE_LOOP('',(#4863,#4864,#4865,#4866,#4867,#4868,#4869,#4870,#4871,
#4872,#4873,#4874,#4875,#4876,#4877,#4878));
#454=EDGE_LOOP('',(#4879,#4880,#4881,#4882,#4883,#4884,#4885,#4886,#4887,
#4888,#4889,#4890,#4891,#4892,#4893,#4894));
#455=EDGE_LOOP('',(#4895,#4896,#4897,#4898,#4899,#4900,#4901,#4902,#4903,
#4904,#4905,#4906,#4907,#4908,#4909,#4910));
#456=EDGE_LOOP('',(#4911,#4912,#4913,#4914,#4915,#4916,#4917,#4918,#4919,
#4920,#4921,#4922,#4923,#4924,#4925,#4926,#4927,#4928,#4929,#4930,#4931,
#4932,#4933,#4934,#4935,#4936,#4937,#4938,#4939,#4940,#4941,#4942,#4943,
#4944));
#457=EDGE_LOOP('',(#4945,#4946,#4947,#4948,#4949,#4950,#4951,#4952,#4953,
#4954,#4955,#4956,#4957,#4958,#4959,#4960));
#458=EDGE_LOOP('',(#4961,#4962,#4963,#4964,#4965,#4966,#4967,#4968,#4969,
#4970,#4971,#4972,#4973,#4974,#4975,#4976,#4977,#4978,#4979,#4980,#4981,
#4982,#4983,#4984,#4985,#4986,#4987,#4988,#4989,#4990,#4991,#4992,#4993,
#4994,#4995,#4996,#4997,#4998,#4999,#5000,#5001,#5002,#5003,#5004,#5005,
#5006,#5007,#5008,#5009,#5010,#5011,#5012,#5013,#5014,#5015,#5016,#5017,
#5018,#5019,#5020,#5021,#5022,#5023,#5024));
#459=EDGE_LOOP('',(#5025,#5026,#5027,#5028,#5029,#5030,#5031,#5032,#5033,
#5034,#5035,#5036,#5037,#5038,#5039,#5040,#5041,#5042,#5043,#5044,#5045,
#5046,#5047,#5048,#5049,#5050,#5051,#5052,#5053,#5054,#5055,#5056,#5057,
#5058,#5059,#5060,#5061));
#460=EDGE_LOOP('',(#5062,#5063,#5064,#5065,#5066,#5067,#5068,#5069,#5070,
#5071,#5072,#5073,#5074,#5075,#5076,#5077));
#461=EDGE_LOOP('',(#5078,#5079,#5080,#5081,#5082,#5083,#5084,#5085,#5086,
#5087,#5088,#5089,#5090,#5091,#5092,#5093));
#462=EDGE_LOOP('',(#5094,#5095,#5096,#5097,#5098,#5099,#5100,#5101,#5102,
#5103,#5104,#5105,#5106,#5107,#5108,#5109,#5110,#5111,#5112,#5113,#5114,
#5115,#5116,#5117,#5118,#5119,#5120));
#463=EDGE_LOOP('',(#5121,#5122,#5123,#5124,#5125,#5126,#5127,#5128,#5129,
#5130,#5131,#5132,#5133,#5134,#5135,#5136,#5137,#5138,#5139,#5140));
#464=EDGE_LOOP('',(#5141,#5142,#5143,#5144,#5145,#5146,#5147,#5148,#5149,
#5150,#5151,#5152,#5153,#5154,#5155,#5156));
#465=EDGE_LOOP('',(#5157,#5158,#5159,#5160,#5161,#5162,#5163,#5164,#5165,
#5166,#5167,#5168,#5169,#5170,#5171,#5172));
#466=EDGE_LOOP('',(#5173,#5174,#5175,#5176,#5177,#5178,#5179,#5180,#5181,
#5182,#5183,#5184,#5185,#5186,#5187,#5188));
#467=EDGE_LOOP('',(#5189,#5190,#5191,#5192));
#468=EDGE_LOOP('',(#5193,#5194,#5195,#5196));
#469=EDGE_LOOP('',(#5197,#5198,#5199,#5200));
#470=EDGE_LOOP('',(#5201,#5202,#5203,#5204));
#471=EDGE_LOOP('',(#5205,#5206,#5207,#5208));
#472=EDGE_LOOP('',(#5209,#5210,#5211,#5212));
#473=EDGE_LOOP('',(#5213,#5214,#5215,#5216));
#474=EDGE_LOOP('',(#5217,#5218,#5219,#5220));
#475=EDGE_LOOP('',(#5221,#5222,#5223,#5224));
#476=EDGE_LOOP('',(#5225,#5226,#5227,#5228));
#477=EDGE_LOOP('',(#5229,#5230,#5231,#5232));
#478=EDGE_LOOP('',(#5233,#5234,#5235,#5236));
#479=EDGE_LOOP('',(#5237,#5238,#5239,#5240));
#480=EDGE_LOOP('',(#5241,#5242,#5243,#5244));
#481=EDGE_LOOP('',(#5245,#5246,#5247,#5248));
#482=EDGE_LOOP('',(#5249,#5250,#5251,#5252));
#483=EDGE_LOOP('',(#5253,#5254,#5255,#5256));
#484=EDGE_LOOP('',(#5257,#5258,#5259,#5260));
#485=EDGE_LOOP('',(#5261,#5262,#5263,#5264));
#486=EDGE_LOOP('',(#5265,#5266,#5267,#5268));
#487=EDGE_LOOP('',(#5269,#5270,#5271,#5272));
#488=EDGE_LOOP('',(#5273,#5274,#5275,#5276));
#489=EDGE_LOOP('',(#5277,#5278,#5279,#5280));
#490=EDGE_LOOP('',(#5281,#5282,#5283,#5284));
#491=EDGE_LOOP('',(#5285,#5286,#5287,#5288));
#492=EDGE_LOOP('',(#5289,#5290,#5291,#5292));
#493=EDGE_LOOP('',(#5293,#5294,#5295,#5296));
#494=EDGE_LOOP('',(#5297,#5298,#5299,#5300));
#495=EDGE_LOOP('',(#5301,#5302,#5303,#5304));
#496=EDGE_LOOP('',(#5305,#5306,#5307,#5308));
#497=EDGE_LOOP('',(#5309,#5310,#5311,#5312));
#498=EDGE_LOOP('',(#5313,#5314,#5315,#5316));
#499=EDGE_LOOP('',(#5317,#5318,#5319,#5320));
#500=EDGE_LOOP('',(#5321,#5322,#5323,#5324));
#501=EDGE_LOOP('',(#5325,#5326,#5327,#5328));
#502=EDGE_LOOP('',(#5329,#5330,#5331,#5332));
#503=EDGE_LOOP('',(#5333,#5334,#5335,#5336));
#504=EDGE_LOOP('',(#5337,#5338,#5339,#5340));
#505=EDGE_LOOP('',(#5341,#5342,#5343,#5344));
#506=EDGE_LOOP('',(#5345,#5346,#5347,#5348));
#507=EDGE_LOOP('',(#5349,#5350,#5351,#5352));
#508=EDGE_LOOP('',(#5353,#5354,#5355,#5356));
#509=EDGE_LOOP('',(#5357,#5358,#5359,#5360));
#510=EDGE_LOOP('',(#5361,#5362,#5363,#5364));
#511=EDGE_LOOP('',(#5365,#5366,#5367,#5368));
#512=EDGE_LOOP('',(#5369,#5370,#5371,#5372));
#513=EDGE_LOOP('',(#5373,#5374,#5375,#5376));
#514=EDGE_LOOP('',(#5377,#5378,#5379,#5380));
#515=EDGE_LOOP('',(#5381,#5382,#5383,#5384));
#516=EDGE_LOOP('',(#5385,#5386,#5387,#5388));
#517=EDGE_LOOP('',(#5389,#5390,#5391,#5392));
#518=EDGE_LOOP('',(#5393,#5394,#5395,#5396));
#519=EDGE_LOOP('',(#5397,#5398,#5399,#5400));
#520=EDGE_LOOP('',(#5401,#5402,#5403,#5404));
#521=EDGE_LOOP('',(#5405,#5406,#5407,#5408));
#522=EDGE_LOOP('',(#5409,#5410,#5411,#5412));
#523=EDGE_LOOP('',(#5413,#5414,#5415,#5416));
#524=EDGE_LOOP('',(#5417,#5418,#5419,#5420));
#525=EDGE_LOOP('',(#5421,#5422,#5423,#5424));
#526=EDGE_LOOP('',(#5425,#5426,#5427,#5428));
#527=EDGE_LOOP('',(#5429,#5430,#5431,#5432));
#528=EDGE_LOOP('',(#5433,#5434,#5435,#5436));
#529=EDGE_LOOP('',(#5437,#5438,#5439,#5440));
#530=EDGE_LOOP('',(#5441,#5442,#5443,#5444));
#531=EDGE_LOOP('',(#5445,#5446,#5447,#5448));
#532=EDGE_LOOP('',(#5449,#5450,#5451,#5452));
#533=EDGE_LOOP('',(#5453,#5454,#5455,#5456));
#534=EDGE_LOOP('',(#5457,#5458,#5459,#5460));
#535=EDGE_LOOP('',(#5461,#5462,#5463,#5464));
#536=EDGE_LOOP('',(#5465,#5466,#5467,#5468));
#537=EDGE_LOOP('',(#5469,#5470,#5471,#5472));
#538=EDGE_LOOP('',(#5473,#5474,#5475,#5476));
#539=EDGE_LOOP('',(#5477,#5478,#5479,#5480));
#540=EDGE_LOOP('',(#5481,#5482,#5483,#5484));
#541=EDGE_LOOP('',(#5485,#5486,#5487,#5488));
#542=EDGE_LOOP('',(#5489,#5490,#5491,#5492));
#543=EDGE_LOOP('',(#5493,#5494,#5495,#5496));
#544=EDGE_LOOP('',(#5497,#5498,#5499,#5500));
#545=EDGE_LOOP('',(#5501,#5502,#5503,#5504));
#546=EDGE_LOOP('',(#5505,#5506,#5507,#5508));
#547=EDGE_LOOP('',(#5509,#5510,#5511,#5512));
#548=EDGE_LOOP('',(#5513,#5514,#5515,#5516));
#549=EDGE_LOOP('',(#5517,#5518,#5519,#5520));
#550=EDGE_LOOP('',(#5521,#5522,#5523,#5524));
#551=EDGE_LOOP('',(#5525,#5526,#5527,#5528));
#552=EDGE_LOOP('',(#5529,#5530,#5531,#5532));
#553=EDGE_LOOP('',(#5533,#5534,#5535,#5536));
#554=EDGE_LOOP('',(#5537,#5538,#5539,#5540));
#555=EDGE_LOOP('',(#5541,#5542,#5543,#5544));
#556=EDGE_LOOP('',(#5545,#5546,#5547,#5548));
#557=EDGE_LOOP('',(#5549,#5550,#5551,#5552));
#558=EDGE_LOOP('',(#5553,#5554,#5555,#5556));
#559=EDGE_LOOP('',(#5557,#5558,#5559,#5560));
#560=EDGE_LOOP('',(#5561,#5562,#5563,#5564));
#561=EDGE_LOOP('',(#5565,#5566,#5567,#5568));
#562=EDGE_LOOP('',(#5569,#5570,#5571,#5572));
#563=EDGE_LOOP('',(#5573,#5574,#5575,#5576));
#564=EDGE_LOOP('',(#5577,#5578,#5579,#5580));
#565=EDGE_LOOP('',(#5581,#5582,#5583,#5584));
#566=EDGE_LOOP('',(#5585,#5586,#5587,#5588));
#567=EDGE_LOOP('',(#5589,#5590,#5591,#5592));
#568=EDGE_LOOP('',(#5593,#5594,#5595,#5596));
#569=EDGE_LOOP('',(#5597,#5598,#5599,#5600));
#570=EDGE_LOOP('',(#5601,#5602,#5603,#5604));
#571=EDGE_LOOP('',(#5605,#5606,#5607,#5608));
#572=EDGE_LOOP('',(#5609,#5610,#5611,#5612));
#573=EDGE_LOOP('',(#5613,#5614,#5615,#5616));
#574=EDGE_LOOP('',(#5617,#5618,#5619,#5620));
#575=EDGE_LOOP('',(#5621,#5622,#5623,#5624));
#576=EDGE_LOOP('',(#5625,#5626,#5627,#5628));
#577=EDGE_LOOP('',(#5629,#5630,#5631,#5632));
#578=EDGE_LOOP('',(#5633,#5634,#5635,#5636));
#579=EDGE_LOOP('',(#5637,#5638,#5639,#5640));
#580=EDGE_LOOP('',(#5641,#5642,#5643,#5644));
#581=EDGE_LOOP('',(#5645,#5646,#5647,#5648));
#582=EDGE_LOOP('',(#5649,#5650,#5651,#5652));
#583=EDGE_LOOP('',(#5653,#5654,#5655,#5656));
#584=EDGE_LOOP('',(#5657,#5658,#5659,#5660));
#585=EDGE_LOOP('',(#5661,#5662,#5663,#5664));
#586=EDGE_LOOP('',(#5665,#5666,#5667,#5668));
#587=EDGE_LOOP('',(#5669,#5670,#5671,#5672));
#588=EDGE_LOOP('',(#5673,#5674,#5675,#5676));
#589=EDGE_LOOP('',(#5677,#5678,#5679,#5680));
#590=EDGE_LOOP('',(#5681,#5682,#5683,#5684));
#591=EDGE_LOOP('',(#5685,#5686,#5687,#5688));
#592=EDGE_LOOP('',(#5689,#5690,#5691,#5692));
#593=EDGE_LOOP('',(#5693,#5694,#5695,#5696));
#594=EDGE_LOOP('',(#5697,#5698,#5699,#5700));
#595=EDGE_LOOP('',(#5701,#5702,#5703,#5704));
#596=EDGE_LOOP('',(#5705,#5706,#5707,#5708));
#597=EDGE_LOOP('',(#5709,#5710,#5711,#5712));
#598=EDGE_LOOP('',(#5713,#5714,#5715,#5716));
#599=EDGE_LOOP('',(#5717,#5718,#5719,#5720));
#600=EDGE_LOOP('',(#5721,#5722,#5723,#5724));
#601=EDGE_LOOP('',(#5725,#5726,#5727,#5728));
#602=EDGE_LOOP('',(#5729,#5730,#5731,#5732));
#603=EDGE_LOOP('',(#5733,#5734,#5735,#5736));
#604=EDGE_LOOP('',(#5737,#5738,#5739,#5740));
#605=EDGE_LOOP('',(#5741,#5742,#5743,#5744));
#606=EDGE_LOOP('',(#5745,#5746,#5747,#5748));
#607=EDGE_LOOP('',(#5749,#5750,#5751,#5752));
#608=EDGE_LOOP('',(#5753,#5754,#5755,#5756));
#609=EDGE_LOOP('',(#5757,#5758,#5759,#5760));
#610=EDGE_LOOP('',(#5761,#5762,#5763,#5764));
#611=EDGE_LOOP('',(#5765,#5766,#5767,#5768));
#612=EDGE_LOOP('',(#5769,#5770,#5771,#5772));
#613=EDGE_LOOP('',(#5773,#5774,#5775,#5776));
#614=EDGE_LOOP('',(#5777,#5778,#5779,#5780));
#615=EDGE_LOOP('',(#5781,#5782,#5783,#5784));
#616=EDGE_LOOP('',(#5785,#5786,#5787,#5788));
#617=EDGE_LOOP('',(#5789,#5790,#5791,#5792));
#618=EDGE_LOOP('',(#5793,#5794,#5795,#5796));
#619=EDGE_LOOP('',(#5797,#5798,#5799,#5800));
#620=EDGE_LOOP('',(#5801,#5802,#5803,#5804));
#621=EDGE_LOOP('',(#5805,#5806,#5807,#5808));
#622=EDGE_LOOP('',(#5809,#5810,#5811,#5812));
#623=EDGE_LOOP('',(#5813,#5814,#5815,#5816));
#624=EDGE_LOOP('',(#5817,#5818,#5819,#5820));
#625=EDGE_LOOP('',(#5821,#5822,#5823,#5824));
#626=EDGE_LOOP('',(#5825,#5826,#5827,#5828));
#627=EDGE_LOOP('',(#5829,#5830,#5831,#5832));
#628=EDGE_LOOP('',(#5833,#5834,#5835,#5836));
#629=EDGE_LOOP('',(#5837,#5838,#5839,#5840));
#630=EDGE_LOOP('',(#5841,#5842,#5843,#5844));
#631=EDGE_LOOP('',(#5845,#5846,#5847,#5848));
#632=EDGE_LOOP('',(#5849,#5850,#5851,#5852));
#633=EDGE_LOOP('',(#5853,#5854,#5855,#5856));
#634=EDGE_LOOP('',(#5857,#5858,#5859,#5860));
#635=EDGE_LOOP('',(#5861,#5862,#5863,#5864));
#636=EDGE_LOOP('',(#5865,#5866,#5867,#5868));
#637=EDGE_LOOP('',(#5869,#5870,#5871,#5872));
#638=EDGE_LOOP('',(#5873,#5874,#5875,#5876));
#639=EDGE_LOOP('',(#5877,#5878,#5879,#5880));
#640=EDGE_LOOP('',(#5881,#5882,#5883,#5884));
#641=EDGE_LOOP('',(#5885,#5886,#5887,#5888));
#642=EDGE_LOOP('',(#5889,#5890,#5891,#5892));
#643=EDGE_LOOP('',(#5893,#5894,#5895,#5896));
#644=EDGE_LOOP('',(#5897,#5898,#5899,#5900));
#645=EDGE_LOOP('',(#5901,#5902,#5903,#5904));
#646=EDGE_LOOP('',(#5905,#5906,#5907,#5908));
#647=EDGE_LOOP('',(#5909,#5910,#5911,#5912));
#648=EDGE_LOOP('',(#5913,#5914,#5915,#5916));
#649=EDGE_LOOP('',(#5917,#5918,#5919,#5920));
#650=EDGE_LOOP('',(#5921,#5922,#5923,#5924));
#651=EDGE_LOOP('',(#5925,#5926,#5927,#5928));
#652=EDGE_LOOP('',(#5929,#5930,#5931,#5932));
#653=EDGE_LOOP('',(#5933,#5934,#5935,#5936));
#654=EDGE_LOOP('',(#5937,#5938,#5939,#5940));
#655=EDGE_LOOP('',(#5941,#5942,#5943,#5944));
#656=EDGE_LOOP('',(#5945,#5946,#5947,#5948));
#657=EDGE_LOOP('',(#5949,#5950,#5951,#5952));
#658=EDGE_LOOP('',(#5953,#5954,#5955,#5956));
#659=EDGE_LOOP('',(#5957,#5958,#5959,#5960));
#660=EDGE_LOOP('',(#5961,#5962,#5963,#5964));
#661=EDGE_LOOP('',(#5965,#5966,#5967,#5968));
#662=EDGE_LOOP('',(#5969,#5970,#5971,#5972));
#663=EDGE_LOOP('',(#5973,#5974,#5975,#5976));
#664=EDGE_LOOP('',(#5977,#5978,#5979,#5980));
#665=EDGE_LOOP('',(#5981,#5982,#5983,#5984));
#666=EDGE_LOOP('',(#5985,#5986,#5987,#5988));
#667=EDGE_LOOP('',(#5989,#5990,#5991,#5992));
#668=EDGE_LOOP('',(#5993,#5994,#5995,#5996));
#669=EDGE_LOOP('',(#5997,#5998,#5999,#6000));
#670=EDGE_LOOP('',(#6001,#6002,#6003,#6004));
#671=EDGE_LOOP('',(#6005,#6006,#6007,#6008));
#672=EDGE_LOOP('',(#6009,#6010,#6011,#6012));
#673=EDGE_LOOP('',(#6013,#6014,#6015,#6016));
#674=EDGE_LOOP('',(#6017,#6018,#6019,#6020));
#675=EDGE_LOOP('',(#6021,#6022,#6023,#6024));
#676=EDGE_LOOP('',(#6025,#6026,#6027,#6028));
#677=EDGE_LOOP('',(#6029,#6030,#6031,#6032));
#678=EDGE_LOOP('',(#6033,#6034,#6035,#6036));
#679=EDGE_LOOP('',(#6037,#6038,#6039,#6040));
#680=EDGE_LOOP('',(#6041,#6042,#6043,#6044));
#681=EDGE_LOOP('',(#6045,#6046,#6047,#6048));
#682=EDGE_LOOP('',(#6049,#6050,#6051,#6052));
#683=EDGE_LOOP('',(#6053,#6054,#6055,#6056));
#684=EDGE_LOOP('',(#6057,#6058,#6059,#6060));
#685=EDGE_LOOP('',(#6061,#6062,#6063,#6064));
#686=EDGE_LOOP('',(#6065,#6066,#6067,#6068));
#687=EDGE_LOOP('',(#6069,#6070,#6071,#6072));
#688=EDGE_LOOP('',(#6073,#6074,#6075,#6076));
#689=EDGE_LOOP('',(#6077,#6078,#6079,#6080));
#690=EDGE_LOOP('',(#6081,#6082,#6083,#6084));
#691=EDGE_LOOP('',(#6085,#6086,#6087,#6088));
#692=EDGE_LOOP('',(#6089,#6090,#6091,#6092));
#693=EDGE_LOOP('',(#6093,#6094,#6095,#6096));
#694=EDGE_LOOP('',(#6097,#6098,#6099,#6100));
#695=EDGE_LOOP('',(#6101,#6102,#6103,#6104));
#696=EDGE_LOOP('',(#6105,#6106,#6107,#6108));
#697=EDGE_LOOP('',(#6109,#6110,#6111,#6112));
#698=EDGE_LOOP('',(#6113,#6114,#6115,#6116));
#699=EDGE_LOOP('',(#6117,#6118,#6119,#6120));
#700=EDGE_LOOP('',(#6121,#6122,#6123,#6124));
#701=EDGE_LOOP('',(#6125,#6126,#6127,#6128));
#702=EDGE_LOOP('',(#6129,#6130,#6131,#6132));
#703=EDGE_LOOP('',(#6133,#6134,#6135,#6136));
#704=EDGE_LOOP('',(#6137,#6138,#6139,#6140));
#705=EDGE_LOOP('',(#6141,#6142,#6143,#6144));
#706=EDGE_LOOP('',(#6145,#6146,#6147,#6148));
#707=EDGE_LOOP('',(#6149,#6150,#6151,#6152));
#708=EDGE_LOOP('',(#6153,#6154,#6155,#6156));
#709=EDGE_LOOP('',(#6157,#6158,#6159,#6160));
#710=EDGE_LOOP('',(#6161,#6162,#6163,#6164));
#711=EDGE_LOOP('',(#6165,#6166,#6167,#6168));
#712=EDGE_LOOP('',(#6169,#6170,#6171,#6172));
#713=EDGE_LOOP('',(#6173,#6174,#6175,#6176));
#714=EDGE_LOOP('',(#6177,#6178,#6179,#6180));
#715=EDGE_LOOP('',(#6181,#6182,#6183,#6184));
#716=EDGE_LOOP('',(#6185,#6186,#6187,#6188));
#717=EDGE_LOOP('',(#6189,#6190,#6191,#6192));
#718=EDGE_LOOP('',(#6193,#6194,#6195,#6196));
#719=EDGE_LOOP('',(#6197,#6198,#6199,#6200));
#720=EDGE_LOOP('',(#6201,#6202,#6203,#6204));
#721=EDGE_LOOP('',(#6205,#6206,#6207,#6208));
#722=EDGE_LOOP('',(#6209,#6210,#6211,#6212));
#723=EDGE_LOOP('',(#6213,#6214,#6215,#6216));
#724=EDGE_LOOP('',(#6217,#6218,#6219,#6220));
#725=EDGE_LOOP('',(#6221,#6222,#6223,#6224));
#726=EDGE_LOOP('',(#6225,#6226,#6227,#6228));
#727=EDGE_LOOP('',(#6229,#6230,#6231,#6232));
#728=EDGE_LOOP('',(#6233,#6234,#6235,#6236));
#729=EDGE_LOOP('',(#6237,#6238,#6239,#6240));
#730=EDGE_LOOP('',(#6241,#6242,#6243,#6244));
#731=EDGE_LOOP('',(#6245,#6246,#6247,#6248));
#732=EDGE_LOOP('',(#6249,#6250,#6251,#6252));
#733=EDGE_LOOP('',(#6253,#6254,#6255,#6256));
#734=EDGE_LOOP('',(#6257,#6258,#6259,#6260));
#735=EDGE_LOOP('',(#6261,#6262,#6263,#6264));
#736=EDGE_LOOP('',(#6265,#6266,#6267,#6268));
#737=EDGE_LOOP('',(#6269,#6270,#6271,#6272));
#738=EDGE_LOOP('',(#6273,#6274,#6275,#6276));
#739=EDGE_LOOP('',(#6277,#6278,#6279,#6280));
#740=EDGE_LOOP('',(#6281,#6282,#6283,#6284));
#741=EDGE_LOOP('',(#6285,#6286,#6287,#6288));
#742=EDGE_LOOP('',(#6289,#6290,#6291,#6292));
#743=EDGE_LOOP('',(#6293,#6294,#6295,#6296));
#744=EDGE_LOOP('',(#6297,#6298,#6299,#6300));
#745=EDGE_LOOP('',(#6301,#6302,#6303,#6304));
#746=EDGE_LOOP('',(#6305,#6306,#6307,#6308));
#747=EDGE_LOOP('',(#6309,#6310,#6311,#6312));
#748=EDGE_LOOP('',(#6313,#6314,#6315,#6316));
#749=EDGE_LOOP('',(#6317,#6318,#6319,#6320));
#750=EDGE_LOOP('',(#6321,#6322,#6323,#6324));
#751=EDGE_LOOP('',(#6325,#6326,#6327,#6328));
#752=EDGE_LOOP('',(#6329,#6330,#6331,#6332));
#753=EDGE_LOOP('',(#6333,#6334,#6335,#6336));
#754=EDGE_LOOP('',(#6337,#6338,#6339,#6340));
#755=EDGE_LOOP('',(#6341,#6342,#6343,#6344));
#756=EDGE_LOOP('',(#6345,#6346,#6347,#6348));
#757=EDGE_LOOP('',(#6349,#6350,#6351,#6352));
#758=EDGE_LOOP('',(#6353,#6354,#6355,#6356));
#759=EDGE_LOOP('',(#6357,#6358,#6359,#6360));
#760=EDGE_LOOP('',(#6361,#6362,#6363,#6364));
#761=EDGE_LOOP('',(#6365,#6366,#6367,#6368));
#762=EDGE_LOOP('',(#6369,#6370,#6371,#6372));
#763=EDGE_LOOP('',(#6373,#6374,#6375,#6376));
#764=EDGE_LOOP('',(#6377,#6378,#6379,#6380));
#765=EDGE_LOOP('',(#6381,#6382,#6383,#6384));
#766=EDGE_LOOP('',(#6385,#6386,#6387,#6388));
#767=EDGE_LOOP('',(#6389,#6390,#6391,#6392));
#768=EDGE_LOOP('',(#6393,#6394,#6395,#6396));
#769=EDGE_LOOP('',(#6397,#6398,#6399,#6400));
#770=EDGE_LOOP('',(#6401,#6402,#6403,#6404));
#771=EDGE_LOOP('',(#6405,#6406,#6407,#6408));
#772=EDGE_LOOP('',(#6409,#6410,#6411,#6412));
#773=EDGE_LOOP('',(#6413,#6414,#6415,#6416));
#774=EDGE_LOOP('',(#6417,#6418,#6419,#6420));
#775=EDGE_LOOP('',(#6421,#6422,#6423,#6424));
#776=EDGE_LOOP('',(#6425,#6426,#6427,#6428));
#777=EDGE_LOOP('',(#6429,#6430,#6431,#6432));
#778=EDGE_LOOP('',(#6433,#6434,#6435,#6436));
#779=EDGE_LOOP('',(#6437,#6438,#6439,#6440));
#780=EDGE_LOOP('',(#6441,#6442,#6443,#6444));
#781=EDGE_LOOP('',(#6445,#6446,#6447,#6448));
#782=EDGE_LOOP('',(#6449,#6450,#6451,#6452));
#783=EDGE_LOOP('',(#6453,#6454,#6455,#6456));
#784=EDGE_LOOP('',(#6457,#6458,#6459,#6460));
#785=EDGE_LOOP('',(#6461,#6462,#6463,#6464));
#786=EDGE_LOOP('',(#6465,#6466,#6467,#6468));
#787=EDGE_LOOP('',(#6469,#6470,#6471,#6472));
#788=EDGE_LOOP('',(#6473,#6474,#6475,#6476));
#789=EDGE_LOOP('',(#6477,#6478,#6479,#6480));
#790=EDGE_LOOP('',(#6481,#6482,#6483,#6484));
#791=EDGE_LOOP('',(#6485,#6486,#6487,#6488));
#792=EDGE_LOOP('',(#6489,#6490,#6491,#6492));
#793=EDGE_LOOP('',(#6493,#6494,#6495,#6496));
#794=EDGE_LOOP('',(#6497,#6498,#6499,#6500));
#795=EDGE_LOOP('',(#6501,#6502,#6503,#6504));
#796=EDGE_LOOP('',(#6505,#6506,#6507,#6508));
#797=EDGE_LOOP('',(#6509,#6510,#6511,#6512));
#798=EDGE_LOOP('',(#6513,#6514,#6515,#6516,#6517,#6518,#6519,#6520));
#799=EDGE_LOOP('',(#6521,#6522,#6523,#6524,#6525,#6526,#6527,#6528,#6529,
#6530,#6531,#6532,#6533,#6534,#6535,#6536));
#800=EDGE_LOOP('',(#6537,#6538,#6539,#6540,#6541,#6542,#6543,#6544,#6545,
#6546,#6547,#6548,#6549,#6550,#6551,#6552));
#801=EDGE_LOOP('',(#6553,#6554,#6555,#6556,#6557,#6558,#6559,#6560,#6561,
#6562,#6563,#6564,#6565,#6566,#6567,#6568));
#802=EDGE_LOOP('',(#6569,#6570,#6571,#6572,#6573,#6574,#6575,#6576,#6577,
#6578,#6579,#6580,#6581,#6582,#6583,#6584,#6585,#6586,#6587,#6588,#6589,
#6590,#6591,#6592,#6593,#6594,#6595,#6596,#6597,#6598,#6599,#6600,#6601,
#6602));
#803=EDGE_LOOP('',(#6603,#6604,#6605,#6606,#6607,#6608,#6609,#6610,#6611,
#6612,#6613,#6614,#6615,#6616,#6617,#6618));
#804=EDGE_LOOP('',(#6619,#6620,#6621,#6622,#6623,#6624,#6625,#6626,#6627,
#6628,#6629,#6630,#6631,#6632,#6633,#6634,#6635,#6636,#6637,#6638,#6639,
#6640,#6641,#6642,#6643,#6644,#6645,#6646,#6647,#6648,#6649,#6650,#6651,
#6652,#6653,#6654,#6655,#6656,#6657,#6658,#6659,#6660,#6661,#6662,#6663,
#6664,#6665,#6666,#6667,#6668,#6669,#6670,#6671,#6672,#6673,#6674,#6675,
#6676,#6677,#6678,#6679,#6680,#6681,#6682));
#805=EDGE_LOOP('',(#6683,#6684,#6685,#6686,#6687,#6688,#6689,#6690,#6691,
#6692,#6693,#6694,#6695,#6696,#6697,#6698,#6699,#6700,#6701,#6702,#6703,
#6704,#6705,#6706,#6707,#6708,#6709,#6710,#6711,#6712,#6713,#6714,#6715,
#6716,#6717,#6718,#6719));
#806=EDGE_LOOP('',(#6720,#6721,#6722,#6723,#6724,#6725,#6726,#6727,#6728,
#6729,#6730,#6731,#6732,#6733,#6734,#6735));
#807=EDGE_LOOP('',(#6736,#6737,#6738,#6739,#6740,#6741,#6742,#6743,#6744,
#6745,#6746,#6747,#6748,#6749,#6750,#6751));
#808=EDGE_LOOP('',(#6752,#6753,#6754,#6755,#6756,#6757,#6758,#6759,#6760,
#6761,#6762,#6763,#6764,#6765,#6766,#6767,#6768,#6769,#6770,#6771,#6772,
#6773,#6774,#6775,#6776,#6777,#6778));
#809=EDGE_LOOP('',(#6779,#6780,#6781,#6782,#6783,#6784,#6785,#6786,#6787,
#6788,#6789,#6790,#6791,#6792,#6793,#6794,#6795,#6796,#6797,#6798));
#810=EDGE_LOOP('',(#6799,#6800,#6801,#6802,#6803,#6804,#6805,#6806,#6807,
#6808,#6809,#6810,#6811,#6812,#6813,#6814));
#811=EDGE_LOOP('',(#6815,#6816,#6817,#6818,#6819,#6820,#6821,#6822,#6823,
#6824,#6825,#6826,#6827,#6828,#6829,#6830));
#812=EDGE_LOOP('',(#6831,#6832,#6833,#6834,#6835,#6836,#6837,#6838,#6839,
#6840,#6841,#6842,#6843,#6844,#6845,#6846));
#813=EDGE_LOOP('',(#6847,#6848,#6849,#6850));
#814=EDGE_LOOP('',(#6851,#6852,#6853,#6854));
#815=EDGE_LOOP('',(#6855,#6856,#6857,#6858));
#816=EDGE_LOOP('',(#6859,#6860,#6861,#6862));
#817=EDGE_LOOP('',(#6863,#6864,#6865,#6866));
#818=EDGE_LOOP('',(#6867,#6868,#6869,#6870));
#819=EDGE_LOOP('',(#6871,#6872,#6873,#6874));
#820=EDGE_LOOP('',(#6875,#6876,#6877,#6878));
#821=EDGE_LOOP('',(#6879,#6880,#6881,#6882));
#822=EDGE_LOOP('',(#6883,#6884,#6885,#6886));
#823=EDGE_LOOP('',(#6887,#6888,#6889,#6890));
#824=EDGE_LOOP('',(#6891,#6892,#6893,#6894));
#825=EDGE_LOOP('',(#6895,#6896,#6897,#6898));
#826=EDGE_LOOP('',(#6899,#6900,#6901,#6902));
#827=EDGE_LOOP('',(#6903,#6904,#6905,#6906));
#828=EDGE_LOOP('',(#6907,#6908,#6909,#6910));
#829=EDGE_LOOP('',(#6911,#6912,#6913,#6914,#6915,#6916,#6917,#6918,#6919,
#6920,#6921,#6922,#6923,#6924,#6925,#6926));
#830=EDGE_LOOP('',(#6927,#6928,#6929,#6930,#6931,#6932,#6933,#6934,#6935,
#6936,#6937,#6938,#6939,#6940,#6941,#6942));
#831=EDGE_LOOP('',(#6943,#6944,#6945,#6946));
#832=EDGE_LOOP('',(#6947,#6948,#6949,#6950));
#833=EDGE_LOOP('',(#6951,#6952,#6953,#6954));
#834=EDGE_LOOP('',(#6955,#6956,#6957,#6958));
#835=EDGE_LOOP('',(#6959,#6960,#6961,#6962));
#836=EDGE_LOOP('',(#6963,#6964,#6965,#6966));
#837=EDGE_LOOP('',(#6967,#6968,#6969,#6970));
#838=EDGE_LOOP('',(#6971,#6972,#6973,#6974));
#839=EDGE_LOOP('',(#6975,#6976,#6977,#6978));
#840=EDGE_LOOP('',(#6979,#6980,#6981,#6982));
#841=EDGE_LOOP('',(#6983,#6984,#6985,#6986));
#842=EDGE_LOOP('',(#6987,#6988,#6989,#6990));
#843=EDGE_LOOP('',(#6991,#6992,#6993,#6994));
#844=EDGE_LOOP('',(#6995,#6996,#6997,#6998));
#845=EDGE_LOOP('',(#6999,#7000,#7001,#7002));
#846=EDGE_LOOP('',(#7003,#7004,#7005,#7006));
#847=EDGE_LOOP('',(#7007,#7008,#7009,#7010,#7011,#7012,#7013,#7014,#7015,
#7016,#7017,#7018,#7019,#7020,#7021,#7022));
#848=EDGE_LOOP('',(#7023,#7024,#7025,#7026,#7027,#7028,#7029,#7030,#7031,
#7032,#7033,#7034,#7035,#7036,#7037,#7038));
#849=LINE('',#10024,#1931);
#850=LINE('',#10026,#1932);
#851=LINE('',#10028,#1933);
#852=LINE('',#10029,#1934);
#853=LINE('',#10033,#1935);
#854=LINE('',#10035,#1936);
#855=LINE('',#10037,#1937);
#856=LINE('',#10038,#1938);
#857=LINE('',#10040,#1939);
#858=LINE('',#10041,#1940);
#859=LINE('',#10044,#1941);
#860=LINE('',#10046,#1942);
#861=LINE('',#10048,#1943);
#862=LINE('',#10050,#1944);
#863=LINE('',#10051,#1945);
#864=LINE('',#10054,#1946);
#865=LINE('',#10056,#1947);
#866=LINE('',#10058,#1948);
#867=LINE('',#10060,#1949);
#868=LINE('',#10062,#1950);
#869=LINE('',#10064,#1951);
#870=LINE('',#10066,#1952);
#871=LINE('',#10068,#1953);
#872=LINE('',#10070,#1954);
#873=LINE('',#10072,#1955);
#874=LINE('',#10074,#1956);
#875=LINE('',#10076,#1957);
#876=LINE('',#10078,#1958);
#877=LINE('',#10080,#1959);
#878=LINE('',#10082,#1960);
#879=LINE('',#10083,#1961);
#880=LINE('',#10086,#1962);
#881=LINE('',#10088,#1963);
#882=LINE('',#10090,#1964);
#883=LINE('',#10092,#1965);
#884=LINE('',#10094,#1966);
#885=LINE('',#10096,#1967);
#886=LINE('',#10098,#1968);
#887=LINE('',#10100,#1969);
#888=LINE('',#10102,#1970);
#889=LINE('',#10104,#1971);
#890=LINE('',#10106,#1972);
#891=LINE('',#10108,#1973);
#892=LINE('',#10110,#1974);
#893=LINE('',#10112,#1975);
#894=LINE('',#10114,#1976);
#895=LINE('',#10115,#1977);
#896=LINE('',#10118,#1978);
#897=LINE('',#10120,#1979);
#898=LINE('',#10122,#1980);
#899=LINE('',#10124,#1981);
#900=LINE('',#10126,#1982);
#901=LINE('',#10128,#1983);
#902=LINE('',#10130,#1984);
#903=LINE('',#10132,#1985);
#904=LINE('',#10134,#1986);
#905=LINE('',#10136,#1987);
#906=LINE('',#10138,#1988);
#907=LINE('',#10140,#1989);
#908=LINE('',#10142,#1990);
#909=LINE('',#10144,#1991);
#910=LINE('',#10146,#1992);
#911=LINE('',#10147,#1993);
#912=LINE('',#10150,#1994);
#913=LINE('',#10152,#1995);
#914=LINE('',#10154,#1996);
#915=LINE('',#10156,#1997);
#916=LINE('',#10158,#1998);
#917=LINE('',#10160,#1999);
#918=LINE('',#10162,#2000);
#919=LINE('',#10164,#2001);
#920=LINE('',#10166,#2002);
#921=LINE('',#10168,#2003);
#922=LINE('',#10170,#2004);
#923=LINE('',#10172,#2005);
#924=LINE('',#10174,#2006);
#925=LINE('',#10176,#2007);
#926=LINE('',#10178,#2008);
#927=LINE('',#10180,#2009);
#928=LINE('',#10182,#2010);
#929=LINE('',#10184,#2011);
#930=LINE('',#10186,#2012);
#931=LINE('',#10188,#2013);
#932=LINE('',#10190,#2014);
#933=LINE('',#10192,#2015);
#934=LINE('',#10194,#2016);
#935=LINE('',#10196,#2017);
#936=LINE('',#10198,#2018);
#937=LINE('',#10200,#2019);
#938=LINE('',#10202,#2020);
#939=LINE('',#10204,#2021);
#940=LINE('',#10206,#2022);
#941=LINE('',#10208,#2023);
#942=LINE('',#10210,#2024);
#943=LINE('',#10212,#2025);
#944=LINE('',#10214,#2026);
#945=LINE('',#10215,#2027);
#946=LINE('',#10218,#2028);
#947=LINE('',#10220,#2029);
#948=LINE('',#10222,#2030);
#949=LINE('',#10224,#2031);
#950=LINE('',#10226,#2032);
#951=LINE('',#10228,#2033);
#952=LINE('',#10230,#2034);
#953=LINE('',#10232,#2035);
#954=LINE('',#10234,#2036);
#955=LINE('',#10236,#2037);
#956=LINE('',#10238,#2038);
#957=LINE('',#10240,#2039);
#958=LINE('',#10242,#2040);
#959=LINE('',#10244,#2041);
#960=LINE('',#10246,#2042);
#961=LINE('',#10247,#2043);
#962=LINE('',#10250,#2044);
#963=LINE('',#10252,#2045);
#964=LINE('',#10254,#2046);
#965=LINE('',#10256,#2047);
#966=LINE('',#10258,#2048);
#967=LINE('',#10260,#2049);
#968=LINE('',#10262,#2050);
#969=LINE('',#10264,#2051);
#970=LINE('',#10266,#2052);
#971=LINE('',#10268,#2053);
#972=LINE('',#10270,#2054);
#973=LINE('',#10272,#2055);
#974=LINE('',#10274,#2056);
#975=LINE('',#10276,#2057);
#976=LINE('',#10278,#2058);
#977=LINE('',#10280,#2059);
#978=LINE('',#10282,#2060);
#979=LINE('',#10284,#2061);
#980=LINE('',#10286,#2062);
#981=LINE('',#10288,#2063);
#982=LINE('',#10290,#2064);
#983=LINE('',#10292,#2065);
#984=LINE('',#10294,#2066);
#985=LINE('',#10296,#2067);
#986=LINE('',#10298,#2068);
#987=LINE('',#10300,#2069);
#988=LINE('',#10302,#2070);
#989=LINE('',#10304,#2071);
#990=LINE('',#10306,#2072);
#991=LINE('',#10308,#2073);
#992=LINE('',#10310,#2074);
#993=LINE('',#10312,#2075);
#994=LINE('',#10314,#2076);
#995=LINE('',#10316,#2077);
#996=LINE('',#10318,#2078);
#997=LINE('',#10320,#2079);
#998=LINE('',#10322,#2080);
#999=LINE('',#10324,#2081);
#1000=LINE('',#10326,#2082);
#1001=LINE('',#10328,#2083);
#1002=LINE('',#10330,#2084);
#1003=LINE('',#10332,#2085);
#1004=LINE('',#10334,#2086);
#1005=LINE('',#10336,#2087);
#1006=LINE('',#10338,#2088);
#1007=LINE('',#10340,#2089);
#1008=LINE('',#10342,#2090);
#1009=LINE('',#10344,#2091);
#1010=LINE('',#10346,#2092);
#1011=LINE('',#10348,#2093);
#1012=LINE('',#10350,#2094);
#1013=LINE('',#10352,#2095);
#1014=LINE('',#10354,#2096);
#1015=LINE('',#10356,#2097);
#1016=LINE('',#10358,#2098);
#1017=LINE('',#10360,#2099);
#1018=LINE('',#10362,#2100);
#1019=LINE('',#10364,#2101);
#1020=LINE('',#10366,#2102);
#1021=LINE('',#10368,#2103);
#1022=LINE('',#10370,#2104);
#1023=LINE('',#10372,#2105);
#1024=LINE('',#10374,#2106);
#1025=LINE('',#10375,#2107);
#1026=LINE('',#10378,#2108);
#1027=LINE('',#10380,#2109);
#1028=LINE('',#10382,#2110);
#1029=LINE('',#10384,#2111);
#1030=LINE('',#10386,#2112);
#1031=LINE('',#10388,#2113);
#1032=LINE('',#10390,#2114);
#1033=LINE('',#10392,#2115);
#1034=LINE('',#10394,#2116);
#1035=LINE('',#10396,#2117);
#1036=LINE('',#10398,#2118);
#1037=LINE('',#10400,#2119);
#1038=LINE('',#10402,#2120);
#1039=LINE('',#10404,#2121);
#1040=LINE('',#10406,#2122);
#1041=LINE('',#10408,#2123);
#1042=LINE('',#10410,#2124);
#1043=LINE('',#10412,#2125);
#1044=LINE('',#10414,#2126);
#1045=LINE('',#10416,#2127);
#1046=LINE('',#10418,#2128);
#1047=LINE('',#10420,#2129);
#1048=LINE('',#10422,#2130);
#1049=LINE('',#10424,#2131);
#1050=LINE('',#10426,#2132);
#1051=LINE('',#10428,#2133);
#1052=LINE('',#10430,#2134);
#1053=LINE('',#10432,#2135);
#1054=LINE('',#10434,#2136);
#1055=LINE('',#10436,#2137);
#1056=LINE('',#10438,#2138);
#1057=LINE('',#10440,#2139);
#1058=LINE('',#10442,#2140);
#1059=LINE('',#10444,#2141);
#1060=LINE('',#10446,#2142);
#1061=LINE('',#10448,#2143);
#1062=LINE('',#10449,#2144);
#1063=LINE('',#10452,#2145);
#1064=LINE('',#10454,#2146);
#1065=LINE('',#10456,#2147);
#1066=LINE('',#10458,#2148);
#1067=LINE('',#10460,#2149);
#1068=LINE('',#10462,#2150);
#1069=LINE('',#10464,#2151);
#1070=LINE('',#10466,#2152);
#1071=LINE('',#10468,#2153);
#1072=LINE('',#10470,#2154);
#1073=LINE('',#10472,#2155);
#1074=LINE('',#10474,#2156);
#1075=LINE('',#10476,#2157);
#1076=LINE('',#10478,#2158);
#1077=LINE('',#10480,#2159);
#1078=LINE('',#10481,#2160);
#1079=LINE('',#10484,#2161);
#1080=LINE('',#10486,#2162);
#1081=LINE('',#10488,#2163);
#1082=LINE('',#10490,#2164);
#1083=LINE('',#10492,#2165);
#1084=LINE('',#10494,#2166);
#1085=LINE('',#10496,#2167);
#1086=LINE('',#10498,#2168);
#1087=LINE('',#10500,#2169);
#1088=LINE('',#10502,#2170);
#1089=LINE('',#10504,#2171);
#1090=LINE('',#10506,#2172);
#1091=LINE('',#10508,#2173);
#1092=LINE('',#10510,#2174);
#1093=LINE('',#10512,#2175);
#1094=LINE('',#10513,#2176);
#1095=LINE('',#10516,#2177);
#1096=LINE('',#10518,#2178);
#1097=LINE('',#10520,#2179);
#1098=LINE('',#10522,#2180);
#1099=LINE('',#10524,#2181);
#1100=LINE('',#10526,#2182);
#1101=LINE('',#10528,#2183);
#1102=LINE('',#10530,#2184);
#1103=LINE('',#10532,#2185);
#1104=LINE('',#10534,#2186);
#1105=LINE('',#10536,#2187);
#1106=LINE('',#10538,#2188);
#1107=LINE('',#10540,#2189);
#1108=LINE('',#10542,#2190);
#1109=LINE('',#10544,#2191);
#1110=LINE('',#10546,#2192);
#1111=LINE('',#10548,#2193);
#1112=LINE('',#10550,#2194);
#1113=LINE('',#10552,#2195);
#1114=LINE('',#10554,#2196);
#1115=LINE('',#10556,#2197);
#1116=LINE('',#10558,#2198);
#1117=LINE('',#10560,#2199);
#1118=LINE('',#10562,#2200);
#1119=LINE('',#10564,#2201);
#1120=LINE('',#10566,#2202);
#1121=LINE('',#10567,#2203);
#1122=LINE('',#10570,#2204);
#1123=LINE('',#10572,#2205);
#1124=LINE('',#10574,#2206);
#1125=LINE('',#10576,#2207);
#1126=LINE('',#10578,#2208);
#1127=LINE('',#10580,#2209);
#1128=LINE('',#10582,#2210);
#1129=LINE('',#10584,#2211);
#1130=LINE('',#10586,#2212);
#1131=LINE('',#10588,#2213);
#1132=LINE('',#10590,#2214);
#1133=LINE('',#10592,#2215);
#1134=LINE('',#10594,#2216);
#1135=LINE('',#10596,#2217);
#1136=LINE('',#10598,#2218);
#1137=LINE('',#10600,#2219);
#1138=LINE('',#10602,#2220);
#1139=LINE('',#10604,#2221);
#1140=LINE('',#10606,#2222);
#1141=LINE('',#10607,#2223);
#1142=LINE('',#10610,#2224);
#1143=LINE('',#10612,#2225);
#1144=LINE('',#10614,#2226);
#1145=LINE('',#10616,#2227);
#1146=LINE('',#10618,#2228);
#1147=LINE('',#10620,#2229);
#1148=LINE('',#10622,#2230);
#1149=LINE('',#10624,#2231);
#1150=LINE('',#10626,#2232);
#1151=LINE('',#10628,#2233);
#1152=LINE('',#10630,#2234);
#1153=LINE('',#10632,#2235);
#1154=LINE('',#10634,#2236);
#1155=LINE('',#10636,#2237);
#1156=LINE('',#10638,#2238);
#1157=LINE('',#10639,#2239);
#1158=LINE('',#10642,#2240);
#1159=LINE('',#10644,#2241);
#1160=LINE('',#10646,#2242);
#1161=LINE('',#10648,#2243);
#1162=LINE('',#10650,#2244);
#1163=LINE('',#10652,#2245);
#1164=LINE('',#10654,#2246);
#1165=LINE('',#10656,#2247);
#1166=LINE('',#10658,#2248);
#1167=LINE('',#10660,#2249);
#1168=LINE('',#10662,#2250);
#1169=LINE('',#10664,#2251);
#1170=LINE('',#10666,#2252);
#1171=LINE('',#10668,#2253);
#1172=LINE('',#10670,#2254);
#1173=LINE('',#10671,#2255);
#1174=LINE('',#10674,#2256);
#1175=LINE('',#10676,#2257);
#1176=LINE('',#10678,#2258);
#1177=LINE('',#10680,#2259);
#1178=LINE('',#10682,#2260);
#1179=LINE('',#10684,#2261);
#1180=LINE('',#10686,#2262);
#1181=LINE('',#10688,#2263);
#1182=LINE('',#10690,#2264);
#1183=LINE('',#10692,#2265);
#1184=LINE('',#10694,#2266);
#1185=LINE('',#10696,#2267);
#1186=LINE('',#10698,#2268);
#1187=LINE('',#10700,#2269);
#1188=LINE('',#10702,#2270);
#1189=LINE('',#10703,#2271);
#1190=LINE('',#10706,#2272);
#1191=LINE('',#10707,#2273);
#1192=LINE('',#10711,#2274);
#1193=LINE('',#10712,#2275);
#1194=LINE('',#10713,#2276);
#1195=LINE('',#10716,#2277);
#1196=LINE('',#10717,#2278);
#1197=LINE('',#10720,#2279);
#1198=LINE('',#10721,#2280);
#1199=LINE('',#10724,#2281);
#1200=LINE('',#10725,#2282);
#1201=LINE('',#10728,#2283);
#1202=LINE('',#10729,#2284);
#1203=LINE('',#10732,#2285);
#1204=LINE('',#10733,#2286);
#1205=LINE('',#10736,#2287);
#1206=LINE('',#10737,#2288);
#1207=LINE('',#10740,#2289);
#1208=LINE('',#10741,#2290);
#1209=LINE('',#10744,#2291);
#1210=LINE('',#10745,#2292);
#1211=LINE('',#10748,#2293);
#1212=LINE('',#10749,#2294);
#1213=LINE('',#10752,#2295);
#1214=LINE('',#10753,#2296);
#1215=LINE('',#10756,#2297);
#1216=LINE('',#10757,#2298);
#1217=LINE('',#10760,#2299);
#1218=LINE('',#10761,#2300);
#1219=LINE('',#10764,#2301);
#1220=LINE('',#10765,#2302);
#1221=LINE('',#10768,#2303);
#1222=LINE('',#10769,#2304);
#1223=LINE('',#10771,#2305);
#1224=LINE('',#10775,#2306);
#1225=LINE('',#10776,#2307);
#1226=LINE('',#10777,#2308);
#1227=LINE('',#10780,#2309);
#1228=LINE('',#10781,#2310);
#1229=LINE('',#10784,#2311);
#1230=LINE('',#10785,#2312);
#1231=LINE('',#10788,#2313);
#1232=LINE('',#10789,#2314);
#1233=LINE('',#10792,#2315);
#1234=LINE('',#10793,#2316);
#1235=LINE('',#10796,#2317);
#1236=LINE('',#10797,#2318);
#1237=LINE('',#10800,#2319);
#1238=LINE('',#10801,#2320);
#1239=LINE('',#10804,#2321);
#1240=LINE('',#10805,#2322);
#1241=LINE('',#10808,#2323);
#1242=LINE('',#10809,#2324);
#1243=LINE('',#10812,#2325);
#1244=LINE('',#10813,#2326);
#1245=LINE('',#10816,#2327);
#1246=LINE('',#10817,#2328);
#1247=LINE('',#10820,#2329);
#1248=LINE('',#10821,#2330);
#1249=LINE('',#10824,#2331);
#1250=LINE('',#10825,#2332);
#1251=LINE('',#10828,#2333);
#1252=LINE('',#10829,#2334);
#1253=LINE('',#10832,#2335);
#1254=LINE('',#10833,#2336);
#1255=LINE('',#10835,#2337);
#1256=LINE('',#10839,#2338);
#1257=LINE('',#10840,#2339);
#1258=LINE('',#10841,#2340);
#1259=LINE('',#10844,#2341);
#1260=LINE('',#10845,#2342);
#1261=LINE('',#10848,#2343);
#1262=LINE('',#10849,#2344);
#1263=LINE('',#10852,#2345);
#1264=LINE('',#10853,#2346);
#1265=LINE('',#10856,#2347);
#1266=LINE('',#10857,#2348);
#1267=LINE('',#10860,#2349);
#1268=LINE('',#10861,#2350);
#1269=LINE('',#10864,#2351);
#1270=LINE('',#10865,#2352);
#1271=LINE('',#10868,#2353);
#1272=LINE('',#10869,#2354);
#1273=LINE('',#10872,#2355);
#1274=LINE('',#10873,#2356);
#1275=LINE('',#10876,#2357);
#1276=LINE('',#10877,#2358);
#1277=LINE('',#10880,#2359);
#1278=LINE('',#10881,#2360);
#1279=LINE('',#10884,#2361);
#1280=LINE('',#10885,#2362);
#1281=LINE('',#10888,#2363);
#1282=LINE('',#10889,#2364);
#1283=LINE('',#10892,#2365);
#1284=LINE('',#10893,#2366);
#1285=LINE('',#10896,#2367);
#1286=LINE('',#10897,#2368);
#1287=LINE('',#10899,#2369);
#1288=LINE('',#10903,#2370);
#1289=LINE('',#10904,#2371);
#1290=LINE('',#10905,#2372);
#1291=LINE('',#10908,#2373);
#1292=LINE('',#10909,#2374);
#1293=LINE('',#10912,#2375);
#1294=LINE('',#10913,#2376);
#1295=LINE('',#10916,#2377);
#1296=LINE('',#10917,#2378);
#1297=LINE('',#10920,#2379);
#1298=LINE('',#10921,#2380);
#1299=LINE('',#10924,#2381);
#1300=LINE('',#10925,#2382);
#1301=LINE('',#10928,#2383);
#1302=LINE('',#10929,#2384);
#1303=LINE('',#10932,#2385);
#1304=LINE('',#10933,#2386);
#1305=LINE('',#10936,#2387);
#1306=LINE('',#10937,#2388);
#1307=LINE('',#10940,#2389);
#1308=LINE('',#10941,#2390);
#1309=LINE('',#10944,#2391);
#1310=LINE('',#10945,#2392);
#1311=LINE('',#10948,#2393);
#1312=LINE('',#10949,#2394);
#1313=LINE('',#10952,#2395);
#1314=LINE('',#10953,#2396);
#1315=LINE('',#10956,#2397);
#1316=LINE('',#10957,#2398);
#1317=LINE('',#10960,#2399);
#1318=LINE('',#10961,#2400);
#1319=LINE('',#10964,#2401);
#1320=LINE('',#10965,#2402);
#1321=LINE('',#10968,#2403);
#1322=LINE('',#10969,#2404);
#1323=LINE('',#10972,#2405);
#1324=LINE('',#10973,#2406);
#1325=LINE('',#10976,#2407);
#1326=LINE('',#10977,#2408);
#1327=LINE('',#10979,#2409);
#1328=LINE('',#10983,#2410);
#1329=LINE('',#10984,#2411);
#1330=LINE('',#10985,#2412);
#1331=LINE('',#10988,#2413);
#1332=LINE('',#10989,#2414);
#1333=LINE('',#10992,#2415);
#1334=LINE('',#10993,#2416);
#1335=LINE('',#10996,#2417);
#1336=LINE('',#10997,#2418);
#1337=LINE('',#11000,#2419);
#1338=LINE('',#11001,#2420);
#1339=LINE('',#11004,#2421);
#1340=LINE('',#11005,#2422);
#1341=LINE('',#11008,#2423);
#1342=LINE('',#11009,#2424);
#1343=LINE('',#11012,#2425);
#1344=LINE('',#11013,#2426);
#1345=LINE('',#11016,#2427);
#1346=LINE('',#11017,#2428);
#1347=LINE('',#11020,#2429);
#1348=LINE('',#11021,#2430);
#1349=LINE('',#11024,#2431);
#1350=LINE('',#11025,#2432);
#1351=LINE('',#11028,#2433);
#1352=LINE('',#11029,#2434);
#1353=LINE('',#11032,#2435);
#1354=LINE('',#11033,#2436);
#1355=LINE('',#11036,#2437);
#1356=LINE('',#11037,#2438);
#1357=LINE('',#11040,#2439);
#1358=LINE('',#11041,#2440);
#1359=LINE('',#11044,#2441);
#1360=LINE('',#11045,#2442);
#1361=LINE('',#11048,#2443);
#1362=LINE('',#11049,#2444);
#1363=LINE('',#11052,#2445);
#1364=LINE('',#11053,#2446);
#1365=LINE('',#11056,#2447);
#1366=LINE('',#11057,#2448);
#1367=LINE('',#11060,#2449);
#1368=LINE('',#11061,#2450);
#1369=LINE('',#11064,#2451);
#1370=LINE('',#11065,#2452);
#1371=LINE('',#11068,#2453);
#1372=LINE('',#11069,#2454);
#1373=LINE('',#11072,#2455);
#1374=LINE('',#11073,#2456);
#1375=LINE('',#11076,#2457);
#1376=LINE('',#11077,#2458);
#1377=LINE('',#11080,#2459);
#1378=LINE('',#11081,#2460);
#1379=LINE('',#11084,#2461);
#1380=LINE('',#11085,#2462);
#1381=LINE('',#11087,#2463);
#1382=LINE('',#11091,#2464);
#1383=LINE('',#11092,#2465);
#1384=LINE('',#11093,#2466);
#1385=LINE('',#11096,#2467);
#1386=LINE('',#11097,#2468);
#1387=LINE('',#11100,#2469);
#1388=LINE('',#11101,#2470);
#1389=LINE('',#11104,#2471);
#1390=LINE('',#11105,#2472);
#1391=LINE('',#11108,#2473);
#1392=LINE('',#11109,#2474);
#1393=LINE('',#11112,#2475);
#1394=LINE('',#11113,#2476);
#1395=LINE('',#11116,#2477);
#1396=LINE('',#11117,#2478);
#1397=LINE('',#11120,#2479);
#1398=LINE('',#11121,#2480);
#1399=LINE('',#11124,#2481);
#1400=LINE('',#11125,#2482);
#1401=LINE('',#11128,#2483);
#1402=LINE('',#11129,#2484);
#1403=LINE('',#11132,#2485);
#1404=LINE('',#11133,#2486);
#1405=LINE('',#11136,#2487);
#1406=LINE('',#11137,#2488);
#1407=LINE('',#11140,#2489);
#1408=LINE('',#11141,#2490);
#1409=LINE('',#11144,#2491);
#1410=LINE('',#11145,#2492);
#1411=LINE('',#11148,#2493);
#1412=LINE('',#11149,#2494);
#1413=LINE('',#11151,#2495);
#1414=LINE('',#11155,#2496);
#1415=LINE('',#11156,#2497);
#1416=LINE('',#11157,#2498);
#1417=LINE('',#11160,#2499);
#1418=LINE('',#11161,#2500);
#1419=LINE('',#11164,#2501);
#1420=LINE('',#11165,#2502);
#1421=LINE('',#11168,#2503);
#1422=LINE('',#11169,#2504);
#1423=LINE('',#11172,#2505);
#1424=LINE('',#11173,#2506);
#1425=LINE('',#11176,#2507);
#1426=LINE('',#11177,#2508);
#1427=LINE('',#11180,#2509);
#1428=LINE('',#11181,#2510);
#1429=LINE('',#11184,#2511);
#1430=LINE('',#11185,#2512);
#1431=LINE('',#11188,#2513);
#1432=LINE('',#11189,#2514);
#1433=LINE('',#11192,#2515);
#1434=LINE('',#11193,#2516);
#1435=LINE('',#11196,#2517);
#1436=LINE('',#11197,#2518);
#1437=LINE('',#11200,#2519);
#1438=LINE('',#11201,#2520);
#1439=LINE('',#11204,#2521);
#1440=LINE('',#11205,#2522);
#1441=LINE('',#11208,#2523);
#1442=LINE('',#11209,#2524);
#1443=LINE('',#11212,#2525);
#1444=LINE('',#11213,#2526);
#1445=LINE('',#11215,#2527);
#1446=LINE('',#11219,#2528);
#1447=LINE('',#11220,#2529);
#1448=LINE('',#11221,#2530);
#1449=LINE('',#11224,#2531);
#1450=LINE('',#11225,#2532);
#1451=LINE('',#11228,#2533);
#1452=LINE('',#11229,#2534);
#1453=LINE('',#11232,#2535);
#1454=LINE('',#11233,#2536);
#1455=LINE('',#11236,#2537);
#1456=LINE('',#11237,#2538);
#1457=LINE('',#11240,#2539);
#1458=LINE('',#11241,#2540);
#1459=LINE('',#11244,#2541);
#1460=LINE('',#11245,#2542);
#1461=LINE('',#11248,#2543);
#1462=LINE('',#11249,#2544);
#1463=LINE('',#11252,#2545);
#1464=LINE('',#11253,#2546);
#1465=LINE('',#11256,#2547);
#1466=LINE('',#11257,#2548);
#1467=LINE('',#11260,#2549);
#1468=LINE('',#11261,#2550);
#1469=LINE('',#11264,#2551);
#1470=LINE('',#11265,#2552);
#1471=LINE('',#11268,#2553);
#1472=LINE('',#11269,#2554);
#1473=LINE('',#11272,#2555);
#1474=LINE('',#11273,#2556);
#1475=LINE('',#11276,#2557);
#1476=LINE('',#11277,#2558);
#1477=LINE('',#11280,#2559);
#1478=LINE('',#11281,#2560);
#1479=LINE('',#11284,#2561);
#1480=LINE('',#11285,#2562);
#1481=LINE('',#11288,#2563);
#1482=LINE('',#11289,#2564);
#1483=LINE('',#11292,#2565);
#1484=LINE('',#11293,#2566);
#1485=LINE('',#11296,#2567);
#1486=LINE('',#11297,#2568);
#1487=LINE('',#11300,#2569);
#1488=LINE('',#11301,#2570);
#1489=LINE('',#11304,#2571);
#1490=LINE('',#11305,#2572);
#1491=LINE('',#11308,#2573);
#1492=LINE('',#11309,#2574);
#1493=LINE('',#11312,#2575);
#1494=LINE('',#11313,#2576);
#1495=LINE('',#11316,#2577);
#1496=LINE('',#11317,#2578);
#1497=LINE('',#11320,#2579);
#1498=LINE('',#11321,#2580);
#1499=LINE('',#11324,#2581);
#1500=LINE('',#11325,#2582);
#1501=LINE('',#11328,#2583);
#1502=LINE('',#11329,#2584);
#1503=LINE('',#11332,#2585);
#1504=LINE('',#11333,#2586);
#1505=LINE('',#11336,#2587);
#1506=LINE('',#11337,#2588);
#1507=LINE('',#11340,#2589);
#1508=LINE('',#11341,#2590);
#1509=LINE('',#11344,#2591);
#1510=LINE('',#11345,#2592);
#1511=LINE('',#11348,#2593);
#1512=LINE('',#11349,#2594);
#1513=LINE('',#11352,#2595);
#1514=LINE('',#11353,#2596);
#1515=LINE('',#11356,#2597);
#1516=LINE('',#11357,#2598);
#1517=LINE('',#11360,#2599);
#1518=LINE('',#11361,#2600);
#1519=LINE('',#11363,#2601);
#1520=LINE('',#11367,#2602);
#1521=LINE('',#11368,#2603);
#1522=LINE('',#11369,#2604);
#1523=LINE('',#11372,#2605);
#1524=LINE('',#11373,#2606);
#1525=LINE('',#11376,#2607);
#1526=LINE('',#11377,#2608);
#1527=LINE('',#11380,#2609);
#1528=LINE('',#11381,#2610);
#1529=LINE('',#11384,#2611);
#1530=LINE('',#11385,#2612);
#1531=LINE('',#11388,#2613);
#1532=LINE('',#11389,#2614);
#1533=LINE('',#11392,#2615);
#1534=LINE('',#11393,#2616);
#1535=LINE('',#11396,#2617);
#1536=LINE('',#11397,#2618);
#1537=LINE('',#11400,#2619);
#1538=LINE('',#11401,#2620);
#1539=LINE('',#11404,#2621);
#1540=LINE('',#11405,#2622);
#1541=LINE('',#11408,#2623);
#1542=LINE('',#11409,#2624);
#1543=LINE('',#11412,#2625);
#1544=LINE('',#11413,#2626);
#1545=LINE('',#11416,#2627);
#1546=LINE('',#11417,#2628);
#1547=LINE('',#11420,#2629);
#1548=LINE('',#11421,#2630);
#1549=LINE('',#11424,#2631);
#1550=LINE('',#11425,#2632);
#1551=LINE('',#11428,#2633);
#1552=LINE('',#11429,#2634);
#1553=LINE('',#11432,#2635);
#1554=LINE('',#11433,#2636);
#1555=LINE('',#11436,#2637);
#1556=LINE('',#11437,#2638);
#1557=LINE('',#11440,#2639);
#1558=LINE('',#11441,#2640);
#1559=LINE('',#11444,#2641);
#1560=LINE('',#11445,#2642);
#1561=LINE('',#11448,#2643);
#1562=LINE('',#11449,#2644);
#1563=LINE('',#11452,#2645);
#1564=LINE('',#11453,#2646);
#1565=LINE('',#11456,#2647);
#1566=LINE('',#11457,#2648);
#1567=LINE('',#11460,#2649);
#1568=LINE('',#11461,#2650);
#1569=LINE('',#11464,#2651);
#1570=LINE('',#11465,#2652);
#1571=LINE('',#11468,#2653);
#1572=LINE('',#11469,#2654);
#1573=LINE('',#11472,#2655);
#1574=LINE('',#11473,#2656);
#1575=LINE('',#11476,#2657);
#1576=LINE('',#11477,#2658);
#1577=LINE('',#11480,#2659);
#1578=LINE('',#11481,#2660);
#1579=LINE('',#11484,#2661);
#1580=LINE('',#11485,#2662);
#1581=LINE('',#11488,#2663);
#1582=LINE('',#11489,#2664);
#1583=LINE('',#11492,#2665);
#1584=LINE('',#11493,#2666);
#1585=LINE('',#11496,#2667);
#1586=LINE('',#11497,#2668);
#1587=LINE('',#11500,#2669);
#1588=LINE('',#11501,#2670);
#1589=LINE('',#11504,#2671);
#1590=LINE('',#11505,#2672);
#1591=LINE('',#11508,#2673);
#1592=LINE('',#11509,#2674);
#1593=LINE('',#11512,#2675);
#1594=LINE('',#11513,#2676);
#1595=LINE('',#11516,#2677);
#1596=LINE('',#11517,#2678);
#1597=LINE('',#11520,#2679);
#1598=LINE('',#11521,#2680);
#1599=LINE('',#11524,#2681);
#1600=LINE('',#11525,#2682);
#1601=LINE('',#11528,#2683);
#1602=LINE('',#11529,#2684);
#1603=LINE('',#11532,#2685);
#1604=LINE('',#11533,#2686);
#1605=LINE('',#11536,#2687);
#1606=LINE('',#11537,#2688);
#1607=LINE('',#11540,#2689);
#1608=LINE('',#11541,#2690);
#1609=LINE('',#11544,#2691);
#1610=LINE('',#11545,#2692);
#1611=LINE('',#11548,#2693);
#1612=LINE('',#11549,#2694);
#1613=LINE('',#11552,#2695);
#1614=LINE('',#11553,#2696);
#1615=LINE('',#11556,#2697);
#1616=LINE('',#11557,#2698);
#1617=LINE('',#11560,#2699);
#1618=LINE('',#11561,#2700);
#1619=LINE('',#11564,#2701);
#1620=LINE('',#11565,#2702);
#1621=LINE('',#11568,#2703);
#1622=LINE('',#11569,#2704);
#1623=LINE('',#11572,#2705);
#1624=LINE('',#11573,#2706);
#1625=LINE('',#11576,#2707);
#1626=LINE('',#11577,#2708);
#1627=LINE('',#11580,#2709);
#1628=LINE('',#11581,#2710);
#1629=LINE('',#11584,#2711);
#1630=LINE('',#11585,#2712);
#1631=LINE('',#11588,#2713);
#1632=LINE('',#11589,#2714);
#1633=LINE('',#11592,#2715);
#1634=LINE('',#11593,#2716);
#1635=LINE('',#11596,#2717);
#1636=LINE('',#11597,#2718);
#1637=LINE('',#11600,#2719);
#1638=LINE('',#11601,#2720);
#1639=LINE('',#11604,#2721);
#1640=LINE('',#11605,#2722);
#1641=LINE('',#11608,#2723);
#1642=LINE('',#11609,#2724);
#1643=LINE('',#11612,#2725);
#1644=LINE('',#11613,#2726);
#1645=LINE('',#11616,#2727);
#1646=LINE('',#11617,#2728);
#1647=LINE('',#11619,#2729);
#1648=LINE('',#11623,#2730);
#1649=LINE('',#11624,#2731);
#1650=LINE('',#11625,#2732);
#1651=LINE('',#11628,#2733);
#1652=LINE('',#11629,#2734);
#1653=LINE('',#11632,#2735);
#1654=LINE('',#11633,#2736);
#1655=LINE('',#11636,#2737);
#1656=LINE('',#11637,#2738);
#1657=LINE('',#11640,#2739);
#1658=LINE('',#11641,#2740);
#1659=LINE('',#11644,#2741);
#1660=LINE('',#11645,#2742);
#1661=LINE('',#11648,#2743);
#1662=LINE('',#11649,#2744);
#1663=LINE('',#11652,#2745);
#1664=LINE('',#11653,#2746);
#1665=LINE('',#11656,#2747);
#1666=LINE('',#11657,#2748);
#1667=LINE('',#11660,#2749);
#1668=LINE('',#11661,#2750);
#1669=LINE('',#11664,#2751);
#1670=LINE('',#11665,#2752);
#1671=LINE('',#11668,#2753);
#1672=LINE('',#11669,#2754);
#1673=LINE('',#11672,#2755);
#1674=LINE('',#11673,#2756);
#1675=LINE('',#11676,#2757);
#1676=LINE('',#11677,#2758);
#1677=LINE('',#11680,#2759);
#1678=LINE('',#11681,#2760);
#1679=LINE('',#11683,#2761);
#1680=LINE('',#11687,#2762);
#1681=LINE('',#11688,#2763);
#1682=LINE('',#11689,#2764);
#1683=LINE('',#11692,#2765);
#1684=LINE('',#11693,#2766);
#1685=LINE('',#11696,#2767);
#1686=LINE('',#11697,#2768);
#1687=LINE('',#11700,#2769);
#1688=LINE('',#11701,#2770);
#1689=LINE('',#11704,#2771);
#1690=LINE('',#11705,#2772);
#1691=LINE('',#11708,#2773);
#1692=LINE('',#11709,#2774);
#1693=LINE('',#11712,#2775);
#1694=LINE('',#11713,#2776);
#1695=LINE('',#11716,#2777);
#1696=LINE('',#11717,#2778);
#1697=LINE('',#11720,#2779);
#1698=LINE('',#11721,#2780);
#1699=LINE('',#11724,#2781);
#1700=LINE('',#11725,#2782);
#1701=LINE('',#11728,#2783);
#1702=LINE('',#11729,#2784);
#1703=LINE('',#11732,#2785);
#1704=LINE('',#11733,#2786);
#1705=LINE('',#11736,#2787);
#1706=LINE('',#11737,#2788);
#1707=LINE('',#11740,#2789);
#1708=LINE('',#11741,#2790);
#1709=LINE('',#11744,#2791);
#1710=LINE('',#11745,#2792);
#1711=LINE('',#11748,#2793);
#1712=LINE('',#11749,#2794);
#1713=LINE('',#11752,#2795);
#1714=LINE('',#11753,#2796);
#1715=LINE('',#11756,#2797);
#1716=LINE('',#11757,#2798);
#1717=LINE('',#11760,#2799);
#1718=LINE('',#11761,#2800);
#1719=LINE('',#11764,#2801);
#1720=LINE('',#11765,#2802);
#1721=LINE('',#11768,#2803);
#1722=LINE('',#11769,#2804);
#1723=LINE('',#11772,#2805);
#1724=LINE('',#11773,#2806);
#1725=LINE('',#11776,#2807);
#1726=LINE('',#11777,#2808);
#1727=LINE('',#11780,#2809);
#1728=LINE('',#11781,#2810);
#1729=LINE('',#11784,#2811);
#1730=LINE('',#11785,#2812);
#1731=LINE('',#11788,#2813);
#1732=LINE('',#11789,#2814);
#1733=LINE('',#11792,#2815);
#1734=LINE('',#11793,#2816);
#1735=LINE('',#11796,#2817);
#1736=LINE('',#11797,#2818);
#1737=LINE('',#11800,#2819);
#1738=LINE('',#11801,#2820);
#1739=LINE('',#11804,#2821);
#1740=LINE('',#11805,#2822);
#1741=LINE('',#11808,#2823);
#1742=LINE('',#11809,#2824);
#1743=LINE('',#11812,#2825);
#1744=LINE('',#11813,#2826);
#1745=LINE('',#11816,#2827);
#1746=LINE('',#11817,#2828);
#1747=LINE('',#11819,#2829);
#1748=LINE('',#11823,#2830);
#1749=LINE('',#11824,#2831);
#1750=LINE('',#11825,#2832);
#1751=LINE('',#11828,#2833);
#1752=LINE('',#11829,#2834);
#1753=LINE('',#11832,#2835);
#1754=LINE('',#11833,#2836);
#1755=LINE('',#11836,#2837);
#1756=LINE('',#11837,#2838);
#1757=LINE('',#11840,#2839);
#1758=LINE('',#11841,#2840);
#1759=LINE('',#11844,#2841);
#1760=LINE('',#11845,#2842);
#1761=LINE('',#11848,#2843);
#1762=LINE('',#11849,#2844);
#1763=LINE('',#11852,#2845);
#1764=LINE('',#11853,#2846);
#1765=LINE('',#11856,#2847);
#1766=LINE('',#11857,#2848);
#1767=LINE('',#11860,#2849);
#1768=LINE('',#11861,#2850);
#1769=LINE('',#11864,#2851);
#1770=LINE('',#11865,#2852);
#1771=LINE('',#11868,#2853);
#1772=LINE('',#11869,#2854);
#1773=LINE('',#11872,#2855);
#1774=LINE('',#11873,#2856);
#1775=LINE('',#11876,#2857);
#1776=LINE('',#11877,#2858);
#1777=LINE('',#11880,#2859);
#1778=LINE('',#11881,#2860);
#1779=LINE('',#11883,#2861);
#1780=LINE('',#11887,#2862);
#1781=LINE('',#11888,#2863);
#1782=LINE('',#11889,#2864);
#1783=LINE('',#11892,#2865);
#1784=LINE('',#11893,#2866);
#1785=LINE('',#11896,#2867);
#1786=LINE('',#11897,#2868);
#1787=LINE('',#11900,#2869);
#1788=LINE('',#11901,#2870);
#1789=LINE('',#11904,#2871);
#1790=LINE('',#11905,#2872);
#1791=LINE('',#11908,#2873);
#1792=LINE('',#11909,#2874);
#1793=LINE('',#11912,#2875);
#1794=LINE('',#11913,#2876);
#1795=LINE('',#11916,#2877);
#1796=LINE('',#11917,#2878);
#1797=LINE('',#11920,#2879);
#1798=LINE('',#11921,#2880);
#1799=LINE('',#11924,#2881);
#1800=LINE('',#11925,#2882);
#1801=LINE('',#11928,#2883);
#1802=LINE('',#11929,#2884);
#1803=LINE('',#11932,#2885);
#1804=LINE('',#11933,#2886);
#1805=LINE('',#11936,#2887);
#1806=LINE('',#11937,#2888);
#1807=LINE('',#11940,#2889);
#1808=LINE('',#11941,#2890);
#1809=LINE('',#11944,#2891);
#1810=LINE('',#11945,#2892);
#1811=LINE('',#11947,#2893);
#1812=LINE('',#11951,#2894);
#1813=LINE('',#11952,#2895);
#1814=LINE('',#11953,#2896);
#1815=LINE('',#11956,#2897);
#1816=LINE('',#11957,#2898);
#1817=LINE('',#11960,#2899);
#1818=LINE('',#11961,#2900);
#1819=LINE('',#11964,#2901);
#1820=LINE('',#11965,#2902);
#1821=LINE('',#11968,#2903);
#1822=LINE('',#11969,#2904);
#1823=LINE('',#11972,#2905);
#1824=LINE('',#11973,#2906);
#1825=LINE('',#11976,#2907);
#1826=LINE('',#11977,#2908);
#1827=LINE('',#11980,#2909);
#1828=LINE('',#11981,#2910);
#1829=LINE('',#11984,#2911);
#1830=LINE('',#11985,#2912);
#1831=LINE('',#11988,#2913);
#1832=LINE('',#11989,#2914);
#1833=LINE('',#11992,#2915);
#1834=LINE('',#11993,#2916);
#1835=LINE('',#11996,#2917);
#1836=LINE('',#11997,#2918);
#1837=LINE('',#12000,#2919);
#1838=LINE('',#12001,#2920);
#1839=LINE('',#12004,#2921);
#1840=LINE('',#12005,#2922);
#1841=LINE('',#12008,#2923);
#1842=LINE('',#12009,#2924);
#1843=LINE('',#12011,#2925);
#1844=LINE('',#12014,#2926);
#1845=LINE('',#12015,#2927);
#1846=LINE('',#12018,#2928);
#1847=LINE('',#12019,#2929);
#1848=LINE('',#12022,#2930);
#1849=LINE('',#12023,#2931);
#1850=LINE('',#12025,#2932);
#1851=LINE('',#12030,#2933);
#1852=LINE('',#12034,#2934);
#1853=LINE('',#12038,#2935);
#1854=LINE('',#12041,#2936);
#1855=LINE('',#12044,#2937);
#1856=LINE('',#12047,#2938);
#1857=LINE('',#12050,#2939);
#1858=LINE('',#12053,#2940);
#1859=LINE('',#12056,#2941);
#1860=LINE('',#12059,#2942);
#1861=LINE('',#12062,#2943);
#1862=LINE('',#12065,#2944);
#1863=LINE('',#12068,#2945);
#1864=LINE('',#12071,#2946);
#1865=LINE('',#12074,#2947);
#1866=LINE('',#12077,#2948);
#1867=LINE('',#12080,#2949);
#1868=LINE('',#12083,#2950);
#1869=LINE('',#12086,#2951);
#1870=LINE('',#12088,#2952);
#1871=LINE('',#12092,#2953);
#1872=LINE('',#12094,#2954);
#1873=LINE('',#12098,#2955);
#1874=LINE('',#12100,#2956);
#1875=LINE('',#12104,#2957);
#1876=LINE('',#12106,#2958);
#1877=LINE('',#12110,#2959);
#1878=LINE('',#12112,#2960);
#1879=LINE('',#12116,#2961);
#1880=LINE('',#12118,#2962);
#1881=LINE('',#12121,#2963);
#1882=LINE('',#12122,#2964);
#1883=LINE('',#12126,#2965);
#1884=LINE('',#12128,#2966);
#1885=LINE('',#12130,#2967);
#1886=LINE('',#12132,#2968);
#1887=LINE('',#12134,#2969);
#1888=LINE('',#12136,#2970);
#1889=LINE('',#12138,#2971);
#1890=LINE('',#12140,#2972);
#1891=LINE('',#12142,#2973);
#1892=LINE('',#12144,#2974);
#1893=LINE('',#12146,#2975);
#1894=LINE('',#12148,#2976);
#1895=LINE('',#12150,#2977);
#1896=LINE('',#12152,#2978);
#1897=LINE('',#12154,#2979);
#1898=LINE('',#12155,#2980);
#1899=LINE('',#12159,#2981);
#1900=LINE('',#12160,#2982);
#1901=LINE('',#12161,#2983);
#1902=LINE('',#12164,#2984);
#1903=LINE('',#12165,#2985);
#1904=LINE('',#12168,#2986);
#1905=LINE('',#12169,#2987);
#1906=LINE('',#12172,#2988);
#1907=LINE('',#12173,#2989);
#1908=LINE('',#12176,#2990);
#1909=LINE('',#12177,#2991);
#1910=LINE('',#12180,#2992);
#1911=LINE('',#12181,#2993);
#1912=LINE('',#12184,#2994);
#1913=LINE('',#12185,#2995);
#1914=LINE('',#12188,#2996);
#1915=LINE('',#12189,#2997);
#1916=LINE('',#12192,#2998);
#1917=LINE('',#12193,#2999);
#1918=LINE('',#12196,#3000);
#1919=LINE('',#12197,#3001);
#1920=LINE('',#12200,#3002);
#1921=LINE('',#12201,#3003);
#1922=LINE('',#12204,#3004);
#1923=LINE('',#12205,#3005);
#1924=LINE('',#12208,#3006);
#1925=LINE('',#12209,#3007);
#1926=LINE('',#12212,#3008);
#1927=LINE('',#12213,#3009);
#1928=LINE('',#12216,#3010);
#1929=LINE('',#12217,#3011);
#1930=LINE('',#12219,#3012);
#1931=VECTOR('',#8168,10.);
#1932=VECTOR('',#8169,10.);
#1933=VECTOR('',#8170,10.);
#1934=VECTOR('',#8171,10.);
#1935=VECTOR('',#8174,10.);
#1936=VECTOR('',#8175,10.);
#1937=VECTOR('',#8176,10.);
#1938=VECTOR('',#8177,10.);
#1939=VECTOR('',#8180,10.);
#1940=VECTOR('',#8181,10.);
#1941=VECTOR('',#8184,10.);
#1942=VECTOR('',#8185,10.);
#1943=VECTOR('',#8186,10.);
#1944=VECTOR('',#8187,10.);
#1945=VECTOR('',#8188,10.);
#1946=VECTOR('',#8189,10.);
#1947=VECTOR('',#8190,10.);
#1948=VECTOR('',#8191,10.);
#1949=VECTOR('',#8192,10.);
#1950=VECTOR('',#8193,10.);
#1951=VECTOR('',#8194,10.);
#1952=VECTOR('',#8195,10.);
#1953=VECTOR('',#8196,10.);
#1954=VECTOR('',#8197,10.);
#1955=VECTOR('',#8198,10.);
#1956=VECTOR('',#8199,10.);
#1957=VECTOR('',#8200,10.);
#1958=VECTOR('',#8201,10.);
#1959=VECTOR('',#8202,10.);
#1960=VECTOR('',#8203,10.);
#1961=VECTOR('',#8204,10.);
#1962=VECTOR('',#8205,10.);
#1963=VECTOR('',#8206,10.);
#1964=VECTOR('',#8207,10.);
#1965=VECTOR('',#8208,10.);
#1966=VECTOR('',#8209,10.);
#1967=VECTOR('',#8210,10.);
#1968=VECTOR('',#8211,10.);
#1969=VECTOR('',#8212,10.);
#1970=VECTOR('',#8213,10.);
#1971=VECTOR('',#8214,10.);
#1972=VECTOR('',#8215,10.);
#1973=VECTOR('',#8216,10.);
#1974=VECTOR('',#8217,10.);
#1975=VECTOR('',#8218,10.);
#1976=VECTOR('',#8219,10.);
#1977=VECTOR('',#8220,10.);
#1978=VECTOR('',#8221,10.);
#1979=VECTOR('',#8222,10.);
#1980=VECTOR('',#8223,10.);
#1981=VECTOR('',#8224,10.);
#1982=VECTOR('',#8225,10.);
#1983=VECTOR('',#8226,10.);
#1984=VECTOR('',#8227,10.);
#1985=VECTOR('',#8228,10.);
#1986=VECTOR('',#8229,10.);
#1987=VECTOR('',#8230,10.);
#1988=VECTOR('',#8231,10.);
#1989=VECTOR('',#8232,10.);
#1990=VECTOR('',#8233,10.);
#1991=VECTOR('',#8234,10.);
#1992=VECTOR('',#8235,10.);
#1993=VECTOR('',#8236,10.);
#1994=VECTOR('',#8237,10.);
#1995=VECTOR('',#8238,10.);
#1996=VECTOR('',#8239,10.);
#1997=VECTOR('',#8240,10.);
#1998=VECTOR('',#8241,10.);
#1999=VECTOR('',#8242,10.);
#2000=VECTOR('',#8243,10.);
#2001=VECTOR('',#8244,10.);
#2002=VECTOR('',#8245,10.);
#2003=VECTOR('',#8246,10.);
#2004=VECTOR('',#8247,10.);
#2005=VECTOR('',#8248,10.);
#2006=VECTOR('',#8249,10.);
#2007=VECTOR('',#8250,10.);
#2008=VECTOR('',#8251,10.);
#2009=VECTOR('',#8252,10.);
#2010=VECTOR('',#8253,10.);
#2011=VECTOR('',#8254,10.);
#2012=VECTOR('',#8255,10.);
#2013=VECTOR('',#8256,10.);
#2014=VECTOR('',#8257,10.);
#2015=VECTOR('',#8258,10.);
#2016=VECTOR('',#8259,10.);
#2017=VECTOR('',#8260,10.);
#2018=VECTOR('',#8261,10.);
#2019=VECTOR('',#8262,10.);
#2020=VECTOR('',#8263,10.);
#2021=VECTOR('',#8264,10.);
#2022=VECTOR('',#8265,10.);
#2023=VECTOR('',#8266,10.);
#2024=VECTOR('',#8267,10.);
#2025=VECTOR('',#8268,10.);
#2026=VECTOR('',#8269,10.);
#2027=VECTOR('',#8270,10.);
#2028=VECTOR('',#8271,10.);
#2029=VECTOR('',#8272,10.);
#2030=VECTOR('',#8273,10.);
#2031=VECTOR('',#8274,10.);
#2032=VECTOR('',#8275,10.);
#2033=VECTOR('',#8276,10.);
#2034=VECTOR('',#8277,10.);
#2035=VECTOR('',#8278,10.);
#2036=VECTOR('',#8279,10.);
#2037=VECTOR('',#8280,10.);
#2038=VECTOR('',#8281,10.);
#2039=VECTOR('',#8282,10.);
#2040=VECTOR('',#8283,10.);
#2041=VECTOR('',#8284,10.);
#2042=VECTOR('',#8285,10.);
#2043=VECTOR('',#8286,10.);
#2044=VECTOR('',#8287,10.);
#2045=VECTOR('',#8288,10.);
#2046=VECTOR('',#8289,10.);
#2047=VECTOR('',#8290,10.);
#2048=VECTOR('',#8291,10.);
#2049=VECTOR('',#8292,10.);
#2050=VECTOR('',#8293,10.);
#2051=VECTOR('',#8294,10.);
#2052=VECTOR('',#8295,10.);
#2053=VECTOR('',#8296,10.);
#2054=VECTOR('',#8297,10.);
#2055=VECTOR('',#8298,10.);
#2056=VECTOR('',#8299,10.);
#2057=VECTOR('',#8300,10.);
#2058=VECTOR('',#8301,10.);
#2059=VECTOR('',#8302,10.);
#2060=VECTOR('',#8303,10.);
#2061=VECTOR('',#8304,10.);
#2062=VECTOR('',#8305,10.);
#2063=VECTOR('',#8306,10.);
#2064=VECTOR('',#8307,10.);
#2065=VECTOR('',#8308,10.);
#2066=VECTOR('',#8309,10.);
#2067=VECTOR('',#8310,10.);
#2068=VECTOR('',#8311,10.);
#2069=VECTOR('',#8312,10.);
#2070=VECTOR('',#8313,10.);
#2071=VECTOR('',#8314,10.);
#2072=VECTOR('',#8315,10.);
#2073=VECTOR('',#8316,10.);
#2074=VECTOR('',#8317,10.);
#2075=VECTOR('',#8318,10.);
#2076=VECTOR('',#8319,10.);
#2077=VECTOR('',#8320,10.);
#2078=VECTOR('',#8321,10.);
#2079=VECTOR('',#8322,10.);
#2080=VECTOR('',#8323,10.);
#2081=VECTOR('',#8324,10.);
#2082=VECTOR('',#8325,10.);
#2083=VECTOR('',#8326,10.);
#2084=VECTOR('',#8327,10.);
#2085=VECTOR('',#8328,10.);
#2086=VECTOR('',#8329,10.);
#2087=VECTOR('',#8330,10.);
#2088=VECTOR('',#8331,10.);
#2089=VECTOR('',#8332,10.);
#2090=VECTOR('',#8333,10.);
#2091=VECTOR('',#8334,10.);
#2092=VECTOR('',#8335,10.);
#2093=VECTOR('',#8336,10.);
#2094=VECTOR('',#8337,10.);
#2095=VECTOR('',#8338,10.);
#2096=VECTOR('',#8339,10.);
#2097=VECTOR('',#8340,10.);
#2098=VECTOR('',#8341,10.);
#2099=VECTOR('',#8342,10.);
#2100=VECTOR('',#8343,10.);
#2101=VECTOR('',#8344,10.);
#2102=VECTOR('',#8345,10.);
#2103=VECTOR('',#8346,10.);
#2104=VECTOR('',#8347,10.);
#2105=VECTOR('',#8348,10.);
#2106=VECTOR('',#8349,10.);
#2107=VECTOR('',#8350,10.);
#2108=VECTOR('',#8351,10.);
#2109=VECTOR('',#8352,10.);
#2110=VECTOR('',#8353,10.);
#2111=VECTOR('',#8354,10.);
#2112=VECTOR('',#8355,10.);
#2113=VECTOR('',#8356,10.);
#2114=VECTOR('',#8357,10.);
#2115=VECTOR('',#8358,10.);
#2116=VECTOR('',#8359,10.);
#2117=VECTOR('',#8360,10.);
#2118=VECTOR('',#8361,10.);
#2119=VECTOR('',#8362,10.);
#2120=VECTOR('',#8363,10.);
#2121=VECTOR('',#8364,10.);
#2122=VECTOR('',#8365,10.);
#2123=VECTOR('',#8366,10.);
#2124=VECTOR('',#8367,10.);
#2125=VECTOR('',#8368,10.);
#2126=VECTOR('',#8369,10.);
#2127=VECTOR('',#8370,10.);
#2128=VECTOR('',#8371,10.);
#2129=VECTOR('',#8372,10.);
#2130=VECTOR('',#8373,10.);
#2131=VECTOR('',#8374,10.);
#2132=VECTOR('',#8375,10.);
#2133=VECTOR('',#8376,10.);
#2134=VECTOR('',#8377,10.);
#2135=VECTOR('',#8378,10.);
#2136=VECTOR('',#8379,10.);
#2137=VECTOR('',#8380,10.);
#2138=VECTOR('',#8381,10.);
#2139=VECTOR('',#8382,10.);
#2140=VECTOR('',#8383,10.);
#2141=VECTOR('',#8384,10.);
#2142=VECTOR('',#8385,10.);
#2143=VECTOR('',#8386,10.);
#2144=VECTOR('',#8387,10.);
#2145=VECTOR('',#8388,10.);
#2146=VECTOR('',#8389,10.);
#2147=VECTOR('',#8390,10.);
#2148=VECTOR('',#8391,10.);
#2149=VECTOR('',#8392,10.);
#2150=VECTOR('',#8393,10.);
#2151=VECTOR('',#8394,10.);
#2152=VECTOR('',#8395,10.);
#2153=VECTOR('',#8396,10.);
#2154=VECTOR('',#8397,10.);
#2155=VECTOR('',#8398,10.);
#2156=VECTOR('',#8399,10.);
#2157=VECTOR('',#8400,10.);
#2158=VECTOR('',#8401,10.);
#2159=VECTOR('',#8402,10.);
#2160=VECTOR('',#8403,10.);
#2161=VECTOR('',#8404,10.);
#2162=VECTOR('',#8405,10.);
#2163=VECTOR('',#8406,10.);
#2164=VECTOR('',#8407,10.);
#2165=VECTOR('',#8408,10.);
#2166=VECTOR('',#8409,10.);
#2167=VECTOR('',#8410,10.);
#2168=VECTOR('',#8411,10.);
#2169=VECTOR('',#8412,10.);
#2170=VECTOR('',#8413,10.);
#2171=VECTOR('',#8414,10.);
#2172=VECTOR('',#8415,10.);
#2173=VECTOR('',#8416,10.);
#2174=VECTOR('',#8417,10.);
#2175=VECTOR('',#8418,10.);
#2176=VECTOR('',#8419,10.);
#2177=VECTOR('',#8420,10.);
#2178=VECTOR('',#8421,10.);
#2179=VECTOR('',#8422,10.);
#2180=VECTOR('',#8423,10.);
#2181=VECTOR('',#8424,10.);
#2182=VECTOR('',#8425,10.);
#2183=VECTOR('',#8426,10.);
#2184=VECTOR('',#8427,10.);
#2185=VECTOR('',#8428,10.);
#2186=VECTOR('',#8429,10.);
#2187=VECTOR('',#8430,10.);
#2188=VECTOR('',#8431,10.);
#2189=VECTOR('',#8432,10.);
#2190=VECTOR('',#8433,10.);
#2191=VECTOR('',#8434,10.);
#2192=VECTOR('',#8435,10.);
#2193=VECTOR('',#8436,10.);
#2194=VECTOR('',#8437,10.);
#2195=VECTOR('',#8438,10.);
#2196=VECTOR('',#8439,10.);
#2197=VECTOR('',#8440,10.);
#2198=VECTOR('',#8441,10.);
#2199=VECTOR('',#8442,10.);
#2200=VECTOR('',#8443,10.);
#2201=VECTOR('',#8444,10.);
#2202=VECTOR('',#8445,10.);
#2203=VECTOR('',#8446,10.);
#2204=VECTOR('',#8447,10.);
#2205=VECTOR('',#8448,10.);
#2206=VECTOR('',#8449,10.);
#2207=VECTOR('',#8450,10.);
#2208=VECTOR('',#8451,10.);
#2209=VECTOR('',#8452,10.);
#2210=VECTOR('',#8453,10.);
#2211=VECTOR('',#8454,10.);
#2212=VECTOR('',#8455,10.);
#2213=VECTOR('',#8456,10.);
#2214=VECTOR('',#8457,10.);
#2215=VECTOR('',#8458,10.);
#2216=VECTOR('',#8459,10.);
#2217=VECTOR('',#8460,10.);
#2218=VECTOR('',#8461,10.);
#2219=VECTOR('',#8462,10.);
#2220=VECTOR('',#8463,10.);
#2221=VECTOR('',#8464,10.);
#2222=VECTOR('',#8465,10.);
#2223=VECTOR('',#8466,10.);
#2224=VECTOR('',#8467,10.);
#2225=VECTOR('',#8468,10.);
#2226=VECTOR('',#8469,10.);
#2227=VECTOR('',#8470,10.);
#2228=VECTOR('',#8471,10.);
#2229=VECTOR('',#8472,10.);
#2230=VECTOR('',#8473,10.);
#2231=VECTOR('',#8474,10.);
#2232=VECTOR('',#8475,10.);
#2233=VECTOR('',#8476,10.);
#2234=VECTOR('',#8477,10.);
#2235=VECTOR('',#8478,10.);
#2236=VECTOR('',#8479,10.);
#2237=VECTOR('',#8480,10.);
#2238=VECTOR('',#8481,10.);
#2239=VECTOR('',#8482,10.);
#2240=VECTOR('',#8483,10.);
#2241=VECTOR('',#8484,10.);
#2242=VECTOR('',#8485,10.);
#2243=VECTOR('',#8486,10.);
#2244=VECTOR('',#8487,10.);
#2245=VECTOR('',#8488,10.);
#2246=VECTOR('',#8489,10.);
#2247=VECTOR('',#8490,10.);
#2248=VECTOR('',#8491,10.);
#2249=VECTOR('',#8492,10.);
#2250=VECTOR('',#8493,10.);
#2251=VECTOR('',#8494,10.);
#2252=VECTOR('',#8495,10.);
#2253=VECTOR('',#8496,10.);
#2254=VECTOR('',#8497,10.);
#2255=VECTOR('',#8498,10.);
#2256=VECTOR('',#8499,10.);
#2257=VECTOR('',#8500,10.);
#2258=VECTOR('',#8501,10.);
#2259=VECTOR('',#8502,10.);
#2260=VECTOR('',#8503,10.);
#2261=VECTOR('',#8504,10.);
#2262=VECTOR('',#8505,10.);
#2263=VECTOR('',#8506,10.);
#2264=VECTOR('',#8507,10.);
#2265=VECTOR('',#8508,10.);
#2266=VECTOR('',#8509,10.);
#2267=VECTOR('',#8510,10.);
#2268=VECTOR('',#8511,10.);
#2269=VECTOR('',#8512,10.);
#2270=VECTOR('',#8513,10.);
#2271=VECTOR('',#8514,10.);
#2272=VECTOR('',#8517,10.);
#2273=VECTOR('',#8518,10.);
#2274=VECTOR('',#8521,10.);
#2275=VECTOR('',#8522,10.);
#2276=VECTOR('',#8523,10.);
#2277=VECTOR('',#8526,10.);
#2278=VECTOR('',#8527,10.);
#2279=VECTOR('',#8530,10.);
#2280=VECTOR('',#8531,10.);
#2281=VECTOR('',#8534,10.);
#2282=VECTOR('',#8535,10.);
#2283=VECTOR('',#8538,10.);
#2284=VECTOR('',#8539,10.);
#2285=VECTOR('',#8542,10.);
#2286=VECTOR('',#8543,10.);
#2287=VECTOR('',#8546,10.);
#2288=VECTOR('',#8547,10.);
#2289=VECTOR('',#8550,10.);
#2290=VECTOR('',#8551,10.);
#2291=VECTOR('',#8554,10.);
#2292=VECTOR('',#8555,10.);
#2293=VECTOR('',#8558,10.);
#2294=VECTOR('',#8559,10.);
#2295=VECTOR('',#8562,10.);
#2296=VECTOR('',#8563,10.);
#2297=VECTOR('',#8566,10.);
#2298=VECTOR('',#8567,10.);
#2299=VECTOR('',#8570,10.);
#2300=VECTOR('',#8571,10.);
#2301=VECTOR('',#8574,10.);
#2302=VECTOR('',#8575,10.);
#2303=VECTOR('',#8578,10.);
#2304=VECTOR('',#8579,10.);
#2305=VECTOR('',#8582,10.);
#2306=VECTOR('',#8585,10.);
#2307=VECTOR('',#8586,10.);
#2308=VECTOR('',#8587,10.);
#2309=VECTOR('',#8590,10.);
#2310=VECTOR('',#8591,10.);
#2311=VECTOR('',#8594,10.);
#2312=VECTOR('',#8595,10.);
#2313=VECTOR('',#8598,10.);
#2314=VECTOR('',#8599,10.);
#2315=VECTOR('',#8602,10.);
#2316=VECTOR('',#8603,10.);
#2317=VECTOR('',#8606,10.);
#2318=VECTOR('',#8607,10.);
#2319=VECTOR('',#8610,10.);
#2320=VECTOR('',#8611,10.);
#2321=VECTOR('',#8614,10.);
#2322=VECTOR('',#8615,10.);
#2323=VECTOR('',#8618,10.);
#2324=VECTOR('',#8619,10.);
#2325=VECTOR('',#8622,10.);
#2326=VECTOR('',#8623,10.);
#2327=VECTOR('',#8626,10.);
#2328=VECTOR('',#8627,10.);
#2329=VECTOR('',#8630,10.);
#2330=VECTOR('',#8631,10.);
#2331=VECTOR('',#8634,10.);
#2332=VECTOR('',#8635,10.);
#2333=VECTOR('',#8638,10.);
#2334=VECTOR('',#8639,10.);
#2335=VECTOR('',#8642,10.);
#2336=VECTOR('',#8643,10.);
#2337=VECTOR('',#8646,10.);
#2338=VECTOR('',#8649,10.);
#2339=VECTOR('',#8650,10.);
#2340=VECTOR('',#8651,10.);
#2341=VECTOR('',#8654,10.);
#2342=VECTOR('',#8655,10.);
#2343=VECTOR('',#8658,10.);
#2344=VECTOR('',#8659,10.);
#2345=VECTOR('',#8662,10.);
#2346=VECTOR('',#8663,10.);
#2347=VECTOR('',#8666,10.);
#2348=VECTOR('',#8667,10.);
#2349=VECTOR('',#8670,10.);
#2350=VECTOR('',#8671,10.);
#2351=VECTOR('',#8674,10.);
#2352=VECTOR('',#8675,10.);
#2353=VECTOR('',#8678,10.);
#2354=VECTOR('',#8679,10.);
#2355=VECTOR('',#8682,10.);
#2356=VECTOR('',#8683,10.);
#2357=VECTOR('',#8686,10.);
#2358=VECTOR('',#8687,10.);
#2359=VECTOR('',#8690,10.);
#2360=VECTOR('',#8691,10.);
#2361=VECTOR('',#8694,10.);
#2362=VECTOR('',#8695,10.);
#2363=VECTOR('',#8698,10.);
#2364=VECTOR('',#8699,10.);
#2365=VECTOR('',#8702,10.);
#2366=VECTOR('',#8703,10.);
#2367=VECTOR('',#8706,10.);
#2368=VECTOR('',#8707,10.);
#2369=VECTOR('',#8710,10.);
#2370=VECTOR('',#8713,10.);
#2371=VECTOR('',#8714,10.);
#2372=VECTOR('',#8715,10.);
#2373=VECTOR('',#8718,10.);
#2374=VECTOR('',#8719,10.);
#2375=VECTOR('',#8722,10.);
#2376=VECTOR('',#8723,10.);
#2377=VECTOR('',#8726,10.);
#2378=VECTOR('',#8727,10.);
#2379=VECTOR('',#8730,10.);
#2380=VECTOR('',#8731,10.);
#2381=VECTOR('',#8734,10.);
#2382=VECTOR('',#8735,10.);
#2383=VECTOR('',#8738,10.);
#2384=VECTOR('',#8739,10.);
#2385=VECTOR('',#8742,10.);
#2386=VECTOR('',#8743,10.);
#2387=VECTOR('',#8746,10.);
#2388=VECTOR('',#8747,10.);
#2389=VECTOR('',#8750,10.);
#2390=VECTOR('',#8751,10.);
#2391=VECTOR('',#8754,10.);
#2392=VECTOR('',#8755,10.);
#2393=VECTOR('',#8758,10.);
#2394=VECTOR('',#8759,10.);
#2395=VECTOR('',#8762,10.);
#2396=VECTOR('',#8763,10.);
#2397=VECTOR('',#8766,10.);
#2398=VECTOR('',#8767,10.);
#2399=VECTOR('',#8770,10.);
#2400=VECTOR('',#8771,10.);
#2401=VECTOR('',#8774,10.);
#2402=VECTOR('',#8775,10.);
#2403=VECTOR('',#8778,10.);
#2404=VECTOR('',#8779,10.);
#2405=VECTOR('',#8782,10.);
#2406=VECTOR('',#8783,10.);
#2407=VECTOR('',#8786,10.);
#2408=VECTOR('',#8787,10.);
#2409=VECTOR('',#8790,10.);
#2410=VECTOR('',#8793,10.);
#2411=VECTOR('',#8794,10.);
#2412=VECTOR('',#8795,10.);
#2413=VECTOR('',#8798,10.);
#2414=VECTOR('',#8799,10.);
#2415=VECTOR('',#8802,10.);
#2416=VECTOR('',#8803,10.);
#2417=VECTOR('',#8806,10.);
#2418=VECTOR('',#8807,10.);
#2419=VECTOR('',#8810,10.);
#2420=VECTOR('',#8811,10.);
#2421=VECTOR('',#8814,10.);
#2422=VECTOR('',#8815,10.);
#2423=VECTOR('',#8818,10.);
#2424=VECTOR('',#8819,10.);
#2425=VECTOR('',#8822,10.);
#2426=VECTOR('',#8823,10.);
#2427=VECTOR('',#8826,10.);
#2428=VECTOR('',#8827,10.);
#2429=VECTOR('',#8830,10.);
#2430=VECTOR('',#8831,10.);
#2431=VECTOR('',#8834,10.);
#2432=VECTOR('',#8835,10.);
#2433=VECTOR('',#8838,10.);
#2434=VECTOR('',#8839,10.);
#2435=VECTOR('',#8842,10.);
#2436=VECTOR('',#8843,10.);
#2437=VECTOR('',#8846,10.);
#2438=VECTOR('',#8847,10.);
#2439=VECTOR('',#8850,10.);
#2440=VECTOR('',#8851,10.);
#2441=VECTOR('',#8854,10.);
#2442=VECTOR('',#8855,10.);
#2443=VECTOR('',#8858,10.);
#2444=VECTOR('',#8859,10.);
#2445=VECTOR('',#8862,10.);
#2446=VECTOR('',#8863,10.);
#2447=VECTOR('',#8866,10.);
#2448=VECTOR('',#8867,10.);
#2449=VECTOR('',#8870,10.);
#2450=VECTOR('',#8871,10.);
#2451=VECTOR('',#8874,10.);
#2452=VECTOR('',#8875,10.);
#2453=VECTOR('',#8878,10.);
#2454=VECTOR('',#8879,10.);
#2455=VECTOR('',#8882,10.);
#2456=VECTOR('',#8883,10.);
#2457=VECTOR('',#8886,10.);
#2458=VECTOR('',#8887,10.);
#2459=VECTOR('',#8890,10.);
#2460=VECTOR('',#8891,10.);
#2461=VECTOR('',#8894,10.);
#2462=VECTOR('',#8895,10.);
#2463=VECTOR('',#8898,10.);
#2464=VECTOR('',#8901,10.);
#2465=VECTOR('',#8902,10.);
#2466=VECTOR('',#8903,10.);
#2467=VECTOR('',#8906,10.);
#2468=VECTOR('',#8907,10.);
#2469=VECTOR('',#8910,10.);
#2470=VECTOR('',#8911,10.);
#2471=VECTOR('',#8914,10.);
#2472=VECTOR('',#8915,10.);
#2473=VECTOR('',#8918,10.);
#2474=VECTOR('',#8919,10.);
#2475=VECTOR('',#8922,10.);
#2476=VECTOR('',#8923,10.);
#2477=VECTOR('',#8926,10.);
#2478=VECTOR('',#8927,10.);
#2479=VECTOR('',#8930,10.);
#2480=VECTOR('',#8931,10.);
#2481=VECTOR('',#8934,10.);
#2482=VECTOR('',#8935,10.);
#2483=VECTOR('',#8938,10.);
#2484=VECTOR('',#8939,10.);
#2485=VECTOR('',#8942,10.);
#2486=VECTOR('',#8943,10.);
#2487=VECTOR('',#8946,10.);
#2488=VECTOR('',#8947,10.);
#2489=VECTOR('',#8950,10.);
#2490=VECTOR('',#8951,10.);
#2491=VECTOR('',#8954,10.);
#2492=VECTOR('',#8955,10.);
#2493=VECTOR('',#8958,10.);
#2494=VECTOR('',#8959,10.);
#2495=VECTOR('',#8962,10.);
#2496=VECTOR('',#8965,10.);
#2497=VECTOR('',#8966,10.);
#2498=VECTOR('',#8967,10.);
#2499=VECTOR('',#8970,10.);
#2500=VECTOR('',#8971,10.);
#2501=VECTOR('',#8974,10.);
#2502=VECTOR('',#8975,10.);
#2503=VECTOR('',#8978,10.);
#2504=VECTOR('',#8979,10.);
#2505=VECTOR('',#8982,10.);
#2506=VECTOR('',#8983,10.);
#2507=VECTOR('',#8986,10.);
#2508=VECTOR('',#8987,10.);
#2509=VECTOR('',#8990,10.);
#2510=VECTOR('',#8991,10.);
#2511=VECTOR('',#8994,10.);
#2512=VECTOR('',#8995,10.);
#2513=VECTOR('',#8998,10.);
#2514=VECTOR('',#8999,10.);
#2515=VECTOR('',#9002,10.);
#2516=VECTOR('',#9003,10.);
#2517=VECTOR('',#9006,10.);
#2518=VECTOR('',#9007,10.);
#2519=VECTOR('',#9010,10.);
#2520=VECTOR('',#9011,10.);
#2521=VECTOR('',#9014,10.);
#2522=VECTOR('',#9015,10.);
#2523=VECTOR('',#9018,10.);
#2524=VECTOR('',#9019,10.);
#2525=VECTOR('',#9022,10.);
#2526=VECTOR('',#9023,10.);
#2527=VECTOR('',#9026,10.);
#2528=VECTOR('',#9029,10.);
#2529=VECTOR('',#9030,10.);
#2530=VECTOR('',#9031,10.);
#2531=VECTOR('',#9034,10.);
#2532=VECTOR('',#9035,10.);
#2533=VECTOR('',#9038,10.);
#2534=VECTOR('',#9039,10.);
#2535=VECTOR('',#9042,10.);
#2536=VECTOR('',#9043,10.);
#2537=VECTOR('',#9046,10.);
#2538=VECTOR('',#9047,10.);
#2539=VECTOR('',#9050,10.);
#2540=VECTOR('',#9051,10.);
#2541=VECTOR('',#9054,10.);
#2542=VECTOR('',#9055,10.);
#2543=VECTOR('',#9058,10.);
#2544=VECTOR('',#9059,10.);
#2545=VECTOR('',#9062,10.);
#2546=VECTOR('',#9063,10.);
#2547=VECTOR('',#9066,10.);
#2548=VECTOR('',#9067,10.);
#2549=VECTOR('',#9070,10.);
#2550=VECTOR('',#9071,10.);
#2551=VECTOR('',#9074,10.);
#2552=VECTOR('',#9075,10.);
#2553=VECTOR('',#9078,10.);
#2554=VECTOR('',#9079,10.);
#2555=VECTOR('',#9082,10.);
#2556=VECTOR('',#9083,10.);
#2557=VECTOR('',#9086,10.);
#2558=VECTOR('',#9087,10.);
#2559=VECTOR('',#9090,10.);
#2560=VECTOR('',#9091,10.);
#2561=VECTOR('',#9094,10.);
#2562=VECTOR('',#9095,10.);
#2563=VECTOR('',#9098,10.);
#2564=VECTOR('',#9099,10.);
#2565=VECTOR('',#9102,10.);
#2566=VECTOR('',#9103,10.);
#2567=VECTOR('',#9106,10.);
#2568=VECTOR('',#9107,10.);
#2569=VECTOR('',#9110,10.);
#2570=VECTOR('',#9111,10.);
#2571=VECTOR('',#9114,10.);
#2572=VECTOR('',#9115,10.);
#2573=VECTOR('',#9118,10.);
#2574=VECTOR('',#9119,10.);
#2575=VECTOR('',#9122,10.);
#2576=VECTOR('',#9123,10.);
#2577=VECTOR('',#9126,10.);
#2578=VECTOR('',#9127,10.);
#2579=VECTOR('',#9130,10.);
#2580=VECTOR('',#9131,10.);
#2581=VECTOR('',#9134,10.);
#2582=VECTOR('',#9135,10.);
#2583=VECTOR('',#9138,10.);
#2584=VECTOR('',#9139,10.);
#2585=VECTOR('',#9142,10.);
#2586=VECTOR('',#9143,10.);
#2587=VECTOR('',#9146,10.);
#2588=VECTOR('',#9147,10.);
#2589=VECTOR('',#9150,10.);
#2590=VECTOR('',#9151,10.);
#2591=VECTOR('',#9154,10.);
#2592=VECTOR('',#9155,10.);
#2593=VECTOR('',#9158,10.);
#2594=VECTOR('',#9159,10.);
#2595=VECTOR('',#9162,10.);
#2596=VECTOR('',#9163,10.);
#2597=VECTOR('',#9166,10.);
#2598=VECTOR('',#9167,10.);
#2599=VECTOR('',#9170,10.);
#2600=VECTOR('',#9171,10.);
#2601=VECTOR('',#9174,10.);
#2602=VECTOR('',#9177,10.);
#2603=VECTOR('',#9178,10.);
#2604=VECTOR('',#9179,10.);
#2605=VECTOR('',#9182,10.);
#2606=VECTOR('',#9183,10.);
#2607=VECTOR('',#9186,10.);
#2608=VECTOR('',#9187,10.);
#2609=VECTOR('',#9190,10.);
#2610=VECTOR('',#9191,10.);
#2611=VECTOR('',#9194,10.);
#2612=VECTOR('',#9195,10.);
#2613=VECTOR('',#9198,10.);
#2614=VECTOR('',#9199,10.);
#2615=VECTOR('',#9202,10.);
#2616=VECTOR('',#9203,10.);
#2617=VECTOR('',#9206,10.);
#2618=VECTOR('',#9207,10.);
#2619=VECTOR('',#9210,10.);
#2620=VECTOR('',#9211,10.);
#2621=VECTOR('',#9214,10.);
#2622=VECTOR('',#9215,10.);
#2623=VECTOR('',#9218,10.);
#2624=VECTOR('',#9219,10.);
#2625=VECTOR('',#9222,10.);
#2626=VECTOR('',#9223,10.);
#2627=VECTOR('',#9226,10.);
#2628=VECTOR('',#9227,10.);
#2629=VECTOR('',#9230,10.);
#2630=VECTOR('',#9231,10.);
#2631=VECTOR('',#9234,10.);
#2632=VECTOR('',#9235,10.);
#2633=VECTOR('',#9238,10.);
#2634=VECTOR('',#9239,10.);
#2635=VECTOR('',#9242,10.);
#2636=VECTOR('',#9243,10.);
#2637=VECTOR('',#9246,10.);
#2638=VECTOR('',#9247,10.);
#2639=VECTOR('',#9250,10.);
#2640=VECTOR('',#9251,10.);
#2641=VECTOR('',#9254,10.);
#2642=VECTOR('',#9255,10.);
#2643=VECTOR('',#9258,10.);
#2644=VECTOR('',#9259,10.);
#2645=VECTOR('',#9262,10.);
#2646=VECTOR('',#9263,10.);
#2647=VECTOR('',#9266,10.);
#2648=VECTOR('',#9267,10.);
#2649=VECTOR('',#9270,10.);
#2650=VECTOR('',#9271,10.);
#2651=VECTOR('',#9274,10.);
#2652=VECTOR('',#9275,10.);
#2653=VECTOR('',#9278,10.);
#2654=VECTOR('',#9279,10.);
#2655=VECTOR('',#9282,10.);
#2656=VECTOR('',#9283,10.);
#2657=VECTOR('',#9286,10.);
#2658=VECTOR('',#9287,10.);
#2659=VECTOR('',#9290,10.);
#2660=VECTOR('',#9291,10.);
#2661=VECTOR('',#9294,10.);
#2662=VECTOR('',#9295,10.);
#2663=VECTOR('',#9298,10.);
#2664=VECTOR('',#9299,10.);
#2665=VECTOR('',#9302,10.);
#2666=VECTOR('',#9303,10.);
#2667=VECTOR('',#9306,10.);
#2668=VECTOR('',#9307,10.);
#2669=VECTOR('',#9310,10.);
#2670=VECTOR('',#9311,10.);
#2671=VECTOR('',#9314,10.);
#2672=VECTOR('',#9315,10.);
#2673=VECTOR('',#9318,10.);
#2674=VECTOR('',#9319,10.);
#2675=VECTOR('',#9322,10.);
#2676=VECTOR('',#9323,10.);
#2677=VECTOR('',#9326,10.);
#2678=VECTOR('',#9327,10.);
#2679=VECTOR('',#9330,10.);
#2680=VECTOR('',#9331,10.);
#2681=VECTOR('',#9334,10.);
#2682=VECTOR('',#9335,10.);
#2683=VECTOR('',#9338,10.);
#2684=VECTOR('',#9339,10.);
#2685=VECTOR('',#9342,10.);
#2686=VECTOR('',#9343,10.);
#2687=VECTOR('',#9346,10.);
#2688=VECTOR('',#9347,10.);
#2689=VECTOR('',#9350,10.);
#2690=VECTOR('',#9351,10.);
#2691=VECTOR('',#9354,10.);
#2692=VECTOR('',#9355,10.);
#2693=VECTOR('',#9358,10.);
#2694=VECTOR('',#9359,10.);
#2695=VECTOR('',#9362,10.);
#2696=VECTOR('',#9363,10.);
#2697=VECTOR('',#9366,10.);
#2698=VECTOR('',#9367,10.);
#2699=VECTOR('',#9370,10.);
#2700=VECTOR('',#9371,10.);
#2701=VECTOR('',#9374,10.);
#2702=VECTOR('',#9375,10.);
#2703=VECTOR('',#9378,10.);
#2704=VECTOR('',#9379,10.);
#2705=VECTOR('',#9382,10.);
#2706=VECTOR('',#9383,10.);
#2707=VECTOR('',#9386,10.);
#2708=VECTOR('',#9387,10.);
#2709=VECTOR('',#9390,10.);
#2710=VECTOR('',#9391,10.);
#2711=VECTOR('',#9394,10.);
#2712=VECTOR('',#9395,10.);
#2713=VECTOR('',#9398,10.);
#2714=VECTOR('',#9399,10.);
#2715=VECTOR('',#9402,10.);
#2716=VECTOR('',#9403,10.);
#2717=VECTOR('',#9406,10.);
#2718=VECTOR('',#9407,10.);
#2719=VECTOR('',#9410,10.);
#2720=VECTOR('',#9411,10.);
#2721=VECTOR('',#9414,10.);
#2722=VECTOR('',#9415,10.);
#2723=VECTOR('',#9418,10.);
#2724=VECTOR('',#9419,10.);
#2725=VECTOR('',#9422,10.);
#2726=VECTOR('',#9423,10.);
#2727=VECTOR('',#9426,10.);
#2728=VECTOR('',#9427,10.);
#2729=VECTOR('',#9430,10.);
#2730=VECTOR('',#9433,10.);
#2731=VECTOR('',#9434,10.);
#2732=VECTOR('',#9435,10.);
#2733=VECTOR('',#9438,10.);
#2734=VECTOR('',#9439,10.);
#2735=VECTOR('',#9442,10.);
#2736=VECTOR('',#9443,10.);
#2737=VECTOR('',#9446,10.);
#2738=VECTOR('',#9447,10.);
#2739=VECTOR('',#9450,10.);
#2740=VECTOR('',#9451,10.);
#2741=VECTOR('',#9454,10.);
#2742=VECTOR('',#9455,10.);
#2743=VECTOR('',#9458,10.);
#2744=VECTOR('',#9459,10.);
#2745=VECTOR('',#9462,10.);
#2746=VECTOR('',#9463,10.);
#2747=VECTOR('',#9466,10.);
#2748=VECTOR('',#9467,10.);
#2749=VECTOR('',#9470,10.);
#2750=VECTOR('',#9471,10.);
#2751=VECTOR('',#9474,10.);
#2752=VECTOR('',#9475,10.);
#2753=VECTOR('',#9478,10.);
#2754=VECTOR('',#9479,10.);
#2755=VECTOR('',#9482,10.);
#2756=VECTOR('',#9483,10.);
#2757=VECTOR('',#9486,10.);
#2758=VECTOR('',#9487,10.);
#2759=VECTOR('',#9490,10.);
#2760=VECTOR('',#9491,10.);
#2761=VECTOR('',#9494,10.);
#2762=VECTOR('',#9497,10.);
#2763=VECTOR('',#9498,10.);
#2764=VECTOR('',#9499,10.);
#2765=VECTOR('',#9502,10.);
#2766=VECTOR('',#9503,10.);
#2767=VECTOR('',#9506,10.);
#2768=VECTOR('',#9507,10.);
#2769=VECTOR('',#9510,10.);
#2770=VECTOR('',#9511,10.);
#2771=VECTOR('',#9514,10.);
#2772=VECTOR('',#9515,10.);
#2773=VECTOR('',#9518,10.);
#2774=VECTOR('',#9519,10.);
#2775=VECTOR('',#9522,10.);
#2776=VECTOR('',#9523,10.);
#2777=VECTOR('',#9526,10.);
#2778=VECTOR('',#9527,10.);
#2779=VECTOR('',#9530,10.);
#2780=VECTOR('',#9531,10.);
#2781=VECTOR('',#9534,10.);
#2782=VECTOR('',#9535,10.);
#2783=VECTOR('',#9538,10.);
#2784=VECTOR('',#9539,10.);
#2785=VECTOR('',#9542,10.);
#2786=VECTOR('',#9543,10.);
#2787=VECTOR('',#9546,10.);
#2788=VECTOR('',#9547,10.);
#2789=VECTOR('',#9550,10.);
#2790=VECTOR('',#9551,10.);
#2791=VECTOR('',#9554,10.);
#2792=VECTOR('',#9555,10.);
#2793=VECTOR('',#9558,10.);
#2794=VECTOR('',#9559,10.);
#2795=VECTOR('',#9562,10.);
#2796=VECTOR('',#9563,10.);
#2797=VECTOR('',#9566,10.);
#2798=VECTOR('',#9567,10.);
#2799=VECTOR('',#9570,10.);
#2800=VECTOR('',#9571,10.);
#2801=VECTOR('',#9574,10.);
#2802=VECTOR('',#9575,10.);
#2803=VECTOR('',#9578,10.);
#2804=VECTOR('',#9579,10.);
#2805=VECTOR('',#9582,10.);
#2806=VECTOR('',#9583,10.);
#2807=VECTOR('',#9586,10.);
#2808=VECTOR('',#9587,10.);
#2809=VECTOR('',#9590,10.);
#2810=VECTOR('',#9591,10.);
#2811=VECTOR('',#9594,10.);
#2812=VECTOR('',#9595,10.);
#2813=VECTOR('',#9598,10.);
#2814=VECTOR('',#9599,10.);
#2815=VECTOR('',#9602,10.);
#2816=VECTOR('',#9603,10.);
#2817=VECTOR('',#9606,10.);
#2818=VECTOR('',#9607,10.);
#2819=VECTOR('',#9610,10.);
#2820=VECTOR('',#9611,10.);
#2821=VECTOR('',#9614,10.);
#2822=VECTOR('',#9615,10.);
#2823=VECTOR('',#9618,10.);
#2824=VECTOR('',#9619,10.);
#2825=VECTOR('',#9622,10.);
#2826=VECTOR('',#9623,10.);
#2827=VECTOR('',#9626,10.);
#2828=VECTOR('',#9627,10.);
#2829=VECTOR('',#9630,10.);
#2830=VECTOR('',#9633,10.);
#2831=VECTOR('',#9634,10.);
#2832=VECTOR('',#9635,10.);
#2833=VECTOR('',#9638,10.);
#2834=VECTOR('',#9639,10.);
#2835=VECTOR('',#9642,10.);
#2836=VECTOR('',#9643,10.);
#2837=VECTOR('',#9646,10.);
#2838=VECTOR('',#9647,10.);
#2839=VECTOR('',#9650,10.);
#2840=VECTOR('',#9651,10.);
#2841=VECTOR('',#9654,10.);
#2842=VECTOR('',#9655,10.);
#2843=VECTOR('',#9658,10.);
#2844=VECTOR('',#9659,10.);
#2845=VECTOR('',#9662,10.);
#2846=VECTOR('',#9663,10.);
#2847=VECTOR('',#9666,10.);
#2848=VECTOR('',#9667,10.);
#2849=VECTOR('',#9670,10.);
#2850=VECTOR('',#9671,10.);
#2851=VECTOR('',#9674,10.);
#2852=VECTOR('',#9675,10.);
#2853=VECTOR('',#9678,10.);
#2854=VECTOR('',#9679,10.);
#2855=VECTOR('',#9682,10.);
#2856=VECTOR('',#9683,10.);
#2857=VECTOR('',#9686,10.);
#2858=VECTOR('',#9687,10.);
#2859=VECTOR('',#9690,10.);
#2860=VECTOR('',#9691,10.);
#2861=VECTOR('',#9694,10.);
#2862=VECTOR('',#9697,10.);
#2863=VECTOR('',#9698,10.);
#2864=VECTOR('',#9699,10.);
#2865=VECTOR('',#9702,10.);
#2866=VECTOR('',#9703,10.);
#2867=VECTOR('',#9706,10.);
#2868=VECTOR('',#9707,10.);
#2869=VECTOR('',#9710,10.);
#2870=VECTOR('',#9711,10.);
#2871=VECTOR('',#9714,10.);
#2872=VECTOR('',#9715,10.);
#2873=VECTOR('',#9718,10.);
#2874=VECTOR('',#9719,10.);
#2875=VECTOR('',#9722,10.);
#2876=VECTOR('',#9723,10.);
#2877=VECTOR('',#9726,10.);
#2878=VECTOR('',#9727,10.);
#2879=VECTOR('',#9730,10.);
#2880=VECTOR('',#9731,10.);
#2881=VECTOR('',#9734,10.);
#2882=VECTOR('',#9735,10.);
#2883=VECTOR('',#9738,10.);
#2884=VECTOR('',#9739,10.);
#2885=VECTOR('',#9742,10.);
#2886=VECTOR('',#9743,10.);
#2887=VECTOR('',#9746,10.);
#2888=VECTOR('',#9747,10.);
#2889=VECTOR('',#9750,10.);
#2890=VECTOR('',#9751,10.);
#2891=VECTOR('',#9754,10.);
#2892=VECTOR('',#9755,10.);
#2893=VECTOR('',#9758,10.);
#2894=VECTOR('',#9761,10.);
#2895=VECTOR('',#9762,10.);
#2896=VECTOR('',#9763,10.);
#2897=VECTOR('',#9766,10.);
#2898=VECTOR('',#9767,10.);
#2899=VECTOR('',#9770,10.);
#2900=VECTOR('',#9771,10.);
#2901=VECTOR('',#9774,10.);
#2902=VECTOR('',#9775,10.);
#2903=VECTOR('',#9778,10.);
#2904=VECTOR('',#9779,10.);
#2905=VECTOR('',#9782,10.);
#2906=VECTOR('',#9783,10.);
#2907=VECTOR('',#9786,10.);
#2908=VECTOR('',#9787,10.);
#2909=VECTOR('',#9790,10.);
#2910=VECTOR('',#9791,10.);
#2911=VECTOR('',#9794,10.);
#2912=VECTOR('',#9795,10.);
#2913=VECTOR('',#9798,10.);
#2914=VECTOR('',#9799,10.);
#2915=VECTOR('',#9802,10.);
#2916=VECTOR('',#9803,10.);
#2917=VECTOR('',#9806,10.);
#2918=VECTOR('',#9807,10.);
#2919=VECTOR('',#9810,10.);
#2920=VECTOR('',#9811,10.);
#2921=VECTOR('',#9814,10.);
#2922=VECTOR('',#9815,10.);
#2923=VECTOR('',#9818,10.);
#2924=VECTOR('',#9819,10.);
#2925=VECTOR('',#9822,10.);
#2926=VECTOR('',#9825,10.);
#2927=VECTOR('',#9826,10.);
#2928=VECTOR('',#9829,10.);
#2929=VECTOR('',#9830,10.);
#2930=VECTOR('',#9833,10.);
#2931=VECTOR('',#9834,10.);
#2932=VECTOR('',#9837,10.);
#2933=VECTOR('',#9842,5.5);
#2934=VECTOR('',#9845,10.);
#2935=VECTOR('',#9850,5.5);
#2936=VECTOR('',#9853,10.);
#2937=VECTOR('',#9856,5.5);
#2938=VECTOR('',#9859,10.);
#2939=VECTOR('',#9862,5.5);
#2940=VECTOR('',#9865,10.);
#2941=VECTOR('',#9868,5.5);
#2942=VECTOR('',#9871,10.);
#2943=VECTOR('',#9874,5.5);
#2944=VECTOR('',#9877,10.);
#2945=VECTOR('',#9880,5.5);
#2946=VECTOR('',#9883,10.);
#2947=VECTOR('',#9886,5.5);
#2948=VECTOR('',#9889,10.);
#2949=VECTOR('',#9892,5.5);
#2950=VECTOR('',#9895,10.);
#2951=VECTOR('',#9898,10.);
#2952=VECTOR('',#9899,5.5);
#2953=VECTOR('',#9904,10.);
#2954=VECTOR('',#9905,5.5);
#2955=VECTOR('',#9910,10.);
#2956=VECTOR('',#9911,5.5);
#2957=VECTOR('',#9916,10.);
#2958=VECTOR('',#9917,5.5);
#2959=VECTOR('',#9922,10.);
#2960=VECTOR('',#9923,5.5);
#2961=VECTOR('',#9928,10.);
#2962=VECTOR('',#9929,5.5);
#2963=VECTOR('',#9934,10.);
#2964=VECTOR('',#9935,5.5);
#2965=VECTOR('',#9938,10.);
#2966=VECTOR('',#9939,10.);
#2967=VECTOR('',#9940,10.);
#2968=VECTOR('',#9941,10.);
#2969=VECTOR('',#9942,10.);
#2970=VECTOR('',#9943,10.);
#2971=VECTOR('',#9944,10.);
#2972=VECTOR('',#9945,10.);
#2973=VECTOR('',#9946,10.);
#2974=VECTOR('',#9947,10.);
#2975=VECTOR('',#9948,10.);
#2976=VECTOR('',#9949,10.);
#2977=VECTOR('',#9950,10.);
#2978=VECTOR('',#9951,10.);
#2979=VECTOR('',#9952,10.);
#2980=VECTOR('',#9953,10.);
#2981=VECTOR('',#9956,10.);
#2982=VECTOR('',#9957,10.);
#2983=VECTOR('',#9958,10.);
#2984=VECTOR('',#9961,10.);
#2985=VECTOR('',#9962,10.);
#2986=VECTOR('',#9965,10.);
#2987=VECTOR('',#9966,10.);
#2988=VECTOR('',#9969,10.);
#2989=VECTOR('',#9970,10.);
#2990=VECTOR('',#9973,10.);
#2991=VECTOR('',#9974,10.);
#2992=VECTOR('',#9977,10.);
#2993=VECTOR('',#9978,10.);
#2994=VECTOR('',#9981,10.);
#2995=VECTOR('',#9982,10.);
#2996=VECTOR('',#9985,10.);
#2997=VECTOR('',#9986,10.);
#2998=VECTOR('',#9989,10.);
#2999=VECTOR('',#9990,10.);
#3000=VECTOR('',#9993,10.);
#3001=VECTOR('',#9994,10.);
#3002=VECTOR('',#9997,10.);
#3003=VECTOR('',#9998,10.);
#3004=VECTOR('',#10001,10.);
#3005=VECTOR('',#10002,10.);
#3006=VECTOR('',#10005,10.);
#3007=VECTOR('',#10006,10.);
#3008=VECTOR('',#10009,10.);
#3009=VECTOR('',#10010,10.);
#3010=VECTOR('',#10013,10.);
#3011=VECTOR('',#10014,10.);
#3012=VECTOR('',#10017,10.);
#3013=VERTEX_POINT('',#10022);
#3014=VERTEX_POINT('',#10023);
#3015=VERTEX_POINT('',#10025);
#3016=VERTEX_POINT('',#10027);
#3017=VERTEX_POINT('',#10031);
#3018=VERTEX_POINT('',#10032);
#3019=VERTEX_POINT('',#10034);
#3020=VERTEX_POINT('',#10036);
#3021=VERTEX_POINT('',#10043);
#3022=VERTEX_POINT('',#10045);
#3023=VERTEX_POINT('',#10047);
#3024=VERTEX_POINT('',#10049);
#3025=VERTEX_POINT('',#10052);
#3026=VERTEX_POINT('',#10053);
#3027=VERTEX_POINT('',#10055);
#3028=VERTEX_POINT('',#10057);
#3029=VERTEX_POINT('',#10059);
#3030=VERTEX_POINT('',#10061);
#3031=VERTEX_POINT('',#10063);
#3032=VERTEX_POINT('',#10065);
#3033=VERTEX_POINT('',#10067);
#3034=VERTEX_POINT('',#10069);
#3035=VERTEX_POINT('',#10071);
#3036=VERTEX_POINT('',#10073);
#3037=VERTEX_POINT('',#10075);
#3038=VERTEX_POINT('',#10077);
#3039=VERTEX_POINT('',#10079);
#3040=VERTEX_POINT('',#10081);
#3041=VERTEX_POINT('',#10084);
#3042=VERTEX_POINT('',#10085);
#3043=VERTEX_POINT('',#10087);
#3044=VERTEX_POINT('',#10089);
#3045=VERTEX_POINT('',#10091);
#3046=VERTEX_POINT('',#10093);
#3047=VERTEX_POINT('',#10095);
#3048=VERTEX_POINT('',#10097);
#3049=VERTEX_POINT('',#10099);
#3050=VERTEX_POINT('',#10101);
#3051=VERTEX_POINT('',#10103);
#3052=VERTEX_POINT('',#10105);
#3053=VERTEX_POINT('',#10107);
#3054=VERTEX_POINT('',#10109);
#3055=VERTEX_POINT('',#10111);
#3056=VERTEX_POINT('',#10113);
#3057=VERTEX_POINT('',#10116);
#3058=VERTEX_POINT('',#10117);
#3059=VERTEX_POINT('',#10119);
#3060=VERTEX_POINT('',#10121);
#3061=VERTEX_POINT('',#10123);
#3062=VERTEX_POINT('',#10125);
#3063=VERTEX_POINT('',#10127);
#3064=VERTEX_POINT('',#10129);
#3065=VERTEX_POINT('',#10131);
#3066=VERTEX_POINT('',#10133);
#3067=VERTEX_POINT('',#10135);
#3068=VERTEX_POINT('',#10137);
#3069=VERTEX_POINT('',#10139);
#3070=VERTEX_POINT('',#10141);
#3071=VERTEX_POINT('',#10143);
#3072=VERTEX_POINT('',#10145);
#3073=VERTEX_POINT('',#10148);
#3074=VERTEX_POINT('',#10149);
#3075=VERTEX_POINT('',#10151);
#3076=VERTEX_POINT('',#10153);
#3077=VERTEX_POINT('',#10155);
#3078=VERTEX_POINT('',#10157);
#3079=VERTEX_POINT('',#10159);
#3080=VERTEX_POINT('',#10161);
#3081=VERTEX_POINT('',#10163);
#3082=VERTEX_POINT('',#10165);
#3083=VERTEX_POINT('',#10167);
#3084=VERTEX_POINT('',#10169);
#3085=VERTEX_POINT('',#10171);
#3086=VERTEX_POINT('',#10173);
#3087=VERTEX_POINT('',#10175);
#3088=VERTEX_POINT('',#10177);
#3089=VERTEX_POINT('',#10179);
#3090=VERTEX_POINT('',#10181);
#3091=VERTEX_POINT('',#10183);
#3092=VERTEX_POINT('',#10185);
#3093=VERTEX_POINT('',#10187);
#3094=VERTEX_POINT('',#10189);
#3095=VERTEX_POINT('',#10191);
#3096=VERTEX_POINT('',#10193);
#3097=VERTEX_POINT('',#10195);
#3098=VERTEX_POINT('',#10197);
#3099=VERTEX_POINT('',#10199);
#3100=VERTEX_POINT('',#10201);
#3101=VERTEX_POINT('',#10203);
#3102=VERTEX_POINT('',#10205);
#3103=VERTEX_POINT('',#10207);
#3104=VERTEX_POINT('',#10209);
#3105=VERTEX_POINT('',#10211);
#3106=VERTEX_POINT('',#10213);
#3107=VERTEX_POINT('',#10216);
#3108=VERTEX_POINT('',#10217);
#3109=VERTEX_POINT('',#10219);
#3110=VERTEX_POINT('',#10221);
#3111=VERTEX_POINT('',#10223);
#3112=VERTEX_POINT('',#10225);
#3113=VERTEX_POINT('',#10227);
#3114=VERTEX_POINT('',#10229);
#3115=VERTEX_POINT('',#10231);
#3116=VERTEX_POINT('',#10233);
#3117=VERTEX_POINT('',#10235);
#3118=VERTEX_POINT('',#10237);
#3119=VERTEX_POINT('',#10239);
#3120=VERTEX_POINT('',#10241);
#3121=VERTEX_POINT('',#10243);
#3122=VERTEX_POINT('',#10245);
#3123=VERTEX_POINT('',#10248);
#3124=VERTEX_POINT('',#10249);
#3125=VERTEX_POINT('',#10251);
#3126=VERTEX_POINT('',#10253);
#3127=VERTEX_POINT('',#10255);
#3128=VERTEX_POINT('',#10257);
#3129=VERTEX_POINT('',#10259);
#3130=VERTEX_POINT('',#10261);
#3131=VERTEX_POINT('',#10263);
#3132=VERTEX_POINT('',#10265);
#3133=VERTEX_POINT('',#10267);
#3134=VERTEX_POINT('',#10269);
#3135=VERTEX_POINT('',#10271);
#3136=VERTEX_POINT('',#10273);
#3137=VERTEX_POINT('',#10275);
#3138=VERTEX_POINT('',#10277);
#3139=VERTEX_POINT('',#10279);
#3140=VERTEX_POINT('',#10281);
#3141=VERTEX_POINT('',#10283);
#3142=VERTEX_POINT('',#10285);
#3143=VERTEX_POINT('',#10287);
#3144=VERTEX_POINT('',#10289);
#3145=VERTEX_POINT('',#10291);
#3146=VERTEX_POINT('',#10293);
#3147=VERTEX_POINT('',#10295);
#3148=VERTEX_POINT('',#10297);
#3149=VERTEX_POINT('',#10299);
#3150=VERTEX_POINT('',#10301);
#3151=VERTEX_POINT('',#10303);
#3152=VERTEX_POINT('',#10305);
#3153=VERTEX_POINT('',#10307);
#3154=VERTEX_POINT('',#10309);
#3155=VERTEX_POINT('',#10311);
#3156=VERTEX_POINT('',#10313);
#3157=VERTEX_POINT('',#10315);
#3158=VERTEX_POINT('',#10317);
#3159=VERTEX_POINT('',#10319);
#3160=VERTEX_POINT('',#10321);
#3161=VERTEX_POINT('',#10323);
#3162=VERTEX_POINT('',#10325);
#3163=VERTEX_POINT('',#10327);
#3164=VERTEX_POINT('',#10329);
#3165=VERTEX_POINT('',#10331);
#3166=VERTEX_POINT('',#10333);
#3167=VERTEX_POINT('',#10335);
#3168=VERTEX_POINT('',#10337);
#3169=VERTEX_POINT('',#10339);
#3170=VERTEX_POINT('',#10341);
#3171=VERTEX_POINT('',#10343);
#3172=VERTEX_POINT('',#10345);
#3173=VERTEX_POINT('',#10347);
#3174=VERTEX_POINT('',#10349);
#3175=VERTEX_POINT('',#10351);
#3176=VERTEX_POINT('',#10353);
#3177=VERTEX_POINT('',#10355);
#3178=VERTEX_POINT('',#10357);
#3179=VERTEX_POINT('',#10359);
#3180=VERTEX_POINT('',#10361);
#3181=VERTEX_POINT('',#10363);
#3182=VERTEX_POINT('',#10365);
#3183=VERTEX_POINT('',#10367);
#3184=VERTEX_POINT('',#10369);
#3185=VERTEX_POINT('',#10371);
#3186=VERTEX_POINT('',#10373);
#3187=VERTEX_POINT('',#10376);
#3188=VERTEX_POINT('',#10377);
#3189=VERTEX_POINT('',#10379);
#3190=VERTEX_POINT('',#10381);
#3191=VERTEX_POINT('',#10383);
#3192=VERTEX_POINT('',#10385);
#3193=VERTEX_POINT('',#10387);
#3194=VERTEX_POINT('',#10389);
#3195=VERTEX_POINT('',#10391);
#3196=VERTEX_POINT('',#10393);
#3197=VERTEX_POINT('',#10395);
#3198=VERTEX_POINT('',#10397);
#3199=VERTEX_POINT('',#10399);
#3200=VERTEX_POINT('',#10401);
#3201=VERTEX_POINT('',#10403);
#3202=VERTEX_POINT('',#10405);
#3203=VERTEX_POINT('',#10407);
#3204=VERTEX_POINT('',#10409);
#3205=VERTEX_POINT('',#10411);
#3206=VERTEX_POINT('',#10413);
#3207=VERTEX_POINT('',#10415);
#3208=VERTEX_POINT('',#10417);
#3209=VERTEX_POINT('',#10419);
#3210=VERTEX_POINT('',#10421);
#3211=VERTEX_POINT('',#10423);
#3212=VERTEX_POINT('',#10425);
#3213=VERTEX_POINT('',#10427);
#3214=VERTEX_POINT('',#10429);
#3215=VERTEX_POINT('',#10431);
#3216=VERTEX_POINT('',#10433);
#3217=VERTEX_POINT('',#10435);
#3218=VERTEX_POINT('',#10437);
#3219=VERTEX_POINT('',#10439);
#3220=VERTEX_POINT('',#10441);
#3221=VERTEX_POINT('',#10443);
#3222=VERTEX_POINT('',#10445);
#3223=VERTEX_POINT('',#10447);
#3224=VERTEX_POINT('',#10450);
#3225=VERTEX_POINT('',#10451);
#3226=VERTEX_POINT('',#10453);
#3227=VERTEX_POINT('',#10455);
#3228=VERTEX_POINT('',#10457);
#3229=VERTEX_POINT('',#10459);
#3230=VERTEX_POINT('',#10461);
#3231=VERTEX_POINT('',#10463);
#3232=VERTEX_POINT('',#10465);
#3233=VERTEX_POINT('',#10467);
#3234=VERTEX_POINT('',#10469);
#3235=VERTEX_POINT('',#10471);
#3236=VERTEX_POINT('',#10473);
#3237=VERTEX_POINT('',#10475);
#3238=VERTEX_POINT('',#10477);
#3239=VERTEX_POINT('',#10479);
#3240=VERTEX_POINT('',#10482);
#3241=VERTEX_POINT('',#10483);
#3242=VERTEX_POINT('',#10485);
#3243=VERTEX_POINT('',#10487);
#3244=VERTEX_POINT('',#10489);
#3245=VERTEX_POINT('',#10491);
#3246=VERTEX_POINT('',#10493);
#3247=VERTEX_POINT('',#10495);
#3248=VERTEX_POINT('',#10497);
#3249=VERTEX_POINT('',#10499);
#3250=VERTEX_POINT('',#10501);
#3251=VERTEX_POINT('',#10503);
#3252=VERTEX_POINT('',#10505);
#3253=VERTEX_POINT('',#10507);
#3254=VERTEX_POINT('',#10509);
#3255=VERTEX_POINT('',#10511);
#3256=VERTEX_POINT('',#10514);
#3257=VERTEX_POINT('',#10515);
#3258=VERTEX_POINT('',#10517);
#3259=VERTEX_POINT('',#10519);
#3260=VERTEX_POINT('',#10521);
#3261=VERTEX_POINT('',#10523);
#3262=VERTEX_POINT('',#10525);
#3263=VERTEX_POINT('',#10527);
#3264=VERTEX_POINT('',#10529);
#3265=VERTEX_POINT('',#10531);
#3266=VERTEX_POINT('',#10533);
#3267=VERTEX_POINT('',#10535);
#3268=VERTEX_POINT('',#10537);
#3269=VERTEX_POINT('',#10539);
#3270=VERTEX_POINT('',#10541);
#3271=VERTEX_POINT('',#10543);
#3272=VERTEX_POINT('',#10545);
#3273=VERTEX_POINT('',#10547);
#3274=VERTEX_POINT('',#10549);
#3275=VERTEX_POINT('',#10551);
#3276=VERTEX_POINT('',#10553);
#3277=VERTEX_POINT('',#10555);
#3278=VERTEX_POINT('',#10557);
#3279=VERTEX_POINT('',#10559);
#3280=VERTEX_POINT('',#10561);
#3281=VERTEX_POINT('',#10563);
#3282=VERTEX_POINT('',#10565);
#3283=VERTEX_POINT('',#10568);
#3284=VERTEX_POINT('',#10569);
#3285=VERTEX_POINT('',#10571);
#3286=VERTEX_POINT('',#10573);
#3287=VERTEX_POINT('',#10575);
#3288=VERTEX_POINT('',#10577);
#3289=VERTEX_POINT('',#10579);
#3290=VERTEX_POINT('',#10581);
#3291=VERTEX_POINT('',#10583);
#3292=VERTEX_POINT('',#10585);
#3293=VERTEX_POINT('',#10587);
#3294=VERTEX_POINT('',#10589);
#3295=VERTEX_POINT('',#10591);
#3296=VERTEX_POINT('',#10593);
#3297=VERTEX_POINT('',#10595);
#3298=VERTEX_POINT('',#10597);
#3299=VERTEX_POINT('',#10599);
#3300=VERTEX_POINT('',#10601);
#3301=VERTEX_POINT('',#10603);
#3302=VERTEX_POINT('',#10605);
#3303=VERTEX_POINT('',#10608);
#3304=VERTEX_POINT('',#10609);
#3305=VERTEX_POINT('',#10611);
#3306=VERTEX_POINT('',#10613);
#3307=VERTEX_POINT('',#10615);
#3308=VERTEX_POINT('',#10617);
#3309=VERTEX_POINT('',#10619);
#3310=VERTEX_POINT('',#10621);
#3311=VERTEX_POINT('',#10623);
#3312=VERTEX_POINT('',#10625);
#3313=VERTEX_POINT('',#10627);
#3314=VERTEX_POINT('',#10629);
#3315=VERTEX_POINT('',#10631);
#3316=VERTEX_POINT('',#10633);
#3317=VERTEX_POINT('',#10635);
#3318=VERTEX_POINT('',#10637);
#3319=VERTEX_POINT('',#10640);
#3320=VERTEX_POINT('',#10641);
#3321=VERTEX_POINT('',#10643);
#3322=VERTEX_POINT('',#10645);
#3323=VERTEX_POINT('',#10647);
#3324=VERTEX_POINT('',#10649);
#3325=VERTEX_POINT('',#10651);
#3326=VERTEX_POINT('',#10653);
#3327=VERTEX_POINT('',#10655);
#3328=VERTEX_POINT('',#10657);
#3329=VERTEX_POINT('',#10659);
#3330=VERTEX_POINT('',#10661);
#3331=VERTEX_POINT('',#10663);
#3332=VERTEX_POINT('',#10665);
#3333=VERTEX_POINT('',#10667);
#3334=VERTEX_POINT('',#10669);
#3335=VERTEX_POINT('',#10672);
#3336=VERTEX_POINT('',#10673);
#3337=VERTEX_POINT('',#10675);
#3338=VERTEX_POINT('',#10677);
#3339=VERTEX_POINT('',#10679);
#3340=VERTEX_POINT('',#10681);
#3341=VERTEX_POINT('',#10683);
#3342=VERTEX_POINT('',#10685);
#3343=VERTEX_POINT('',#10687);
#3344=VERTEX_POINT('',#10689);
#3345=VERTEX_POINT('',#10691);
#3346=VERTEX_POINT('',#10693);
#3347=VERTEX_POINT('',#10695);
#3348=VERTEX_POINT('',#10697);
#3349=VERTEX_POINT('',#10699);
#3350=VERTEX_POINT('',#10701);
#3351=VERTEX_POINT('',#10705);
#3352=VERTEX_POINT('',#10709);
#3353=VERTEX_POINT('',#10710);
#3354=VERTEX_POINT('',#10715);
#3355=VERTEX_POINT('',#10719);
#3356=VERTEX_POINT('',#10723);
#3357=VERTEX_POINT('',#10727);
#3358=VERTEX_POINT('',#10731);
#3359=VERTEX_POINT('',#10735);
#3360=VERTEX_POINT('',#10739);
#3361=VERTEX_POINT('',#10743);
#3362=VERTEX_POINT('',#10747);
#3363=VERTEX_POINT('',#10751);
#3364=VERTEX_POINT('',#10755);
#3365=VERTEX_POINT('',#10759);
#3366=VERTEX_POINT('',#10763);
#3367=VERTEX_POINT('',#10767);
#3368=VERTEX_POINT('',#10773);
#3369=VERTEX_POINT('',#10774);
#3370=VERTEX_POINT('',#10779);
#3371=VERTEX_POINT('',#10783);
#3372=VERTEX_POINT('',#10787);
#3373=VERTEX_POINT('',#10791);
#3374=VERTEX_POINT('',#10795);
#3375=VERTEX_POINT('',#10799);
#3376=VERTEX_POINT('',#10803);
#3377=VERTEX_POINT('',#10807);
#3378=VERTEX_POINT('',#10811);
#3379=VERTEX_POINT('',#10815);
#3380=VERTEX_POINT('',#10819);
#3381=VERTEX_POINT('',#10823);
#3382=VERTEX_POINT('',#10827);
#3383=VERTEX_POINT('',#10831);
#3384=VERTEX_POINT('',#10837);
#3385=VERTEX_POINT('',#10838);
#3386=VERTEX_POINT('',#10843);
#3387=VERTEX_POINT('',#10847);
#3388=VERTEX_POINT('',#10851);
#3389=VERTEX_POINT('',#10855);
#3390=VERTEX_POINT('',#10859);
#3391=VERTEX_POINT('',#10863);
#3392=VERTEX_POINT('',#10867);
#3393=VERTEX_POINT('',#10871);
#3394=VERTEX_POINT('',#10875);
#3395=VERTEX_POINT('',#10879);
#3396=VERTEX_POINT('',#10883);
#3397=VERTEX_POINT('',#10887);
#3398=VERTEX_POINT('',#10891);
#3399=VERTEX_POINT('',#10895);
#3400=VERTEX_POINT('',#10901);
#3401=VERTEX_POINT('',#10902);
#3402=VERTEX_POINT('',#10907);
#3403=VERTEX_POINT('',#10911);
#3404=VERTEX_POINT('',#10915);
#3405=VERTEX_POINT('',#10919);
#3406=VERTEX_POINT('',#10923);
#3407=VERTEX_POINT('',#10927);
#3408=VERTEX_POINT('',#10931);
#3409=VERTEX_POINT('',#10935);
#3410=VERTEX_POINT('',#10939);
#3411=VERTEX_POINT('',#10943);
#3412=VERTEX_POINT('',#10947);
#3413=VERTEX_POINT('',#10951);
#3414=VERTEX_POINT('',#10955);
#3415=VERTEX_POINT('',#10959);
#3416=VERTEX_POINT('',#10963);
#3417=VERTEX_POINT('',#10967);
#3418=VERTEX_POINT('',#10971);
#3419=VERTEX_POINT('',#10975);
#3420=VERTEX_POINT('',#10981);
#3421=VERTEX_POINT('',#10982);
#3422=VERTEX_POINT('',#10987);
#3423=VERTEX_POINT('',#10991);
#3424=VERTEX_POINT('',#10995);
#3425=VERTEX_POINT('',#10999);
#3426=VERTEX_POINT('',#11003);
#3427=VERTEX_POINT('',#11007);
#3428=VERTEX_POINT('',#11011);
#3429=VERTEX_POINT('',#11015);
#3430=VERTEX_POINT('',#11019);
#3431=VERTEX_POINT('',#11023);
#3432=VERTEX_POINT('',#11027);
#3433=VERTEX_POINT('',#11031);
#3434=VERTEX_POINT('',#11035);
#3435=VERTEX_POINT('',#11039);
#3436=VERTEX_POINT('',#11043);
#3437=VERTEX_POINT('',#11047);
#3438=VERTEX_POINT('',#11051);
#3439=VERTEX_POINT('',#11055);
#3440=VERTEX_POINT('',#11059);
#3441=VERTEX_POINT('',#11063);
#3442=VERTEX_POINT('',#11067);
#3443=VERTEX_POINT('',#11071);
#3444=VERTEX_POINT('',#11075);
#3445=VERTEX_POINT('',#11079);
#3446=VERTEX_POINT('',#11083);
#3447=VERTEX_POINT('',#11089);
#3448=VERTEX_POINT('',#11090);
#3449=VERTEX_POINT('',#11095);
#3450=VERTEX_POINT('',#11099);
#3451=VERTEX_POINT('',#11103);
#3452=VERTEX_POINT('',#11107);
#3453=VERTEX_POINT('',#11111);
#3454=VERTEX_POINT('',#11115);
#3455=VERTEX_POINT('',#11119);
#3456=VERTEX_POINT('',#11123);
#3457=VERTEX_POINT('',#11127);
#3458=VERTEX_POINT('',#11131);
#3459=VERTEX_POINT('',#11135);
#3460=VERTEX_POINT('',#11139);
#3461=VERTEX_POINT('',#11143);
#3462=VERTEX_POINT('',#11147);
#3463=VERTEX_POINT('',#11153);
#3464=VERTEX_POINT('',#11154);
#3465=VERTEX_POINT('',#11159);
#3466=VERTEX_POINT('',#11163);
#3467=VERTEX_POINT('',#11167);
#3468=VERTEX_POINT('',#11171);
#3469=VERTEX_POINT('',#11175);
#3470=VERTEX_POINT('',#11179);
#3471=VERTEX_POINT('',#11183);
#3472=VERTEX_POINT('',#11187);
#3473=VERTEX_POINT('',#11191);
#3474=VERTEX_POINT('',#11195);
#3475=VERTEX_POINT('',#11199);
#3476=VERTEX_POINT('',#11203);
#3477=VERTEX_POINT('',#11207);
#3478=VERTEX_POINT('',#11211);
#3479=VERTEX_POINT('',#11217);
#3480=VERTEX_POINT('',#11218);
#3481=VERTEX_POINT('',#11223);
#3482=VERTEX_POINT('',#11227);
#3483=VERTEX_POINT('',#11231);
#3484=VERTEX_POINT('',#11235);
#3485=VERTEX_POINT('',#11239);
#3486=VERTEX_POINT('',#11243);
#3487=VERTEX_POINT('',#11247);
#3488=VERTEX_POINT('',#11251);
#3489=VERTEX_POINT('',#11255);
#3490=VERTEX_POINT('',#11259);
#3491=VERTEX_POINT('',#11263);
#3492=VERTEX_POINT('',#11267);
#3493=VERTEX_POINT('',#11271);
#3494=VERTEX_POINT('',#11275);
#3495=VERTEX_POINT('',#11279);
#3496=VERTEX_POINT('',#11283);
#3497=VERTEX_POINT('',#11287);
#3498=VERTEX_POINT('',#11291);
#3499=VERTEX_POINT('',#11295);
#3500=VERTEX_POINT('',#11299);
#3501=VERTEX_POINT('',#11303);
#3502=VERTEX_POINT('',#11307);
#3503=VERTEX_POINT('',#11311);
#3504=VERTEX_POINT('',#11315);
#3505=VERTEX_POINT('',#11319);
#3506=VERTEX_POINT('',#11323);
#3507=VERTEX_POINT('',#11327);
#3508=VERTEX_POINT('',#11331);
#3509=VERTEX_POINT('',#11335);
#3510=VERTEX_POINT('',#11339);
#3511=VERTEX_POINT('',#11343);
#3512=VERTEX_POINT('',#11347);
#3513=VERTEX_POINT('',#11351);
#3514=VERTEX_POINT('',#11355);
#3515=VERTEX_POINT('',#11359);
#3516=VERTEX_POINT('',#11365);
#3517=VERTEX_POINT('',#11366);
#3518=VERTEX_POINT('',#11371);
#3519=VERTEX_POINT('',#11375);
#3520=VERTEX_POINT('',#11379);
#3521=VERTEX_POINT('',#11383);
#3522=VERTEX_POINT('',#11387);
#3523=VERTEX_POINT('',#11391);
#3524=VERTEX_POINT('',#11395);
#3525=VERTEX_POINT('',#11399);
#3526=VERTEX_POINT('',#11403);
#3527=VERTEX_POINT('',#11407);
#3528=VERTEX_POINT('',#11411);
#3529=VERTEX_POINT('',#11415);
#3530=VERTEX_POINT('',#11419);
#3531=VERTEX_POINT('',#11423);
#3532=VERTEX_POINT('',#11427);
#3533=VERTEX_POINT('',#11431);
#3534=VERTEX_POINT('',#11435);
#3535=VERTEX_POINT('',#11439);
#3536=VERTEX_POINT('',#11443);
#3537=VERTEX_POINT('',#11447);
#3538=VERTEX_POINT('',#11451);
#3539=VERTEX_POINT('',#11455);
#3540=VERTEX_POINT('',#11459);
#3541=VERTEX_POINT('',#11463);
#3542=VERTEX_POINT('',#11467);
#3543=VERTEX_POINT('',#11471);
#3544=VERTEX_POINT('',#11475);
#3545=VERTEX_POINT('',#11479);
#3546=VERTEX_POINT('',#11483);
#3547=VERTEX_POINT('',#11487);
#3548=VERTEX_POINT('',#11491);
#3549=VERTEX_POINT('',#11495);
#3550=VERTEX_POINT('',#11499);
#3551=VERTEX_POINT('',#11503);
#3552=VERTEX_POINT('',#11507);
#3553=VERTEX_POINT('',#11511);
#3554=VERTEX_POINT('',#11515);
#3555=VERTEX_POINT('',#11519);
#3556=VERTEX_POINT('',#11523);
#3557=VERTEX_POINT('',#11527);
#3558=VERTEX_POINT('',#11531);
#3559=VERTEX_POINT('',#11535);
#3560=VERTEX_POINT('',#11539);
#3561=VERTEX_POINT('',#11543);
#3562=VERTEX_POINT('',#11547);
#3563=VERTEX_POINT('',#11551);
#3564=VERTEX_POINT('',#11555);
#3565=VERTEX_POINT('',#11559);
#3566=VERTEX_POINT('',#11563);
#3567=VERTEX_POINT('',#11567);
#3568=VERTEX_POINT('',#11571);
#3569=VERTEX_POINT('',#11575);
#3570=VERTEX_POINT('',#11579);
#3571=VERTEX_POINT('',#11583);
#3572=VERTEX_POINT('',#11587);
#3573=VERTEX_POINT('',#11591);
#3574=VERTEX_POINT('',#11595);
#3575=VERTEX_POINT('',#11599);
#3576=VERTEX_POINT('',#11603);
#3577=VERTEX_POINT('',#11607);
#3578=VERTEX_POINT('',#11611);
#3579=VERTEX_POINT('',#11615);
#3580=VERTEX_POINT('',#11621);
#3581=VERTEX_POINT('',#11622);
#3582=VERTEX_POINT('',#11627);
#3583=VERTEX_POINT('',#11631);
#3584=VERTEX_POINT('',#11635);
#3585=VERTEX_POINT('',#11639);
#3586=VERTEX_POINT('',#11643);
#3587=VERTEX_POINT('',#11647);
#3588=VERTEX_POINT('',#11651);
#3589=VERTEX_POINT('',#11655);
#3590=VERTEX_POINT('',#11659);
#3591=VERTEX_POINT('',#11663);
#3592=VERTEX_POINT('',#11667);
#3593=VERTEX_POINT('',#11671);
#3594=VERTEX_POINT('',#11675);
#3595=VERTEX_POINT('',#11679);
#3596=VERTEX_POINT('',#11685);
#3597=VERTEX_POINT('',#11686);
#3598=VERTEX_POINT('',#11691);
#3599=VERTEX_POINT('',#11695);
#3600=VERTEX_POINT('',#11699);
#3601=VERTEX_POINT('',#11703);
#3602=VERTEX_POINT('',#11707);
#3603=VERTEX_POINT('',#11711);
#3604=VERTEX_POINT('',#11715);
#3605=VERTEX_POINT('',#11719);
#3606=VERTEX_POINT('',#11723);
#3607=VERTEX_POINT('',#11727);
#3608=VERTEX_POINT('',#11731);
#3609=VERTEX_POINT('',#11735);
#3610=VERTEX_POINT('',#11739);
#3611=VERTEX_POINT('',#11743);
#3612=VERTEX_POINT('',#11747);
#3613=VERTEX_POINT('',#11751);
#3614=VERTEX_POINT('',#11755);
#3615=VERTEX_POINT('',#11759);
#3616=VERTEX_POINT('',#11763);
#3617=VERTEX_POINT('',#11767);
#3618=VERTEX_POINT('',#11771);
#3619=VERTEX_POINT('',#11775);
#3620=VERTEX_POINT('',#11779);
#3621=VERTEX_POINT('',#11783);
#3622=VERTEX_POINT('',#11787);
#3623=VERTEX_POINT('',#11791);
#3624=VERTEX_POINT('',#11795);
#3625=VERTEX_POINT('',#11799);
#3626=VERTEX_POINT('',#11803);
#3627=VERTEX_POINT('',#11807);
#3628=VERTEX_POINT('',#11811);
#3629=VERTEX_POINT('',#11815);
#3630=VERTEX_POINT('',#11821);
#3631=VERTEX_POINT('',#11822);
#3632=VERTEX_POINT('',#11827);
#3633=VERTEX_POINT('',#11831);
#3634=VERTEX_POINT('',#11835);
#3635=VERTEX_POINT('',#11839);
#3636=VERTEX_POINT('',#11843);
#3637=VERTEX_POINT('',#11847);
#3638=VERTEX_POINT('',#11851);
#3639=VERTEX_POINT('',#11855);
#3640=VERTEX_POINT('',#11859);
#3641=VERTEX_POINT('',#11863);
#3642=VERTEX_POINT('',#11867);
#3643=VERTEX_POINT('',#11871);
#3644=VERTEX_POINT('',#11875);
#3645=VERTEX_POINT('',#11879);
#3646=VERTEX_POINT('',#11885);
#3647=VERTEX_POINT('',#11886);
#3648=VERTEX_POINT('',#11891);
#3649=VERTEX_POINT('',#11895);
#3650=VERTEX_POINT('',#11899);
#3651=VERTEX_POINT('',#11903);
#3652=VERTEX_POINT('',#11907);
#3653=VERTEX_POINT('',#11911);
#3654=VERTEX_POINT('',#11915);
#3655=VERTEX_POINT('',#11919);
#3656=VERTEX_POINT('',#11923);
#3657=VERTEX_POINT('',#11927);
#3658=VERTEX_POINT('',#11931);
#3659=VERTEX_POINT('',#11935);
#3660=VERTEX_POINT('',#11939);
#3661=VERTEX_POINT('',#11943);
#3662=VERTEX_POINT('',#11949);
#3663=VERTEX_POINT('',#11950);
#3664=VERTEX_POINT('',#11955);
#3665=VERTEX_POINT('',#11959);
#3666=VERTEX_POINT('',#11963);
#3667=VERTEX_POINT('',#11967);
#3668=VERTEX_POINT('',#11971);
#3669=VERTEX_POINT('',#11975);
#3670=VERTEX_POINT('',#11979);
#3671=VERTEX_POINT('',#11983);
#3672=VERTEX_POINT('',#11987);
#3673=VERTEX_POINT('',#11991);
#3674=VERTEX_POINT('',#11995);
#3675=VERTEX_POINT('',#11999);
#3676=VERTEX_POINT('',#12003);
#3677=VERTEX_POINT('',#12007);
#3678=VERTEX_POINT('',#12013);
#3679=VERTEX_POINT('',#12017);
#3680=VERTEX_POINT('',#12021);
#3681=VERTEX_POINT('',#12028);
#3682=VERTEX_POINT('',#12029);
#3683=VERTEX_POINT('',#12031);
#3684=VERTEX_POINT('',#12033);
#3685=VERTEX_POINT('',#12037);
#3686=VERTEX_POINT('',#12039);
#3687=VERTEX_POINT('',#12043);
#3688=VERTEX_POINT('',#12045);
#3689=VERTEX_POINT('',#12049);
#3690=VERTEX_POINT('',#12051);
#3691=VERTEX_POINT('',#12055);
#3692=VERTEX_POINT('',#12057);
#3693=VERTEX_POINT('',#12061);
#3694=VERTEX_POINT('',#12063);
#3695=VERTEX_POINT('',#12067);
#3696=VERTEX_POINT('',#12069);
#3697=VERTEX_POINT('',#12073);
#3698=VERTEX_POINT('',#12075);
#3699=VERTEX_POINT('',#12079);
#3700=VERTEX_POINT('',#12081);
#3701=VERTEX_POINT('',#12085);
#3702=VERTEX_POINT('',#12087);
#3703=VERTEX_POINT('',#12091);
#3704=VERTEX_POINT('',#12093);
#3705=VERTEX_POINT('',#12097);
#3706=VERTEX_POINT('',#12099);
#3707=VERTEX_POINT('',#12103);
#3708=VERTEX_POINT('',#12105);
#3709=VERTEX_POINT('',#12109);
#3710=VERTEX_POINT('',#12111);
#3711=VERTEX_POINT('',#12115);
#3712=VERTEX_POINT('',#12117);
#3713=VERTEX_POINT('',#12124);
#3714=VERTEX_POINT('',#12125);
#3715=VERTEX_POINT('',#12127);
#3716=VERTEX_POINT('',#12129);
#3717=VERTEX_POINT('',#12131);
#3718=VERTEX_POINT('',#12133);
#3719=VERTEX_POINT('',#12135);
#3720=VERTEX_POINT('',#12137);
#3721=VERTEX_POINT('',#12139);
#3722=VERTEX_POINT('',#12141);
#3723=VERTEX_POINT('',#12143);
#3724=VERTEX_POINT('',#12145);
#3725=VERTEX_POINT('',#12147);
#3726=VERTEX_POINT('',#12149);
#3727=VERTEX_POINT('',#12151);
#3728=VERTEX_POINT('',#12153);
#3729=VERTEX_POINT('',#12157);
#3730=VERTEX_POINT('',#12158);
#3731=VERTEX_POINT('',#12163);
#3732=VERTEX_POINT('',#12167);
#3733=VERTEX_POINT('',#12171);
#3734=VERTEX_POINT('',#12175);
#3735=VERTEX_POINT('',#12179);
#3736=VERTEX_POINT('',#12183);
#3737=VERTEX_POINT('',#12187);
#3738=VERTEX_POINT('',#12191);
#3739=VERTEX_POINT('',#12195);
#3740=VERTEX_POINT('',#12199);
#3741=VERTEX_POINT('',#12203);
#3742=VERTEX_POINT('',#12207);
#3743=VERTEX_POINT('',#12211);
#3744=VERTEX_POINT('',#12215);
#3745=EDGE_CURVE('',#3013,#3014,#849,.T.);
#3746=EDGE_CURVE('',#3015,#3013,#850,.T.);
#3747=EDGE_CURVE('',#3015,#3016,#851,.T.);
#3748=EDGE_CURVE('',#3014,#3016,#852,.T.);
#3749=EDGE_CURVE('',#3017,#3018,#853,.T.);
#3750=EDGE_CURVE('',#3019,#3017,#854,.T.);
#3751=EDGE_CURVE('',#3020,#3019,#855,.T.);
#3752=EDGE_CURVE('',#3018,#3020,#856,.T.);
#3753=EDGE_CURVE('',#3020,#3015,#857,.T.);
#3754=EDGE_CURVE('',#3016,#3019,#858,.T.);
#3755=EDGE_CURVE('',#3017,#3021,#859,.T.);
#3756=EDGE_CURVE('',#3021,#3022,#860,.T.);
#3757=EDGE_CURVE('',#3022,#3023,#861,.T.);
#3758=EDGE_CURVE('',#3023,#3024,#862,.T.);
#3759=EDGE_CURVE('',#3024,#3014,#863,.T.);
#3760=EDGE_CURVE('',#3025,#3026,#864,.T.);
#3761=EDGE_CURVE('',#3026,#3027,#865,.T.);
#3762=EDGE_CURVE('',#3027,#3028,#866,.T.);
#3763=EDGE_CURVE('',#3028,#3029,#867,.T.);
#3764=EDGE_CURVE('',#3029,#3030,#868,.T.);
#3765=EDGE_CURVE('',#3030,#3031,#869,.T.);
#3766=EDGE_CURVE('',#3031,#3032,#870,.T.);
#3767=EDGE_CURVE('',#3032,#3033,#871,.T.);
#3768=EDGE_CURVE('',#3033,#3034,#872,.T.);
#3769=EDGE_CURVE('',#3034,#3035,#873,.T.);
#3770=EDGE_CURVE('',#3035,#3036,#874,.T.);
#3771=EDGE_CURVE('',#3036,#3037,#875,.T.);
#3772=EDGE_CURVE('',#3037,#3038,#876,.T.);
#3773=EDGE_CURVE('',#3038,#3039,#877,.T.);
#3774=EDGE_CURVE('',#3039,#3040,#878,.T.);
#3775=EDGE_CURVE('',#3040,#3025,#879,.T.);
#3776=EDGE_CURVE('',#3041,#3042,#880,.T.);
#3777=EDGE_CURVE('',#3042,#3043,#881,.T.);
#3778=EDGE_CURVE('',#3043,#3044,#882,.T.);
#3779=EDGE_CURVE('',#3044,#3045,#883,.T.);
#3780=EDGE_CURVE('',#3045,#3046,#884,.T.);
#3781=EDGE_CURVE('',#3046,#3047,#885,.T.);
#3782=EDGE_CURVE('',#3047,#3048,#886,.T.);
#3783=EDGE_CURVE('',#3048,#3049,#887,.T.);
#3784=EDGE_CURVE('',#3049,#3050,#888,.T.);
#3785=EDGE_CURVE('',#3050,#3051,#889,.T.);
#3786=EDGE_CURVE('',#3051,#3052,#890,.T.);
#3787=EDGE_CURVE('',#3052,#3053,#891,.T.);
#3788=EDGE_CURVE('',#3053,#3054,#892,.T.);
#3789=EDGE_CURVE('',#3054,#3055,#893,.T.);
#3790=EDGE_CURVE('',#3055,#3056,#894,.T.);
#3791=EDGE_CURVE('',#3056,#3041,#895,.T.);
#3792=EDGE_CURVE('',#3057,#3058,#896,.T.);
#3793=EDGE_CURVE('',#3058,#3059,#897,.T.);
#3794=EDGE_CURVE('',#3059,#3060,#898,.T.);
#3795=EDGE_CURVE('',#3060,#3061,#899,.T.);
#3796=EDGE_CURVE('',#3061,#3062,#900,.T.);
#3797=EDGE_CURVE('',#3062,#3063,#901,.T.);
#3798=EDGE_CURVE('',#3063,#3064,#902,.T.);
#3799=EDGE_CURVE('',#3064,#3065,#903,.T.);
#3800=EDGE_CURVE('',#3065,#3066,#904,.T.);
#3801=EDGE_CURVE('',#3066,#3067,#905,.T.);
#3802=EDGE_CURVE('',#3067,#3068,#906,.T.);
#3803=EDGE_CURVE('',#3068,#3069,#907,.T.);
#3804=EDGE_CURVE('',#3069,#3070,#908,.T.);
#3805=EDGE_CURVE('',#3070,#3071,#909,.T.);
#3806=EDGE_CURVE('',#3071,#3072,#910,.T.);
#3807=EDGE_CURVE('',#3072,#3057,#911,.T.);
#3808=EDGE_CURVE('',#3073,#3074,#912,.T.);
#3809=EDGE_CURVE('',#3074,#3075,#913,.T.);
#3810=EDGE_CURVE('',#3075,#3076,#914,.T.);
#3811=EDGE_CURVE('',#3076,#3077,#915,.T.);
#3812=EDGE_CURVE('',#3077,#3078,#916,.T.);
#3813=EDGE_CURVE('',#3078,#3079,#917,.T.);
#3814=EDGE_CURVE('',#3079,#3080,#918,.T.);
#3815=EDGE_CURVE('',#3080,#3081,#919,.T.);
#3816=EDGE_CURVE('',#3081,#3082,#920,.T.);
#3817=EDGE_CURVE('',#3082,#3083,#921,.T.);
#3818=EDGE_CURVE('',#3083,#3084,#922,.T.);
#3819=EDGE_CURVE('',#3084,#3085,#923,.T.);
#3820=EDGE_CURVE('',#3085,#3086,#924,.T.);
#3821=EDGE_CURVE('',#3086,#3087,#925,.T.);
#3822=EDGE_CURVE('',#3087,#3088,#926,.T.);
#3823=EDGE_CURVE('',#3088,#3089,#927,.T.);
#3824=EDGE_CURVE('',#3089,#3090,#928,.T.);
#3825=EDGE_CURVE('',#3090,#3091,#929,.T.);
#3826=EDGE_CURVE('',#3091,#3092,#930,.T.);
#3827=EDGE_CURVE('',#3092,#3093,#931,.T.);
#3828=EDGE_CURVE('',#3093,#3094,#932,.T.);
#3829=EDGE_CURVE('',#3094,#3095,#933,.T.);
#3830=EDGE_CURVE('',#3095,#3096,#934,.T.);
#3831=EDGE_CURVE('',#3096,#3097,#935,.T.);
#3832=EDGE_CURVE('',#3097,#3098,#936,.T.);
#3833=EDGE_CURVE('',#3098,#3099,#937,.T.);
#3834=EDGE_CURVE('',#3099,#3100,#938,.T.);
#3835=EDGE_CURVE('',#3100,#3101,#939,.T.);
#3836=EDGE_CURVE('',#3101,#3102,#940,.T.);
#3837=EDGE_CURVE('',#3102,#3103,#941,.T.);
#3838=EDGE_CURVE('',#3103,#3104,#942,.T.);
#3839=EDGE_CURVE('',#3104,#3105,#943,.T.);
#3840=EDGE_CURVE('',#3105,#3106,#944,.T.);
#3841=EDGE_CURVE('',#3106,#3073,#945,.T.);
#3842=EDGE_CURVE('',#3107,#3108,#946,.T.);
#3843=EDGE_CURVE('',#3108,#3109,#947,.T.);
#3844=EDGE_CURVE('',#3109,#3110,#948,.T.);
#3845=EDGE_CURVE('',#3110,#3111,#949,.T.);
#3846=EDGE_CURVE('',#3111,#3112,#950,.T.);
#3847=EDGE_CURVE('',#3112,#3113,#951,.T.);
#3848=EDGE_CURVE('',#3113,#3114,#952,.T.);
#3849=EDGE_CURVE('',#3114,#3115,#953,.T.);
#3850=EDGE_CURVE('',#3115,#3116,#954,.T.);
#3851=EDGE_CURVE('',#3116,#3117,#955,.T.);
#3852=EDGE_CURVE('',#3117,#3118,#956,.T.);
#3853=EDGE_CURVE('',#3118,#3119,#957,.T.);
#3854=EDGE_CURVE('',#3119,#3120,#958,.T.);
#3855=EDGE_CURVE('',#3120,#3121,#959,.T.);
#3856=EDGE_CURVE('',#3121,#3122,#960,.T.);
#3857=EDGE_CURVE('',#3122,#3107,#961,.T.);
#3858=EDGE_CURVE('',#3123,#3124,#962,.T.);
#3859=EDGE_CURVE('',#3124,#3125,#963,.T.);
#3860=EDGE_CURVE('',#3125,#3126,#964,.T.);
#3861=EDGE_CURVE('',#3126,#3127,#965,.T.);
#3862=EDGE_CURVE('',#3127,#3128,#966,.T.);
#3863=EDGE_CURVE('',#3128,#3129,#967,.T.);
#3864=EDGE_CURVE('',#3129,#3130,#968,.T.);
#3865=EDGE_CURVE('',#3130,#3131,#969,.T.);
#3866=EDGE_CURVE('',#3131,#3132,#970,.T.);
#3867=EDGE_CURVE('',#3132,#3133,#971,.T.);
#3868=EDGE_CURVE('',#3133,#3134,#972,.T.);
#3869=EDGE_CURVE('',#3134,#3135,#973,.T.);
#3870=EDGE_CURVE('',#3135,#3136,#974,.T.);
#3871=EDGE_CURVE('',#3136,#3137,#975,.T.);
#3872=EDGE_CURVE('',#3137,#3138,#976,.T.);
#3873=EDGE_CURVE('',#3138,#3139,#977,.T.);
#3874=EDGE_CURVE('',#3139,#3140,#978,.T.);
#3875=EDGE_CURVE('',#3140,#3141,#979,.T.);
#3876=EDGE_CURVE('',#3141,#3142,#980,.T.);
#3877=EDGE_CURVE('',#3142,#3143,#981,.T.);
#3878=EDGE_CURVE('',#3143,#3144,#982,.T.);
#3879=EDGE_CURVE('',#3144,#3145,#983,.T.);
#3880=EDGE_CURVE('',#3145,#3146,#984,.T.);
#3881=EDGE_CURVE('',#3146,#3147,#985,.T.);
#3882=EDGE_CURVE('',#3147,#3148,#986,.T.);
#3883=EDGE_CURVE('',#3148,#3149,#987,.T.);
#3884=EDGE_CURVE('',#3149,#3150,#988,.T.);
#3885=EDGE_CURVE('',#3150,#3151,#989,.T.);
#3886=EDGE_CURVE('',#3151,#3152,#990,.T.);
#3887=EDGE_CURVE('',#3152,#3153,#991,.T.);
#3888=EDGE_CURVE('',#3153,#3154,#992,.T.);
#3889=EDGE_CURVE('',#3154,#3155,#993,.T.);
#3890=EDGE_CURVE('',#3155,#3156,#994,.T.);
#3891=EDGE_CURVE('',#3156,#3157,#995,.T.);
#3892=EDGE_CURVE('',#3157,#3158,#996,.T.);
#3893=EDGE_CURVE('',#3158,#3159,#997,.T.);
#3894=EDGE_CURVE('',#3159,#3160,#998,.T.);
#3895=EDGE_CURVE('',#3160,#3161,#999,.T.);
#3896=EDGE_CURVE('',#3161,#3162,#1000,.T.);
#3897=EDGE_CURVE('',#3162,#3163,#1001,.T.);
#3898=EDGE_CURVE('',#3163,#3164,#1002,.T.);
#3899=EDGE_CURVE('',#3164,#3165,#1003,.T.);
#3900=EDGE_CURVE('',#3165,#3166,#1004,.T.);
#3901=EDGE_CURVE('',#3166,#3167,#1005,.T.);
#3902=EDGE_CURVE('',#3167,#3168,#1006,.T.);
#3903=EDGE_CURVE('',#3168,#3169,#1007,.T.);
#3904=EDGE_CURVE('',#3169,#3170,#1008,.T.);
#3905=EDGE_CURVE('',#3170,#3171,#1009,.T.);
#3906=EDGE_CURVE('',#3171,#3172,#1010,.T.);
#3907=EDGE_CURVE('',#3172,#3173,#1011,.T.);
#3908=EDGE_CURVE('',#3173,#3174,#1012,.T.);
#3909=EDGE_CURVE('',#3174,#3175,#1013,.T.);
#3910=EDGE_CURVE('',#3175,#3176,#1014,.T.);
#3911=EDGE_CURVE('',#3176,#3177,#1015,.T.);
#3912=EDGE_CURVE('',#3177,#3178,#1016,.T.);
#3913=EDGE_CURVE('',#3178,#3179,#1017,.T.);
#3914=EDGE_CURVE('',#3179,#3180,#1018,.T.);
#3915=EDGE_CURVE('',#3180,#3181,#1019,.T.);
#3916=EDGE_CURVE('',#3181,#3182,#1020,.T.);
#3917=EDGE_CURVE('',#3182,#3183,#1021,.T.);
#3918=EDGE_CURVE('',#3183,#3184,#1022,.T.);
#3919=EDGE_CURVE('',#3184,#3185,#1023,.T.);
#3920=EDGE_CURVE('',#3185,#3186,#1024,.T.);
#3921=EDGE_CURVE('',#3186,#3123,#1025,.T.);
#3922=EDGE_CURVE('',#3187,#3188,#1026,.T.);
#3923=EDGE_CURVE('',#3188,#3189,#1027,.T.);
#3924=EDGE_CURVE('',#3189,#3190,#1028,.T.);
#3925=EDGE_CURVE('',#3190,#3191,#1029,.T.);
#3926=EDGE_CURVE('',#3191,#3192,#1030,.T.);
#3927=EDGE_CURVE('',#3192,#3193,#1031,.T.);
#3928=EDGE_CURVE('',#3193,#3194,#1032,.T.);
#3929=EDGE_CURVE('',#3194,#3195,#1033,.T.);
#3930=EDGE_CURVE('',#3195,#3196,#1034,.T.);
#3931=EDGE_CURVE('',#3196,#3197,#1035,.T.);
#3932=EDGE_CURVE('',#3197,#3198,#1036,.T.);
#3933=EDGE_CURVE('',#3198,#3199,#1037,.T.);
#3934=EDGE_CURVE('',#3199,#3200,#1038,.T.);
#3935=EDGE_CURVE('',#3200,#3201,#1039,.T.);
#3936=EDGE_CURVE('',#3201,#3202,#1040,.T.);
#3937=EDGE_CURVE('',#3202,#3203,#1041,.T.);
#3938=EDGE_CURVE('',#3203,#3204,#1042,.T.);
#3939=EDGE_CURVE('',#3204,#3205,#1043,.T.);
#3940=EDGE_CURVE('',#3205,#3206,#1044,.T.);
#3941=EDGE_CURVE('',#3206,#3207,#1045,.T.);
#3942=EDGE_CURVE('',#3207,#3208,#1046,.T.);
#3943=EDGE_CURVE('',#3208,#3209,#1047,.T.);
#3944=EDGE_CURVE('',#3209,#3210,#1048,.T.);
#3945=EDGE_CURVE('',#3210,#3211,#1049,.T.);
#3946=EDGE_CURVE('',#3211,#3212,#1050,.T.);
#3947=EDGE_CURVE('',#3212,#3213,#1051,.T.);
#3948=EDGE_CURVE('',#3213,#3214,#1052,.T.);
#3949=EDGE_CURVE('',#3214,#3215,#1053,.T.);
#3950=EDGE_CURVE('',#3215,#3216,#1054,.T.);
#3951=EDGE_CURVE('',#3216,#3217,#1055,.T.);
#3952=EDGE_CURVE('',#3217,#3218,#1056,.T.);
#3953=EDGE_CURVE('',#3218,#3219,#1057,.T.);
#3954=EDGE_CURVE('',#3219,#3220,#1058,.T.);
#3955=EDGE_CURVE('',#3220,#3221,#1059,.T.);
#3956=EDGE_CURVE('',#3221,#3222,#1060,.T.);
#3957=EDGE_CURVE('',#3222,#3223,#1061,.T.);
#3958=EDGE_CURVE('',#3223,#3187,#1062,.T.);
#3959=EDGE_CURVE('',#3224,#3225,#1063,.T.);
#3960=EDGE_CURVE('',#3225,#3226,#1064,.T.);
#3961=EDGE_CURVE('',#3226,#3227,#1065,.T.);
#3962=EDGE_CURVE('',#3227,#3228,#1066,.T.);
#3963=EDGE_CURVE('',#3228,#3229,#1067,.T.);
#3964=EDGE_CURVE('',#3229,#3230,#1068,.T.);
#3965=EDGE_CURVE('',#3230,#3231,#1069,.T.);
#3966=EDGE_CURVE('',#3231,#3232,#1070,.T.);
#3967=EDGE_CURVE('',#3232,#3233,#1071,.T.);
#3968=EDGE_CURVE('',#3233,#3234,#1072,.T.);
#3969=EDGE_CURVE('',#3234,#3235,#1073,.T.);
#3970=EDGE_CURVE('',#3235,#3236,#1074,.T.);
#3971=EDGE_CURVE('',#3236,#3237,#1075,.T.);
#3972=EDGE_CURVE('',#3237,#3238,#1076,.T.);
#3973=EDGE_CURVE('',#3238,#3239,#1077,.T.);
#3974=EDGE_CURVE('',#3239,#3224,#1078,.T.);
#3975=EDGE_CURVE('',#3240,#3241,#1079,.T.);
#3976=EDGE_CURVE('',#3241,#3242,#1080,.T.);
#3977=EDGE_CURVE('',#3242,#3243,#1081,.T.);
#3978=EDGE_CURVE('',#3243,#3244,#1082,.T.);
#3979=EDGE_CURVE('',#3244,#3245,#1083,.T.);
#3980=EDGE_CURVE('',#3245,#3246,#1084,.T.);
#3981=EDGE_CURVE('',#3246,#3247,#1085,.T.);
#3982=EDGE_CURVE('',#3247,#3248,#1086,.T.);
#3983=EDGE_CURVE('',#3248,#3249,#1087,.T.);
#3984=EDGE_CURVE('',#3249,#3250,#1088,.T.);
#3985=EDGE_CURVE('',#3250,#3251,#1089,.T.);
#3986=EDGE_CURVE('',#3251,#3252,#1090,.T.);
#3987=EDGE_CURVE('',#3252,#3253,#1091,.T.);
#3988=EDGE_CURVE('',#3253,#3254,#1092,.T.);
#3989=EDGE_CURVE('',#3254,#3255,#1093,.T.);
#3990=EDGE_CURVE('',#3255,#3240,#1094,.T.);
#3991=EDGE_CURVE('',#3256,#3257,#1095,.T.);
#3992=EDGE_CURVE('',#3257,#3258,#1096,.T.);
#3993=EDGE_CURVE('',#3258,#3259,#1097,.T.);
#3994=EDGE_CURVE('',#3259,#3260,#1098,.T.);
#3995=EDGE_CURVE('',#3260,#3261,#1099,.T.);
#3996=EDGE_CURVE('',#3261,#3262,#1100,.T.);
#3997=EDGE_CURVE('',#3262,#3263,#1101,.T.);
#3998=EDGE_CURVE('',#3263,#3264,#1102,.T.);
#3999=EDGE_CURVE('',#3264,#3265,#1103,.T.);
#4000=EDGE_CURVE('',#3265,#3266,#1104,.T.);
#4001=EDGE_CURVE('',#3266,#3267,#1105,.T.);
#4002=EDGE_CURVE('',#3267,#3268,#1106,.T.);
#4003=EDGE_CURVE('',#3268,#3269,#1107,.T.);
#4004=EDGE_CURVE('',#3269,#3270,#1108,.T.);
#4005=EDGE_CURVE('',#3270,#3271,#1109,.T.);
#4006=EDGE_CURVE('',#3271,#3272,#1110,.T.);
#4007=EDGE_CURVE('',#3272,#3273,#1111,.T.);
#4008=EDGE_CURVE('',#3273,#3274,#1112,.T.);
#4009=EDGE_CURVE('',#3274,#3275,#1113,.T.);
#4010=EDGE_CURVE('',#3275,#3276,#1114,.T.);
#4011=EDGE_CURVE('',#3276,#3277,#1115,.T.);
#4012=EDGE_CURVE('',#3277,#3278,#1116,.T.);
#4013=EDGE_CURVE('',#3278,#3279,#1117,.T.);
#4014=EDGE_CURVE('',#3279,#3280,#1118,.T.);
#4015=EDGE_CURVE('',#3280,#3281,#1119,.T.);
#4016=EDGE_CURVE('',#3281,#3282,#1120,.T.);
#4017=EDGE_CURVE('',#3282,#3256,#1121,.T.);
#4018=EDGE_CURVE('',#3283,#3284,#1122,.T.);
#4019=EDGE_CURVE('',#3284,#3285,#1123,.T.);
#4020=EDGE_CURVE('',#3285,#3286,#1124,.T.);
#4021=EDGE_CURVE('',#3286,#3287,#1125,.T.);
#4022=EDGE_CURVE('',#3287,#3288,#1126,.T.);
#4023=EDGE_CURVE('',#3288,#3289,#1127,.T.);
#4024=EDGE_CURVE('',#3289,#3290,#1128,.T.);
#4025=EDGE_CURVE('',#3290,#3291,#1129,.T.);
#4026=EDGE_CURVE('',#3291,#3292,#1130,.T.);
#4027=EDGE_CURVE('',#3292,#3293,#1131,.T.);
#4028=EDGE_CURVE('',#3293,#3294,#1132,.T.);
#4029=EDGE_CURVE('',#3294,#3295,#1133,.T.);
#4030=EDGE_CURVE('',#3295,#3296,#1134,.T.);
#4031=EDGE_CURVE('',#3296,#3297,#1135,.T.);
#4032=EDGE_CURVE('',#3297,#3298,#1136,.T.);
#4033=EDGE_CURVE('',#3298,#3299,#1137,.T.);
#4034=EDGE_CURVE('',#3299,#3300,#1138,.T.);
#4035=EDGE_CURVE('',#3300,#3301,#1139,.T.);
#4036=EDGE_CURVE('',#3301,#3302,#1140,.T.);
#4037=EDGE_CURVE('',#3302,#3283,#1141,.T.);
#4038=EDGE_CURVE('',#3303,#3304,#1142,.T.);
#4039=EDGE_CURVE('',#3304,#3305,#1143,.T.);
#4040=EDGE_CURVE('',#3305,#3306,#1144,.T.);
#4041=EDGE_CURVE('',#3306,#3307,#1145,.T.);
#4042=EDGE_CURVE('',#3307,#3308,#1146,.T.);
#4043=EDGE_CURVE('',#3308,#3309,#1147,.T.);
#4044=EDGE_CURVE('',#3309,#3310,#1148,.T.);
#4045=EDGE_CURVE('',#3310,#3311,#1149,.T.);
#4046=EDGE_CURVE('',#3311,#3312,#1150,.T.);
#4047=EDGE_CURVE('',#3312,#3313,#1151,.T.);
#4048=EDGE_CURVE('',#3313,#3314,#1152,.T.);
#4049=EDGE_CURVE('',#3314,#3315,#1153,.T.);
#4050=EDGE_CURVE('',#3315,#3316,#1154,.T.);
#4051=EDGE_CURVE('',#3316,#3317,#1155,.T.);
#4052=EDGE_CURVE('',#3317,#3318,#1156,.T.);
#4053=EDGE_CURVE('',#3318,#3303,#1157,.T.);
#4054=EDGE_CURVE('',#3319,#3320,#1158,.T.);
#4055=EDGE_CURVE('',#3320,#3321,#1159,.T.);
#4056=EDGE_CURVE('',#3321,#3322,#1160,.T.);
#4057=EDGE_CURVE('',#3322,#3323,#1161,.T.);
#4058=EDGE_CURVE('',#3323,#3324,#1162,.T.);
#4059=EDGE_CURVE('',#3324,#3325,#1163,.T.);
#4060=EDGE_CURVE('',#3325,#3326,#1164,.T.);
#4061=EDGE_CURVE('',#3326,#3327,#1165,.T.);
#4062=EDGE_CURVE('',#3327,#3328,#1166,.T.);
#4063=EDGE_CURVE('',#3328,#3329,#1167,.T.);
#4064=EDGE_CURVE('',#3329,#3330,#1168,.T.);
#4065=EDGE_CURVE('',#3330,#3331,#1169,.T.);
#4066=EDGE_CURVE('',#3331,#3332,#1170,.T.);
#4067=EDGE_CURVE('',#3332,#3333,#1171,.T.);
#4068=EDGE_CURVE('',#3333,#3334,#1172,.T.);
#4069=EDGE_CURVE('',#3334,#3319,#1173,.T.);
#4070=EDGE_CURVE('',#3335,#3336,#1174,.T.);
#4071=EDGE_CURVE('',#3336,#3337,#1175,.T.);
#4072=EDGE_CURVE('',#3337,#3338,#1176,.T.);
#4073=EDGE_CURVE('',#3338,#3339,#1177,.T.);
#4074=EDGE_CURVE('',#3339,#3340,#1178,.T.);
#4075=EDGE_CURVE('',#3340,#3341,#1179,.T.);
#4076=EDGE_CURVE('',#3341,#3342,#1180,.T.);
#4077=EDGE_CURVE('',#3342,#3343,#1181,.T.);
#4078=EDGE_CURVE('',#3343,#3344,#1182,.T.);
#4079=EDGE_CURVE('',#3344,#3345,#1183,.T.);
#4080=EDGE_CURVE('',#3345,#3346,#1184,.T.);
#4081=EDGE_CURVE('',#3346,#3347,#1185,.T.);
#4082=EDGE_CURVE('',#3347,#3348,#1186,.T.);
#4083=EDGE_CURVE('',#3348,#3349,#1187,.T.);
#4084=EDGE_CURVE('',#3349,#3350,#1188,.T.);
#4085=EDGE_CURVE('',#3350,#3335,#1189,.T.);
#4086=EDGE_CURVE('',#3018,#3351,#1190,.T.);
#4087=EDGE_CURVE('',#3351,#3021,#1191,.T.);
#4088=EDGE_CURVE('',#3352,#3353,#1192,.T.);
#4089=EDGE_CURVE('',#3353,#3335,#1193,.T.);
#4090=EDGE_CURVE('',#3352,#3350,#1194,.T.);
#4091=EDGE_CURVE('',#3354,#3352,#1195,.T.);
#4092=EDGE_CURVE('',#3354,#3349,#1196,.T.);
#4093=EDGE_CURVE('',#3355,#3354,#1197,.T.);
#4094=EDGE_CURVE('',#3355,#3348,#1198,.T.);
#4095=EDGE_CURVE('',#3356,#3355,#1199,.T.);
#4096=EDGE_CURVE('',#3356,#3347,#1200,.T.);
#4097=EDGE_CURVE('',#3357,#3356,#1201,.T.);
#4098=EDGE_CURVE('',#3357,#3346,#1202,.T.);
#4099=EDGE_CURVE('',#3358,#3357,#1203,.T.);
#4100=EDGE_CURVE('',#3358,#3345,#1204,.T.);
#4101=EDGE_CURVE('',#3359,#3358,#1205,.T.);
#4102=EDGE_CURVE('',#3359,#3344,#1206,.T.);
#4103=EDGE_CURVE('',#3360,#3359,#1207,.T.);
#4104=EDGE_CURVE('',#3360,#3343,#1208,.T.);
#4105=EDGE_CURVE('',#3361,#3360,#1209,.T.);
#4106=EDGE_CURVE('',#3361,#3342,#1210,.T.);
#4107=EDGE_CURVE('',#3362,#3361,#1211,.T.);
#4108=EDGE_CURVE('',#3362,#3341,#1212,.T.);
#4109=EDGE_CURVE('',#3363,#3362,#1213,.T.);
#4110=EDGE_CURVE('',#3363,#3340,#1214,.T.);
#4111=EDGE_CURVE('',#3364,#3363,#1215,.T.);
#4112=EDGE_CURVE('',#3364,#3339,#1216,.T.);
#4113=EDGE_CURVE('',#3365,#3364,#1217,.T.);
#4114=EDGE_CURVE('',#3365,#3338,#1218,.T.);
#4115=EDGE_CURVE('',#3366,#3365,#1219,.T.);
#4116=EDGE_CURVE('',#3366,#3337,#1220,.T.);
#4117=EDGE_CURVE('',#3367,#3366,#1221,.T.);
#4118=EDGE_CURVE('',#3367,#3336,#1222,.T.);
#4119=EDGE_CURVE('',#3353,#3367,#1223,.T.);
#4120=EDGE_CURVE('',#3368,#3369,#1224,.T.);
#4121=EDGE_CURVE('',#3369,#3319,#1225,.T.);
#4122=EDGE_CURVE('',#3368,#3334,#1226,.T.);
#4123=EDGE_CURVE('',#3370,#3368,#1227,.T.);
#4124=EDGE_CURVE('',#3370,#3333,#1228,.T.);
#4125=EDGE_CURVE('',#3371,#3370,#1229,.T.);
#4126=EDGE_CURVE('',#3371,#3332,#1230,.T.);
#4127=EDGE_CURVE('',#3372,#3371,#1231,.T.);
#4128=EDGE_CURVE('',#3372,#3331,#1232,.T.);
#4129=EDGE_CURVE('',#3373,#3372,#1233,.T.);
#4130=EDGE_CURVE('',#3373,#3330,#1234,.T.);
#4131=EDGE_CURVE('',#3374,#3373,#1235,.T.);
#4132=EDGE_CURVE('',#3374,#3329,#1236,.T.);
#4133=EDGE_CURVE('',#3375,#3374,#1237,.T.);
#4134=EDGE_CURVE('',#3375,#3328,#1238,.T.);
#4135=EDGE_CURVE('',#3376,#3375,#1239,.T.);
#4136=EDGE_CURVE('',#3376,#3327,#1240,.T.);
#4137=EDGE_CURVE('',#3377,#3376,#1241,.T.);
#4138=EDGE_CURVE('',#3377,#3326,#1242,.T.);
#4139=EDGE_CURVE('',#3378,#3377,#1243,.T.);
#4140=EDGE_CURVE('',#3378,#3325,#1244,.T.);
#4141=EDGE_CURVE('',#3379,#3378,#1245,.T.);
#4142=EDGE_CURVE('',#3379,#3324,#1246,.T.);
#4143=EDGE_CURVE('',#3380,#3379,#1247,.T.);
#4144=EDGE_CURVE('',#3380,#3323,#1248,.T.);
#4145=EDGE_CURVE('',#3381,#3380,#1249,.T.);
#4146=EDGE_CURVE('',#3381,#3322,#1250,.T.);
#4147=EDGE_CURVE('',#3382,#3381,#1251,.T.);
#4148=EDGE_CURVE('',#3382,#3321,#1252,.T.);
#4149=EDGE_CURVE('',#3383,#3382,#1253,.T.);
#4150=EDGE_CURVE('',#3383,#3320,#1254,.T.);
#4151=EDGE_CURVE('',#3369,#3383,#1255,.T.);
#4152=EDGE_CURVE('',#3384,#3385,#1256,.T.);
#4153=EDGE_CURVE('',#3385,#3303,#1257,.T.);
#4154=EDGE_CURVE('',#3384,#3318,#1258,.T.);
#4155=EDGE_CURVE('',#3386,#3384,#1259,.T.);
#4156=EDGE_CURVE('',#3386,#3317,#1260,.T.);
#4157=EDGE_CURVE('',#3387,#3386,#1261,.T.);
#4158=EDGE_CURVE('',#3387,#3316,#1262,.T.);
#4159=EDGE_CURVE('',#3388,#3387,#1263,.T.);
#4160=EDGE_CURVE('',#3388,#3315,#1264,.T.);
#4161=EDGE_CURVE('',#3389,#3388,#1265,.T.);
#4162=EDGE_CURVE('',#3389,#3314,#1266,.T.);
#4163=EDGE_CURVE('',#3390,#3389,#1267,.T.);
#4164=EDGE_CURVE('',#3390,#3313,#1268,.T.);
#4165=EDGE_CURVE('',#3391,#3390,#1269,.T.);
#4166=EDGE_CURVE('',#3391,#3312,#1270,.T.);
#4167=EDGE_CURVE('',#3392,#3391,#1271,.T.);
#4168=EDGE_CURVE('',#3392,#3311,#1272,.T.);
#4169=EDGE_CURVE('',#3393,#3392,#1273,.T.);
#4170=EDGE_CURVE('',#3393,#3310,#1274,.T.);
#4171=EDGE_CURVE('',#3394,#3393,#1275,.T.);
#4172=EDGE_CURVE('',#3394,#3309,#1276,.T.);
#4173=EDGE_CURVE('',#3395,#3394,#1277,.T.);
#4174=EDGE_CURVE('',#3395,#3308,#1278,.T.);
#4175=EDGE_CURVE('',#3396,#3395,#1279,.T.);
#4176=EDGE_CURVE('',#3396,#3307,#1280,.T.);
#4177=EDGE_CURVE('',#3397,#3396,#1281,.T.);
#4178=EDGE_CURVE('',#3397,#3306,#1282,.T.);
#4179=EDGE_CURVE('',#3398,#3397,#1283,.T.);
#4180=EDGE_CURVE('',#3398,#3305,#1284,.T.);
#4181=EDGE_CURVE('',#3399,#3398,#1285,.T.);
#4182=EDGE_CURVE('',#3399,#3304,#1286,.T.);
#4183=EDGE_CURVE('',#3385,#3399,#1287,.T.);
#4184=EDGE_CURVE('',#3400,#3401,#1288,.T.);
#4185=EDGE_CURVE('',#3401,#3283,#1289,.T.);
#4186=EDGE_CURVE('',#3400,#3302,#1290,.T.);
#4187=EDGE_CURVE('',#3402,#3400,#1291,.T.);
#4188=EDGE_CURVE('',#3402,#3301,#1292,.T.);
#4189=EDGE_CURVE('',#3403,#3402,#1293,.T.);
#4190=EDGE_CURVE('',#3403,#3300,#1294,.T.);
#4191=EDGE_CURVE('',#3404,#3403,#1295,.T.);
#4192=EDGE_CURVE('',#3404,#3299,#1296,.T.);
#4193=EDGE_CURVE('',#3405,#3404,#1297,.T.);
#4194=EDGE_CURVE('',#3405,#3298,#1298,.T.);
#4195=EDGE_CURVE('',#3406,#3405,#1299,.T.);
#4196=EDGE_CURVE('',#3406,#3297,#1300,.T.);
#4197=EDGE_CURVE('',#3407,#3406,#1301,.T.);
#4198=EDGE_CURVE('',#3407,#3296,#1302,.T.);
#4199=EDGE_CURVE('',#3408,#3407,#1303,.T.);
#4200=EDGE_CURVE('',#3408,#3295,#1304,.T.);
#4201=EDGE_CURVE('',#3409,#3408,#1305,.T.);
#4202=EDGE_CURVE('',#3409,#3294,#1306,.T.);
#4203=EDGE_CURVE('',#3410,#3409,#1307,.T.);
#4204=EDGE_CURVE('',#3410,#3293,#1308,.T.);
#4205=EDGE_CURVE('',#3411,#3410,#1309,.T.);
#4206=EDGE_CURVE('',#3411,#3292,#1310,.T.);
#4207=EDGE_CURVE('',#3412,#3411,#1311,.T.);
#4208=EDGE_CURVE('',#3412,#3291,#1312,.T.);
#4209=EDGE_CURVE('',#3413,#3412,#1313,.T.);
#4210=EDGE_CURVE('',#3413,#3290,#1314,.T.);
#4211=EDGE_CURVE('',#3414,#3413,#1315,.T.);
#4212=EDGE_CURVE('',#3414,#3289,#1316,.T.);
#4213=EDGE_CURVE('',#3415,#3414,#1317,.T.);
#4214=EDGE_CURVE('',#3415,#3288,#1318,.T.);
#4215=EDGE_CURVE('',#3416,#3415,#1319,.T.);
#4216=EDGE_CURVE('',#3416,#3287,#1320,.T.);
#4217=EDGE_CURVE('',#3417,#3416,#1321,.T.);
#4218=EDGE_CURVE('',#3417,#3286,#1322,.T.);
#4219=EDGE_CURVE('',#3418,#3417,#1323,.T.);
#4220=EDGE_CURVE('',#3418,#3285,#1324,.T.);
#4221=EDGE_CURVE('',#3419,#3418,#1325,.T.);
#4222=EDGE_CURVE('',#3419,#3284,#1326,.T.);
#4223=EDGE_CURVE('',#3401,#3419,#1327,.T.);
#4224=EDGE_CURVE('',#3420,#3421,#1328,.T.);
#4225=EDGE_CURVE('',#3421,#3256,#1329,.T.);
#4226=EDGE_CURVE('',#3420,#3282,#1330,.T.);
#4227=EDGE_CURVE('',#3422,#3420,#1331,.T.);
#4228=EDGE_CURVE('',#3422,#3281,#1332,.T.);
#4229=EDGE_CURVE('',#3423,#3422,#1333,.T.);
#4230=EDGE_CURVE('',#3423,#3280,#1334,.T.);
#4231=EDGE_CURVE('',#3424,#3423,#1335,.T.);
#4232=EDGE_CURVE('',#3424,#3279,#1336,.T.);
#4233=EDGE_CURVE('',#3425,#3424,#1337,.T.);
#4234=EDGE_CURVE('',#3425,#3278,#1338,.T.);
#4235=EDGE_CURVE('',#3426,#3425,#1339,.T.);
#4236=EDGE_CURVE('',#3426,#3277,#1340,.T.);
#4237=EDGE_CURVE('',#3427,#3426,#1341,.T.);
#4238=EDGE_CURVE('',#3427,#3276,#1342,.T.);
#4239=EDGE_CURVE('',#3428,#3427,#1343,.T.);
#4240=EDGE_CURVE('',#3428,#3275,#1344,.T.);
#4241=EDGE_CURVE('',#3429,#3428,#1345,.T.);
#4242=EDGE_CURVE('',#3429,#3274,#1346,.T.);
#4243=EDGE_CURVE('',#3430,#3429,#1347,.T.);
#4244=EDGE_CURVE('',#3430,#3273,#1348,.T.);
#4245=EDGE_CURVE('',#3431,#3430,#1349,.T.);
#4246=EDGE_CURVE('',#3431,#3272,#1350,.T.);
#4247=EDGE_CURVE('',#3432,#3431,#1351,.T.);
#4248=EDGE_CURVE('',#3432,#3271,#1352,.T.);
#4249=EDGE_CURVE('',#3433,#3432,#1353,.T.);
#4250=EDGE_CURVE('',#3433,#3270,#1354,.T.);
#4251=EDGE_CURVE('',#3434,#3433,#1355,.T.);
#4252=EDGE_CURVE('',#3434,#3269,#1356,.T.);
#4253=EDGE_CURVE('',#3435,#3434,#1357,.T.);
#4254=EDGE_CURVE('',#3435,#3268,#1358,.T.);
#4255=EDGE_CURVE('',#3436,#3435,#1359,.T.);
#4256=EDGE_CURVE('',#3436,#3267,#1360,.T.);
#4257=EDGE_CURVE('',#3437,#3436,#1361,.T.);
#4258=EDGE_CURVE('',#3437,#3266,#1362,.T.);
#4259=EDGE_CURVE('',#3438,#3437,#1363,.T.);
#4260=EDGE_CURVE('',#3438,#3265,#1364,.T.);
#4261=EDGE_CURVE('',#3439,#3438,#1365,.T.);
#4262=EDGE_CURVE('',#3439,#3264,#1366,.T.);
#4263=EDGE_CURVE('',#3440,#3439,#1367,.T.);
#4264=EDGE_CURVE('',#3440,#3263,#1368,.T.);
#4265=EDGE_CURVE('',#3441,#3440,#1369,.T.);
#4266=EDGE_CURVE('',#3441,#3262,#1370,.T.);
#4267=EDGE_CURVE('',#3442,#3441,#1371,.T.);
#4268=EDGE_CURVE('',#3442,#3261,#1372,.T.);
#4269=EDGE_CURVE('',#3443,#3442,#1373,.T.);
#4270=EDGE_CURVE('',#3443,#3260,#1374,.T.);
#4271=EDGE_CURVE('',#3444,#3443,#1375,.T.);
#4272=EDGE_CURVE('',#3444,#3259,#1376,.T.);
#4273=EDGE_CURVE('',#3445,#3444,#1377,.T.);
#4274=EDGE_CURVE('',#3445,#3258,#1378,.T.);
#4275=EDGE_CURVE('',#3446,#3445,#1379,.T.);
#4276=EDGE_CURVE('',#3446,#3257,#1380,.T.);
#4277=EDGE_CURVE('',#3421,#3446,#1381,.T.);
#4278=EDGE_CURVE('',#3447,#3448,#1382,.T.);
#4279=EDGE_CURVE('',#3448,#3240,#1383,.T.);
#4280=EDGE_CURVE('',#3447,#3255,#1384,.T.);
#4281=EDGE_CURVE('',#3449,#3447,#1385,.T.);
#4282=EDGE_CURVE('',#3449,#3254,#1386,.T.);
#4283=EDGE_CURVE('',#3450,#3449,#1387,.T.);
#4284=EDGE_CURVE('',#3450,#3253,#1388,.T.);
#4285=EDGE_CURVE('',#3451,#3450,#1389,.T.);
#4286=EDGE_CURVE('',#3451,#3252,#1390,.T.);
#4287=EDGE_CURVE('',#3452,#3451,#1391,.T.);
#4288=EDGE_CURVE('',#3452,#3251,#1392,.T.);
#4289=EDGE_CURVE('',#3453,#3452,#1393,.T.);
#4290=EDGE_CURVE('',#3453,#3250,#1394,.T.);
#4291=EDGE_CURVE('',#3454,#3453,#1395,.T.);
#4292=EDGE_CURVE('',#3454,#3249,#1396,.T.);
#4293=EDGE_CURVE('',#3455,#3454,#1397,.T.);
#4294=EDGE_CURVE('',#3455,#3248,#1398,.T.);
#4295=EDGE_CURVE('',#3456,#3455,#1399,.T.);
#4296=EDGE_CURVE('',#3456,#3247,#1400,.T.);
#4297=EDGE_CURVE('',#3457,#3456,#1401,.T.);
#4298=EDGE_CURVE('',#3457,#3246,#1402,.T.);
#4299=EDGE_CURVE('',#3458,#3457,#1403,.T.);
#4300=EDGE_CURVE('',#3458,#3245,#1404,.T.);
#4301=EDGE_CURVE('',#3459,#3458,#1405,.T.);
#4302=EDGE_CURVE('',#3459,#3244,#1406,.T.);
#4303=EDGE_CURVE('',#3460,#3459,#1407,.T.);
#4304=EDGE_CURVE('',#3460,#3243,#1408,.T.);
#4305=EDGE_CURVE('',#3461,#3460,#1409,.T.);
#4306=EDGE_CURVE('',#3461,#3242,#1410,.T.);
#4307=EDGE_CURVE('',#3462,#3461,#1411,.T.);
#4308=EDGE_CURVE('',#3462,#3241,#1412,.T.);
#4309=EDGE_CURVE('',#3448,#3462,#1413,.T.);
#4310=EDGE_CURVE('',#3463,#3464,#1414,.T.);
#4311=EDGE_CURVE('',#3464,#3224,#1415,.T.);
#4312=EDGE_CURVE('',#3463,#3239,#1416,.T.);
#4313=EDGE_CURVE('',#3465,#3463,#1417,.T.);
#4314=EDGE_CURVE('',#3465,#3238,#1418,.T.);
#4315=EDGE_CURVE('',#3466,#3465,#1419,.T.);
#4316=EDGE_CURVE('',#3466,#3237,#1420,.T.);
#4317=EDGE_CURVE('',#3467,#3466,#1421,.T.);
#4318=EDGE_CURVE('',#3467,#3236,#1422,.T.);
#4319=EDGE_CURVE('',#3468,#3467,#1423,.T.);
#4320=EDGE_CURVE('',#3468,#3235,#1424,.T.);
#4321=EDGE_CURVE('',#3469,#3468,#1425,.T.);
#4322=EDGE_CURVE('',#3469,#3234,#1426,.T.);
#4323=EDGE_CURVE('',#3470,#3469,#1427,.T.);
#4324=EDGE_CURVE('',#3470,#3233,#1428,.T.);
#4325=EDGE_CURVE('',#3471,#3470,#1429,.T.);
#4326=EDGE_CURVE('',#3471,#3232,#1430,.T.);
#4327=EDGE_CURVE('',#3472,#3471,#1431,.T.);
#4328=EDGE_CURVE('',#3472,#3231,#1432,.T.);
#4329=EDGE_CURVE('',#3473,#3472,#1433,.T.);
#4330=EDGE_CURVE('',#3473,#3230,#1434,.T.);
#4331=EDGE_CURVE('',#3474,#3473,#1435,.T.);
#4332=EDGE_CURVE('',#3474,#3229,#1436,.T.);
#4333=EDGE_CURVE('',#3475,#3474,#1437,.T.);
#4334=EDGE_CURVE('',#3475,#3228,#1438,.T.);
#4335=EDGE_CURVE('',#3476,#3475,#1439,.T.);
#4336=EDGE_CURVE('',#3476,#3227,#1440,.T.);
#4337=EDGE_CURVE('',#3477,#3476,#1441,.T.);
#4338=EDGE_CURVE('',#3477,#3226,#1442,.T.);
#4339=EDGE_CURVE('',#3478,#3477,#1443,.T.);
#4340=EDGE_CURVE('',#3478,#3225,#1444,.T.);
#4341=EDGE_CURVE('',#3464,#3478,#1445,.T.);
#4342=EDGE_CURVE('',#3479,#3480,#1446,.T.);
#4343=EDGE_CURVE('',#3480,#3187,#1447,.T.);
#4344=EDGE_CURVE('',#3479,#3223,#1448,.T.);
#4345=EDGE_CURVE('',#3481,#3479,#1449,.T.);
#4346=EDGE_CURVE('',#3481,#3222,#1450,.T.);
#4347=EDGE_CURVE('',#3482,#3481,#1451,.T.);
#4348=EDGE_CURVE('',#3482,#3221,#1452,.T.);
#4349=EDGE_CURVE('',#3483,#3482,#1453,.T.);
#4350=EDGE_CURVE('',#3483,#3220,#1454,.T.);
#4351=EDGE_CURVE('',#3484,#3483,#1455,.T.);
#4352=EDGE_CURVE('',#3484,#3219,#1456,.T.);
#4353=EDGE_CURVE('',#3485,#3484,#1457,.T.);
#4354=EDGE_CURVE('',#3485,#3218,#1458,.T.);
#4355=EDGE_CURVE('',#3486,#3485,#1459,.T.);
#4356=EDGE_CURVE('',#3486,#3217,#1460,.T.);
#4357=EDGE_CURVE('',#3487,#3486,#1461,.T.);
#4358=EDGE_CURVE('',#3487,#3216,#1462,.T.);
#4359=EDGE_CURVE('',#3488,#3487,#1463,.T.);
#4360=EDGE_CURVE('',#3488,#3215,#1464,.T.);
#4361=EDGE_CURVE('',#3489,#3488,#1465,.T.);
#4362=EDGE_CURVE('',#3489,#3214,#1466,.T.);
#4363=EDGE_CURVE('',#3490,#3489,#1467,.T.);
#4364=EDGE_CURVE('',#3490,#3213,#1468,.T.);
#4365=EDGE_CURVE('',#3491,#3490,#1469,.T.);
#4366=EDGE_CURVE('',#3491,#3212,#1470,.T.);
#4367=EDGE_CURVE('',#3492,#3491,#1471,.T.);
#4368=EDGE_CURVE('',#3492,#3211,#1472,.T.);
#4369=EDGE_CURVE('',#3493,#3492,#1473,.T.);
#4370=EDGE_CURVE('',#3493,#3210,#1474,.T.);
#4371=EDGE_CURVE('',#3494,#3493,#1475,.T.);
#4372=EDGE_CURVE('',#3494,#3209,#1476,.T.);
#4373=EDGE_CURVE('',#3495,#3494,#1477,.T.);
#4374=EDGE_CURVE('',#3495,#3208,#1478,.T.);
#4375=EDGE_CURVE('',#3496,#3495,#1479,.T.);
#4376=EDGE_CURVE('',#3496,#3207,#1480,.T.);
#4377=EDGE_CURVE('',#3497,#3496,#1481,.T.);
#4378=EDGE_CURVE('',#3497,#3206,#1482,.T.);
#4379=EDGE_CURVE('',#3498,#3497,#1483,.T.);
#4380=EDGE_CURVE('',#3498,#3205,#1484,.T.);
#4381=EDGE_CURVE('',#3499,#3498,#1485,.T.);
#4382=EDGE_CURVE('',#3499,#3204,#1486,.T.);
#4383=EDGE_CURVE('',#3500,#3499,#1487,.T.);
#4384=EDGE_CURVE('',#3500,#3203,#1488,.T.);
#4385=EDGE_CURVE('',#3501,#3500,#1489,.T.);
#4386=EDGE_CURVE('',#3501,#3202,#1490,.T.);
#4387=EDGE_CURVE('',#3502,#3501,#1491,.T.);
#4388=EDGE_CURVE('',#3502,#3201,#1492,.T.);
#4389=EDGE_CURVE('',#3503,#3502,#1493,.T.);
#4390=EDGE_CURVE('',#3503,#3200,#1494,.T.);
#4391=EDGE_CURVE('',#3504,#3503,#1495,.T.);
#4392=EDGE_CURVE('',#3504,#3199,#1496,.T.);
#4393=EDGE_CURVE('',#3505,#3504,#1497,.T.);
#4394=EDGE_CURVE('',#3505,#3198,#1498,.T.);
#4395=EDGE_CURVE('',#3506,#3505,#1499,.T.);
#4396=EDGE_CURVE('',#3506,#3197,#1500,.T.);
#4397=EDGE_CURVE('',#3507,#3506,#1501,.T.);
#4398=EDGE_CURVE('',#3507,#3196,#1502,.T.);
#4399=EDGE_CURVE('',#3508,#3507,#1503,.T.);
#4400=EDGE_CURVE('',#3508,#3195,#1504,.T.);
#4401=EDGE_CURVE('',#3509,#3508,#1505,.T.);
#4402=EDGE_CURVE('',#3509,#3194,#1506,.T.);
#4403=EDGE_CURVE('',#3510,#3509,#1507,.T.);
#4404=EDGE_CURVE('',#3510,#3193,#1508,.T.);
#4405=EDGE_CURVE('',#3511,#3510,#1509,.T.);
#4406=EDGE_CURVE('',#3511,#3192,#1510,.T.);
#4407=EDGE_CURVE('',#3512,#3511,#1511,.T.);
#4408=EDGE_CURVE('',#3512,#3191,#1512,.T.);
#4409=EDGE_CURVE('',#3513,#3512,#1513,.T.);
#4410=EDGE_CURVE('',#3513,#3190,#1514,.T.);
#4411=EDGE_CURVE('',#3514,#3513,#1515,.T.);
#4412=EDGE_CURVE('',#3514,#3189,#1516,.T.);
#4413=EDGE_CURVE('',#3515,#3514,#1517,.T.);
#4414=EDGE_CURVE('',#3515,#3188,#1518,.T.);
#4415=EDGE_CURVE('',#3480,#3515,#1519,.T.);
#4416=EDGE_CURVE('',#3516,#3517,#1520,.T.);
#4417=EDGE_CURVE('',#3517,#3123,#1521,.T.);
#4418=EDGE_CURVE('',#3516,#3186,#1522,.T.);
#4419=EDGE_CURVE('',#3518,#3516,#1523,.T.);
#4420=EDGE_CURVE('',#3518,#3185,#1524,.T.);
#4421=EDGE_CURVE('',#3519,#3518,#1525,.T.);
#4422=EDGE_CURVE('',#3519,#3184,#1526,.T.);
#4423=EDGE_CURVE('',#3520,#3519,#1527,.T.);
#4424=EDGE_CURVE('',#3520,#3183,#1528,.T.);
#4425=EDGE_CURVE('',#3521,#3520,#1529,.T.);
#4426=EDGE_CURVE('',#3521,#3182,#1530,.T.);
#4427=EDGE_CURVE('',#3522,#3521,#1531,.T.);
#4428=EDGE_CURVE('',#3522,#3181,#1532,.T.);
#4429=EDGE_CURVE('',#3523,#3522,#1533,.T.);
#4430=EDGE_CURVE('',#3523,#3180,#1534,.T.);
#4431=EDGE_CURVE('',#3524,#3523,#1535,.T.);
#4432=EDGE_CURVE('',#3524,#3179,#1536,.T.);
#4433=EDGE_CURVE('',#3525,#3524,#1537,.T.);
#4434=EDGE_CURVE('',#3525,#3178,#1538,.T.);
#4435=EDGE_CURVE('',#3526,#3525,#1539,.T.);
#4436=EDGE_CURVE('',#3526,#3177,#1540,.T.);
#4437=EDGE_CURVE('',#3527,#3526,#1541,.T.);
#4438=EDGE_CURVE('',#3527,#3176,#1542,.T.);
#4439=EDGE_CURVE('',#3528,#3527,#1543,.T.);
#4440=EDGE_CURVE('',#3528,#3175,#1544,.T.);
#4441=EDGE_CURVE('',#3529,#3528,#1545,.T.);
#4442=EDGE_CURVE('',#3529,#3174,#1546,.T.);
#4443=EDGE_CURVE('',#3530,#3529,#1547,.T.);
#4444=EDGE_CURVE('',#3530,#3173,#1548,.T.);
#4445=EDGE_CURVE('',#3531,#3530,#1549,.T.);
#4446=EDGE_CURVE('',#3531,#3172,#1550,.T.);
#4447=EDGE_CURVE('',#3532,#3531,#1551,.T.);
#4448=EDGE_CURVE('',#3532,#3171,#1552,.T.);
#4449=EDGE_CURVE('',#3533,#3532,#1553,.T.);
#4450=EDGE_CURVE('',#3533,#3170,#1554,.T.);
#4451=EDGE_CURVE('',#3534,#3533,#1555,.T.);
#4452=EDGE_CURVE('',#3534,#3169,#1556,.T.);
#4453=EDGE_CURVE('',#3535,#3534,#1557,.T.);
#4454=EDGE_CURVE('',#3535,#3168,#1558,.T.);
#4455=EDGE_CURVE('',#3536,#3535,#1559,.T.);
#4456=EDGE_CURVE('',#3536,#3167,#1560,.T.);
#4457=EDGE_CURVE('',#3537,#3536,#1561,.T.);
#4458=EDGE_CURVE('',#3537,#3166,#1562,.T.);
#4459=EDGE_CURVE('',#3538,#3537,#1563,.T.);
#4460=EDGE_CURVE('',#3538,#3165,#1564,.T.);
#4461=EDGE_CURVE('',#3539,#3538,#1565,.T.);
#4462=EDGE_CURVE('',#3539,#3164,#1566,.T.);
#4463=EDGE_CURVE('',#3540,#3539,#1567,.T.);
#4464=EDGE_CURVE('',#3540,#3163,#1568,.T.);
#4465=EDGE_CURVE('',#3541,#3540,#1569,.T.);
#4466=EDGE_CURVE('',#3541,#3162,#1570,.T.);
#4467=EDGE_CURVE('',#3542,#3541,#1571,.T.);
#4468=EDGE_CURVE('',#3542,#3161,#1572,.T.);
#4469=EDGE_CURVE('',#3543,#3542,#1573,.T.);
#4470=EDGE_CURVE('',#3543,#3160,#1574,.T.);
#4471=EDGE_CURVE('',#3544,#3543,#1575,.T.);
#4472=EDGE_CURVE('',#3544,#3159,#1576,.T.);
#4473=EDGE_CURVE('',#3545,#3544,#1577,.T.);
#4474=EDGE_CURVE('',#3545,#3158,#1578,.T.);
#4475=EDGE_CURVE('',#3546,#3545,#1579,.T.);
#4476=EDGE_CURVE('',#3546,#3157,#1580,.T.);
#4477=EDGE_CURVE('',#3547,#3546,#1581,.T.);
#4478=EDGE_CURVE('',#3547,#3156,#1582,.T.);
#4479=EDGE_CURVE('',#3548,#3547,#1583,.T.);
#4480=EDGE_CURVE('',#3548,#3155,#1584,.T.);
#4481=EDGE_CURVE('',#3549,#3548,#1585,.T.);
#4482=EDGE_CURVE('',#3549,#3154,#1586,.T.);
#4483=EDGE_CURVE('',#3550,#3549,#1587,.T.);
#4484=EDGE_CURVE('',#3550,#3153,#1588,.T.);
#4485=EDGE_CURVE('',#3551,#3550,#1589,.T.);
#4486=EDGE_CURVE('',#3551,#3152,#1590,.T.);
#4487=EDGE_CURVE('',#3552,#3551,#1591,.T.);
#4488=EDGE_CURVE('',#3552,#3151,#1592,.T.);
#4489=EDGE_CURVE('',#3553,#3552,#1593,.T.);
#4490=EDGE_CURVE('',#3553,#3150,#1594,.T.);
#4491=EDGE_CURVE('',#3554,#3553,#1595,.T.);
#4492=EDGE_CURVE('',#3554,#3149,#1596,.T.);
#4493=EDGE_CURVE('',#3555,#3554,#1597,.T.);
#4494=EDGE_CURVE('',#3555,#3148,#1598,.T.);
#4495=EDGE_CURVE('',#3556,#3555,#1599,.T.);
#4496=EDGE_CURVE('',#3556,#3147,#1600,.T.);
#4497=EDGE_CURVE('',#3557,#3556,#1601,.T.);
#4498=EDGE_CURVE('',#3557,#3146,#1602,.T.);
#4499=EDGE_CURVE('',#3558,#3557,#1603,.T.);
#4500=EDGE_CURVE('',#3558,#3145,#1604,.T.);
#4501=EDGE_CURVE('',#3559,#3558,#1605,.T.);
#4502=EDGE_CURVE('',#3559,#3144,#1606,.T.);
#4503=EDGE_CURVE('',#3560,#3559,#1607,.T.);
#4504=EDGE_CURVE('',#3560,#3143,#1608,.T.);
#4505=EDGE_CURVE('',#3561,#3560,#1609,.T.);
#4506=EDGE_CURVE('',#3561,#3142,#1610,.T.);
#4507=EDGE_CURVE('',#3562,#3561,#1611,.T.);
#4508=EDGE_CURVE('',#3562,#3141,#1612,.T.);
#4509=EDGE_CURVE('',#3563,#3562,#1613,.T.);
#4510=EDGE_CURVE('',#3563,#3140,#1614,.T.);
#4511=EDGE_CURVE('',#3564,#3563,#1615,.T.);
#4512=EDGE_CURVE('',#3564,#3139,#1616,.T.);
#4513=EDGE_CURVE('',#3565,#3564,#1617,.T.);
#4514=EDGE_CURVE('',#3565,#3138,#1618,.T.);
#4515=EDGE_CURVE('',#3566,#3565,#1619,.T.);
#4516=EDGE_CURVE('',#3566,#3137,#1620,.T.);
#4517=EDGE_CURVE('',#3567,#3566,#1621,.T.);
#4518=EDGE_CURVE('',#3567,#3136,#1622,.T.);
#4519=EDGE_CURVE('',#3568,#3567,#1623,.T.);
#4520=EDGE_CURVE('',#3568,#3135,#1624,.T.);
#4521=EDGE_CURVE('',#3569,#3568,#1625,.T.);
#4522=EDGE_CURVE('',#3569,#3134,#1626,.T.);
#4523=EDGE_CURVE('',#3570,#3569,#1627,.T.);
#4524=EDGE_CURVE('',#3570,#3133,#1628,.T.);
#4525=EDGE_CURVE('',#3571,#3570,#1629,.T.);
#4526=EDGE_CURVE('',#3571,#3132,#1630,.T.);
#4527=EDGE_CURVE('',#3572,#3571,#1631,.T.);
#4528=EDGE_CURVE('',#3572,#3131,#1632,.T.);
#4529=EDGE_CURVE('',#3573,#3572,#1633,.T.);
#4530=EDGE_CURVE('',#3573,#3130,#1634,.T.);
#4531=EDGE_CURVE('',#3574,#3573,#1635,.T.);
#4532=EDGE_CURVE('',#3574,#3129,#1636,.T.);
#4533=EDGE_CURVE('',#3575,#3574,#1637,.T.);
#4534=EDGE_CURVE('',#3575,#3128,#1638,.T.);
#4535=EDGE_CURVE('',#3576,#3575,#1639,.T.);
#4536=EDGE_CURVE('',#3576,#3127,#1640,.T.);
#4537=EDGE_CURVE('',#3577,#3576,#1641,.T.);
#4538=EDGE_CURVE('',#3577,#3126,#1642,.T.);
#4539=EDGE_CURVE('',#3578,#3577,#1643,.T.);
#4540=EDGE_CURVE('',#3578,#3125,#1644,.T.);
#4541=EDGE_CURVE('',#3579,#3578,#1645,.T.);
#4542=EDGE_CURVE('',#3579,#3124,#1646,.T.);
#4543=EDGE_CURVE('',#3517,#3579,#1647,.T.);
#4544=EDGE_CURVE('',#3580,#3581,#1648,.T.);
#4545=EDGE_CURVE('',#3581,#3107,#1649,.T.);
#4546=EDGE_CURVE('',#3580,#3122,#1650,.T.);
#4547=EDGE_CURVE('',#3582,#3580,#1651,.T.);
#4548=EDGE_CURVE('',#3582,#3121,#1652,.T.);
#4549=EDGE_CURVE('',#3583,#3582,#1653,.T.);
#4550=EDGE_CURVE('',#3583,#3120,#1654,.T.);
#4551=EDGE_CURVE('',#3584,#3583,#1655,.T.);
#4552=EDGE_CURVE('',#3584,#3119,#1656,.T.);
#4553=EDGE_CURVE('',#3585,#3584,#1657,.T.);
#4554=EDGE_CURVE('',#3585,#3118,#1658,.T.);
#4555=EDGE_CURVE('',#3586,#3585,#1659,.T.);
#4556=EDGE_CURVE('',#3586,#3117,#1660,.T.);
#4557=EDGE_CURVE('',#3587,#3586,#1661,.T.);
#4558=EDGE_CURVE('',#3587,#3116,#1662,.T.);
#4559=EDGE_CURVE('',#3588,#3587,#1663,.T.);
#4560=EDGE_CURVE('',#3588,#3115,#1664,.T.);
#4561=EDGE_CURVE('',#3589,#3588,#1665,.T.);
#4562=EDGE_CURVE('',#3589,#3114,#1666,.T.);
#4563=EDGE_CURVE('',#3590,#3589,#1667,.T.);
#4564=EDGE_CURVE('',#3590,#3113,#1668,.T.);
#4565=EDGE_CURVE('',#3591,#3590,#1669,.T.);
#4566=EDGE_CURVE('',#3591,#3112,#1670,.T.);
#4567=EDGE_CURVE('',#3592,#3591,#1671,.T.);
#4568=EDGE_CURVE('',#3592,#3111,#1672,.T.);
#4569=EDGE_CURVE('',#3593,#3592,#1673,.T.);
#4570=EDGE_CURVE('',#3593,#3110,#1674,.T.);
#4571=EDGE_CURVE('',#3594,#3593,#1675,.T.);
#4572=EDGE_CURVE('',#3594,#3109,#1676,.T.);
#4573=EDGE_CURVE('',#3595,#3594,#1677,.T.);
#4574=EDGE_CURVE('',#3595,#3108,#1678,.T.);
#4575=EDGE_CURVE('',#3581,#3595,#1679,.T.);
#4576=EDGE_CURVE('',#3596,#3597,#1680,.T.);
#4577=EDGE_CURVE('',#3597,#3073,#1681,.T.);
#4578=EDGE_CURVE('',#3596,#3106,#1682,.T.);
#4579=EDGE_CURVE('',#3598,#3596,#1683,.T.);
#4580=EDGE_CURVE('',#3598,#3105,#1684,.T.);
#4581=EDGE_CURVE('',#3599,#3598,#1685,.T.);
#4582=EDGE_CURVE('',#3599,#3104,#1686,.T.);
#4583=EDGE_CURVE('',#3600,#3599,#1687,.T.);
#4584=EDGE_CURVE('',#3600,#3103,#1688,.T.);
#4585=EDGE_CURVE('',#3601,#3600,#1689,.T.);
#4586=EDGE_CURVE('',#3601,#3102,#1690,.T.);
#4587=EDGE_CURVE('',#3602,#3601,#1691,.T.);
#4588=EDGE_CURVE('',#3602,#3101,#1692,.T.);
#4589=EDGE_CURVE('',#3603,#3602,#1693,.T.);
#4590=EDGE_CURVE('',#3603,#3100,#1694,.T.);
#4591=EDGE_CURVE('',#3604,#3603,#1695,.T.);
#4592=EDGE_CURVE('',#3604,#3099,#1696,.T.);
#4593=EDGE_CURVE('',#3605,#3604,#1697,.T.);
#4594=EDGE_CURVE('',#3605,#3098,#1698,.T.);
#4595=EDGE_CURVE('',#3606,#3605,#1699,.T.);
#4596=EDGE_CURVE('',#3606,#3097,#1700,.T.);
#4597=EDGE_CURVE('',#3607,#3606,#1701,.T.);
#4598=EDGE_CURVE('',#3607,#3096,#1702,.T.);
#4599=EDGE_CURVE('',#3608,#3607,#1703,.T.);
#4600=EDGE_CURVE('',#3608,#3095,#1704,.T.);
#4601=EDGE_CURVE('',#3609,#3608,#1705,.T.);
#4602=EDGE_CURVE('',#3609,#3094,#1706,.T.);
#4603=EDGE_CURVE('',#3610,#3609,#1707,.T.);
#4604=EDGE_CURVE('',#3610,#3093,#1708,.T.);
#4605=EDGE_CURVE('',#3611,#3610,#1709,.T.);
#4606=EDGE_CURVE('',#3611,#3092,#1710,.T.);
#4607=EDGE_CURVE('',#3612,#3611,#1711,.T.);
#4608=EDGE_CURVE('',#3612,#3091,#1712,.T.);
#4609=EDGE_CURVE('',#3613,#3612,#1713,.T.);
#4610=EDGE_CURVE('',#3613,#3090,#1714,.T.);
#4611=EDGE_CURVE('',#3614,#3613,#1715,.T.);
#4612=EDGE_CURVE('',#3614,#3089,#1716,.T.);
#4613=EDGE_CURVE('',#3615,#3614,#1717,.T.);
#4614=EDGE_CURVE('',#3615,#3088,#1718,.T.);
#4615=EDGE_CURVE('',#3616,#3615,#1719,.T.);
#4616=EDGE_CURVE('',#3616,#3087,#1720,.T.);
#4617=EDGE_CURVE('',#3617,#3616,#1721,.T.);
#4618=EDGE_CURVE('',#3617,#3086,#1722,.T.);
#4619=EDGE_CURVE('',#3618,#3617,#1723,.T.);
#4620=EDGE_CURVE('',#3618,#3085,#1724,.T.);
#4621=EDGE_CURVE('',#3619,#3618,#1725,.T.);
#4622=EDGE_CURVE('',#3619,#3084,#1726,.T.);
#4623=EDGE_CURVE('',#3620,#3619,#1727,.T.);
#4624=EDGE_CURVE('',#3620,#3083,#1728,.T.);
#4625=EDGE_CURVE('',#3621,#3620,#1729,.T.);
#4626=EDGE_CURVE('',#3621,#3082,#1730,.T.);
#4627=EDGE_CURVE('',#3622,#3621,#1731,.T.);
#4628=EDGE_CURVE('',#3622,#3081,#1732,.T.);
#4629=EDGE_CURVE('',#3623,#3622,#1733,.T.);
#4630=EDGE_CURVE('',#3623,#3080,#1734,.T.);
#4631=EDGE_CURVE('',#3624,#3623,#1735,.T.);
#4632=EDGE_CURVE('',#3624,#3079,#1736,.T.);
#4633=EDGE_CURVE('',#3625,#3624,#1737,.T.);
#4634=EDGE_CURVE('',#3625,#3078,#1738,.T.);
#4635=EDGE_CURVE('',#3626,#3625,#1739,.T.);
#4636=EDGE_CURVE('',#3626,#3077,#1740,.T.);
#4637=EDGE_CURVE('',#3627,#3626,#1741,.T.);
#4638=EDGE_CURVE('',#3627,#3076,#1742,.T.);
#4639=EDGE_CURVE('',#3628,#3627,#1743,.T.);
#4640=EDGE_CURVE('',#3628,#3075,#1744,.T.);
#4641=EDGE_CURVE('',#3629,#3628,#1745,.T.);
#4642=EDGE_CURVE('',#3629,#3074,#1746,.T.);
#4643=EDGE_CURVE('',#3597,#3629,#1747,.T.);
#4644=EDGE_CURVE('',#3630,#3631,#1748,.T.);
#4645=EDGE_CURVE('',#3631,#3057,#1749,.T.);
#4646=EDGE_CURVE('',#3630,#3072,#1750,.T.);
#4647=EDGE_CURVE('',#3632,#3630,#1751,.T.);
#4648=EDGE_CURVE('',#3632,#3071,#1752,.T.);
#4649=EDGE_CURVE('',#3633,#3632,#1753,.T.);
#4650=EDGE_CURVE('',#3633,#3070,#1754,.T.);
#4651=EDGE_CURVE('',#3634,#3633,#1755,.T.);
#4652=EDGE_CURVE('',#3634,#3069,#1756,.T.);
#4653=EDGE_CURVE('',#3635,#3634,#1757,.T.);
#4654=EDGE_CURVE('',#3635,#3068,#1758,.T.);
#4655=EDGE_CURVE('',#3636,#3635,#1759,.T.);
#4656=EDGE_CURVE('',#3636,#3067,#1760,.T.);
#4657=EDGE_CURVE('',#3637,#3636,#1761,.T.);
#4658=EDGE_CURVE('',#3637,#3066,#1762,.T.);
#4659=EDGE_CURVE('',#3638,#3637,#1763,.T.);
#4660=EDGE_CURVE('',#3638,#3065,#1764,.T.);
#4661=EDGE_CURVE('',#3639,#3638,#1765,.T.);
#4662=EDGE_CURVE('',#3639,#3064,#1766,.T.);
#4663=EDGE_CURVE('',#3640,#3639,#1767,.T.);
#4664=EDGE_CURVE('',#3640,#3063,#1768,.T.);
#4665=EDGE_CURVE('',#3641,#3640,#1769,.T.);
#4666=EDGE_CURVE('',#3641,#3062,#1770,.T.);
#4667=EDGE_CURVE('',#3642,#3641,#1771,.T.);
#4668=EDGE_CURVE('',#3642,#3061,#1772,.T.);
#4669=EDGE_CURVE('',#3643,#3642,#1773,.T.);
#4670=EDGE_CURVE('',#3643,#3060,#1774,.T.);
#4671=EDGE_CURVE('',#3644,#3643,#1775,.T.);
#4672=EDGE_CURVE('',#3644,#3059,#1776,.T.);
#4673=EDGE_CURVE('',#3645,#3644,#1777,.T.);
#4674=EDGE_CURVE('',#3645,#3058,#1778,.T.);
#4675=EDGE_CURVE('',#3631,#3645,#1779,.T.);
#4676=EDGE_CURVE('',#3646,#3647,#1780,.T.);
#4677=EDGE_CURVE('',#3647,#3041,#1781,.T.);
#4678=EDGE_CURVE('',#3646,#3056,#1782,.T.);
#4679=EDGE_CURVE('',#3648,#3646,#1783,.T.);
#4680=EDGE_CURVE('',#3648,#3055,#1784,.T.);
#4681=EDGE_CURVE('',#3649,#3648,#1785,.T.);
#4682=EDGE_CURVE('',#3649,#3054,#1786,.T.);
#4683=EDGE_CURVE('',#3650,#3649,#1787,.T.);
#4684=EDGE_CURVE('',#3650,#3053,#1788,.T.);
#4685=EDGE_CURVE('',#3651,#3650,#1789,.T.);
#4686=EDGE_CURVE('',#3651,#3052,#1790,.T.);
#4687=EDGE_CURVE('',#3652,#3651,#1791,.T.);
#4688=EDGE_CURVE('',#3652,#3051,#1792,.T.);
#4689=EDGE_CURVE('',#3653,#3652,#1793,.T.);
#4690=EDGE_CURVE('',#3653,#3050,#1794,.T.);
#4691=EDGE_CURVE('',#3654,#3653,#1795,.T.);
#4692=EDGE_CURVE('',#3654,#3049,#1796,.T.);
#4693=EDGE_CURVE('',#3655,#3654,#1797,.T.);
#4694=EDGE_CURVE('',#3655,#3048,#1798,.T.);
#4695=EDGE_CURVE('',#3656,#3655,#1799,.T.);
#4696=EDGE_CURVE('',#3656,#3047,#1800,.T.);
#4697=EDGE_CURVE('',#3657,#3656,#1801,.T.);
#4698=EDGE_CURVE('',#3657,#3046,#1802,.T.);
#4699=EDGE_CURVE('',#3658,#3657,#1803,.T.);
#4700=EDGE_CURVE('',#3658,#3045,#1804,.T.);
#4701=EDGE_CURVE('',#3659,#3658,#1805,.T.);
#4702=EDGE_CURVE('',#3659,#3044,#1806,.T.);
#4703=EDGE_CURVE('',#3660,#3659,#1807,.T.);
#4704=EDGE_CURVE('',#3660,#3043,#1808,.T.);
#4705=EDGE_CURVE('',#3661,#3660,#1809,.T.);
#4706=EDGE_CURVE('',#3661,#3042,#1810,.T.);
#4707=EDGE_CURVE('',#3647,#3661,#1811,.T.);
#4708=EDGE_CURVE('',#3662,#3663,#1812,.T.);
#4709=EDGE_CURVE('',#3663,#3025,#1813,.T.);
#4710=EDGE_CURVE('',#3662,#3040,#1814,.T.);
#4711=EDGE_CURVE('',#3664,#3662,#1815,.T.);
#4712=EDGE_CURVE('',#3664,#3039,#1816,.T.);
#4713=EDGE_CURVE('',#3665,#3664,#1817,.T.);
#4714=EDGE_CURVE('',#3665,#3038,#1818,.T.);
#4715=EDGE_CURVE('',#3666,#3665,#1819,.T.);
#4716=EDGE_CURVE('',#3666,#3037,#1820,.T.);
#4717=EDGE_CURVE('',#3667,#3666,#1821,.T.);
#4718=EDGE_CURVE('',#3667,#3036,#1822,.T.);
#4719=EDGE_CURVE('',#3668,#3667,#1823,.T.);
#4720=EDGE_CURVE('',#3668,#3035,#1824,.T.);
#4721=EDGE_CURVE('',#3669,#3668,#1825,.T.);
#4722=EDGE_CURVE('',#3669,#3034,#1826,.T.);
#4723=EDGE_CURVE('',#3670,#3669,#1827,.T.);
#4724=EDGE_CURVE('',#3670,#3033,#1828,.T.);
#4725=EDGE_CURVE('',#3671,#3670,#1829,.T.);
#4726=EDGE_CURVE('',#3671,#3032,#1830,.T.);
#4727=EDGE_CURVE('',#3672,#3671,#1831,.T.);
#4728=EDGE_CURVE('',#3672,#3031,#1832,.T.);
#4729=EDGE_CURVE('',#3673,#3672,#1833,.T.);
#4730=EDGE_CURVE('',#3673,#3030,#1834,.T.);
#4731=EDGE_CURVE('',#3674,#3673,#1835,.T.);
#4732=EDGE_CURVE('',#3674,#3029,#1836,.T.);
#4733=EDGE_CURVE('',#3675,#3674,#1837,.T.);
#4734=EDGE_CURVE('',#3675,#3028,#1838,.T.);
#4735=EDGE_CURVE('',#3676,#3675,#1839,.T.);
#4736=EDGE_CURVE('',#3676,#3027,#1840,.T.);
#4737=EDGE_CURVE('',#3677,#3676,#1841,.T.);
#4738=EDGE_CURVE('',#3677,#3026,#1842,.T.);
#4739=EDGE_CURVE('',#3663,#3677,#1843,.T.);
#4740=EDGE_CURVE('',#3678,#3024,#1844,.T.);
#4741=EDGE_CURVE('',#3678,#3013,#1845,.T.);
#4742=EDGE_CURVE('',#3679,#3678,#1846,.T.);
#4743=EDGE_CURVE('',#3679,#3023,#1847,.T.);
#4744=EDGE_CURVE('',#3680,#3679,#1848,.T.);
#4745=EDGE_CURVE('',#3680,#3022,#1849,.T.);
#4746=EDGE_CURVE('',#3351,#3680,#1850,.T.);
#4747=EDGE_CURVE('',#3681,#3682,#1851,.T.);
#4748=EDGE_CURVE('',#3682,#3683,#13,.T.);
#4749=EDGE_CURVE('',#3683,#3684,#1852,.T.);
#4750=EDGE_CURVE('',#3681,#3684,#14,.T.);
#4751=EDGE_CURVE('',#3682,#3685,#1853,.T.);
#4752=EDGE_CURVE('',#3685,#3686,#15,.T.);
#4753=EDGE_CURVE('',#3686,#3683,#1854,.T.);
#4754=EDGE_CURVE('',#3685,#3687,#1855,.T.);
#4755=EDGE_CURVE('',#3687,#3688,#16,.T.);
#4756=EDGE_CURVE('',#3688,#3686,#1856,.T.);
#4757=EDGE_CURVE('',#3687,#3689,#1857,.T.);
#4758=EDGE_CURVE('',#3689,#3690,#17,.T.);
#4759=EDGE_CURVE('',#3690,#3688,#1858,.T.);
#4760=EDGE_CURVE('',#3689,#3691,#1859,.T.);
#4761=EDGE_CURVE('',#3691,#3692,#18,.T.);
#4762=EDGE_CURVE('',#3692,#3690,#1860,.T.);
#4763=EDGE_CURVE('',#3691,#3693,#1861,.T.);
#4764=EDGE_CURVE('',#3693,#3694,#19,.T.);
#4765=EDGE_CURVE('',#3694,#3692,#1862,.T.);
#4766=EDGE_CURVE('',#3693,#3695,#1863,.T.);
#4767=EDGE_CURVE('',#3695,#3696,#20,.T.);
#4768=EDGE_CURVE('',#3696,#3694,#1864,.T.);
#4769=EDGE_CURVE('',#3695,#3697,#1865,.T.);
#4770=EDGE_CURVE('',#3697,#3698,#21,.T.);
#4771=EDGE_CURVE('',#3698,#3696,#1866,.T.);
#4772=EDGE_CURVE('',#3697,#3699,#1867,.T.);
#4773=EDGE_CURVE('',#3699,#3700,#22,.T.);
#4774=EDGE_CURVE('',#3700,#3698,#1868,.T.);
#4775=EDGE_CURVE('',#3701,#3700,#1869,.T.);
#4776=EDGE_CURVE('',#3699,#3702,#1870,.T.);
#4777=EDGE_CURVE('',#3702,#3701,#23,.T.);
#4778=EDGE_CURVE('',#3703,#3701,#1871,.T.);
#4779=EDGE_CURVE('',#3702,#3704,#1872,.T.);
#4780=EDGE_CURVE('',#3704,#3703,#24,.T.);
#4781=EDGE_CURVE('',#3705,#3703,#1873,.T.);
#4782=EDGE_CURVE('',#3704,#3706,#1874,.T.);
#4783=EDGE_CURVE('',#3706,#3705,#25,.T.);
#4784=EDGE_CURVE('',#3707,#3705,#1875,.T.);
#4785=EDGE_CURVE('',#3706,#3708,#1876,.T.);
#4786=EDGE_CURVE('',#3708,#3707,#26,.T.);
#4787=EDGE_CURVE('',#3709,#3707,#1877,.T.);
#4788=EDGE_CURVE('',#3708,#3710,#1878,.T.);
#4789=EDGE_CURVE('',#3710,#3709,#27,.T.);
#4790=EDGE_CURVE('',#3711,#3709,#1879,.T.);
#4791=EDGE_CURVE('',#3710,#3712,#1880,.T.);
#4792=EDGE_CURVE('',#3712,#3711,#28,.T.);
#4793=EDGE_CURVE('',#3684,#3711,#1881,.T.);
#4794=EDGE_CURVE('',#3712,#3681,#1882,.T.);
#4795=EDGE_CURVE('',#3713,#3714,#1883,.T.);
#4796=EDGE_CURVE('',#3714,#3715,#1884,.T.);
#4797=EDGE_CURVE('',#3715,#3716,#1885,.T.);
#4798=EDGE_CURVE('',#3716,#3717,#1886,.T.);
#4799=EDGE_CURVE('',#3717,#3718,#1887,.T.);
#4800=EDGE_CURVE('',#3718,#3719,#1888,.T.);
#4801=EDGE_CURVE('',#3719,#3720,#1889,.T.);
#4802=EDGE_CURVE('',#3720,#3721,#1890,.T.);
#4803=EDGE_CURVE('',#3721,#3722,#1891,.T.);
#4804=EDGE_CURVE('',#3722,#3723,#1892,.T.);
#4805=EDGE_CURVE('',#3723,#3724,#1893,.T.);
#4806=EDGE_CURVE('',#3724,#3725,#1894,.T.);
#4807=EDGE_CURVE('',#3725,#3726,#1895,.T.);
#4808=EDGE_CURVE('',#3726,#3727,#1896,.T.);
#4809=EDGE_CURVE('',#3727,#3728,#1897,.T.);
#4810=EDGE_CURVE('',#3728,#3713,#1898,.T.);
#4811=EDGE_CURVE('',#3729,#3730,#1899,.T.);
#4812=EDGE_CURVE('',#3730,#3713,#1900,.T.);
#4813=EDGE_CURVE('',#3729,#3728,#1901,.T.);
#4814=EDGE_CURVE('',#3731,#3729,#1902,.T.);
#4815=EDGE_CURVE('',#3731,#3727,#1903,.T.);
#4816=EDGE_CURVE('',#3732,#3731,#1904,.T.);
#4817=EDGE_CURVE('',#3732,#3726,#1905,.T.);
#4818=EDGE_CURVE('',#3733,#3732,#1906,.T.);
#4819=EDGE_CURVE('',#3733,#3725,#1907,.T.);
#4820=EDGE_CURVE('',#3734,#3733,#1908,.T.);
#4821=EDGE_CURVE('',#3734,#3724,#1909,.T.);
#4822=EDGE_CURVE('',#3735,#3734,#1910,.T.);
#4823=EDGE_CURVE('',#3735,#3723,#1911,.T.);
#4824=EDGE_CURVE('',#3736,#3735,#1912,.T.);
#4825=EDGE_CURVE('',#3736,#3722,#1913,.T.);
#4826=EDGE_CURVE('',#3737,#3736,#1914,.T.);
#4827=EDGE_CURVE('',#3737,#3721,#1915,.T.);
#4828=EDGE_CURVE('',#3738,#3737,#1916,.T.);
#4829=EDGE_CURVE('',#3738,#3720,#1917,.T.);
#4830=EDGE_CURVE('',#3739,#3738,#1918,.T.);
#4831=EDGE_CURVE('',#3739,#3719,#1919,.T.);
#4832=EDGE_CURVE('',#3740,#3739,#1920,.T.);
#4833=EDGE_CURVE('',#3740,#3718,#1921,.T.);
#4834=EDGE_CURVE('',#3741,#3740,#1922,.T.);
#4835=EDGE_CURVE('',#3741,#3717,#1923,.T.);
#4836=EDGE_CURVE('',#3742,#3741,#1924,.T.);
#4837=EDGE_CURVE('',#3742,#3716,#1925,.T.);
#4838=EDGE_CURVE('',#3743,#3742,#1926,.T.);
#4839=EDGE_CURVE('',#3743,#3715,#1927,.T.);
#4840=EDGE_CURVE('',#3744,#3743,#1928,.T.);
#4841=EDGE_CURVE('',#3744,#3714,#1929,.T.);
#4842=EDGE_CURVE('',#3730,#3744,#1930,.T.);
#4843=ORIENTED_EDGE('',*,*,#3745,.F.);
#4844=ORIENTED_EDGE('',*,*,#3746,.F.);
#4845=ORIENTED_EDGE('',*,*,#3747,.T.);
#4846=ORIENTED_EDGE('',*,*,#3748,.F.);
#4847=ORIENTED_EDGE('',*,*,#3749,.F.);
#4848=ORIENTED_EDGE('',*,*,#3750,.F.);
#4849=ORIENTED_EDGE('',*,*,#3751,.F.);
#4850=ORIENTED_EDGE('',*,*,#3752,.F.);
#4851=ORIENTED_EDGE('',*,*,#3753,.F.);
#4852=ORIENTED_EDGE('',*,*,#3751,.T.);
#4853=ORIENTED_EDGE('',*,*,#3754,.F.);
#4854=ORIENTED_EDGE('',*,*,#3747,.F.);
#4855=ORIENTED_EDGE('',*,*,#3748,.T.);
#4856=ORIENTED_EDGE('',*,*,#3754,.T.);
#4857=ORIENTED_EDGE('',*,*,#3750,.T.);
#4858=ORIENTED_EDGE('',*,*,#3755,.T.);
#4859=ORIENTED_EDGE('',*,*,#3756,.T.);
#4860=ORIENTED_EDGE('',*,*,#3757,.T.);
#4861=ORIENTED_EDGE('',*,*,#3758,.T.);
#4862=ORIENTED_EDGE('',*,*,#3759,.T.);
#4863=ORIENTED_EDGE('',*,*,#3760,.T.);
#4864=ORIENTED_EDGE('',*,*,#3761,.T.);
#4865=ORIENTED_EDGE('',*,*,#3762,.T.);
#4866=ORIENTED_EDGE('',*,*,#3763,.T.);
#4867=ORIENTED_EDGE('',*,*,#3764,.T.);
#4868=ORIENTED_EDGE('',*,*,#3765,.T.);
#4869=ORIENTED_EDGE('',*,*,#3766,.T.);
#4870=ORIENTED_EDGE('',*,*,#3767,.T.);
#4871=ORIENTED_EDGE('',*,*,#3768,.T.);
#4872=ORIENTED_EDGE('',*,*,#3769,.T.);
#4873=ORIENTED_EDGE('',*,*,#3770,.T.);
#4874=ORIENTED_EDGE('',*,*,#3771,.T.);
#4875=ORIENTED_EDGE('',*,*,#3772,.T.);
#4876=ORIENTED_EDGE('',*,*,#3773,.T.);
#4877=ORIENTED_EDGE('',*,*,#3774,.T.);
#4878=ORIENTED_EDGE('',*,*,#3775,.T.);
#4879=ORIENTED_EDGE('',*,*,#3776,.T.);
#4880=ORIENTED_EDGE('',*,*,#3777,.T.);
#4881=ORIENTED_EDGE('',*,*,#3778,.T.);
#4882=ORIENTED_EDGE('',*,*,#3779,.T.);
#4883=ORIENTED_EDGE('',*,*,#3780,.T.);
#4884=ORIENTED_EDGE('',*,*,#3781,.T.);
#4885=ORIENTED_EDGE('',*,*,#3782,.T.);
#4886=ORIENTED_EDGE('',*,*,#3783,.T.);
#4887=ORIENTED_EDGE('',*,*,#3784,.T.);
#4888=ORIENTED_EDGE('',*,*,#3785,.T.);
#4889=ORIENTED_EDGE('',*,*,#3786,.T.);
#4890=ORIENTED_EDGE('',*,*,#3787,.T.);
#4891=ORIENTED_EDGE('',*,*,#3788,.T.);
#4892=ORIENTED_EDGE('',*,*,#3789,.T.);
#4893=ORIENTED_EDGE('',*,*,#3790,.T.);
#4894=ORIENTED_EDGE('',*,*,#3791,.T.);
#4895=ORIENTED_EDGE('',*,*,#3792,.T.);
#4896=ORIENTED_EDGE('',*,*,#3793,.T.);
#4897=ORIENTED_EDGE('',*,*,#3794,.T.);
#4898=ORIENTED_EDGE('',*,*,#3795,.T.);
#4899=ORIENTED_EDGE('',*,*,#3796,.T.);
#4900=ORIENTED_EDGE('',*,*,#3797,.T.);
#4901=ORIENTED_EDGE('',*,*,#3798,.T.);
#4902=ORIENTED_EDGE('',*,*,#3799,.T.);
#4903=ORIENTED_EDGE('',*,*,#3800,.T.);
#4904=ORIENTED_EDGE('',*,*,#3801,.T.);
#4905=ORIENTED_EDGE('',*,*,#3802,.T.);
#4906=ORIENTED_EDGE('',*,*,#3803,.T.);
#4907=ORIENTED_EDGE('',*,*,#3804,.T.);
#4908=ORIENTED_EDGE('',*,*,#3805,.T.);
#4909=ORIENTED_EDGE('',*,*,#3806,.T.);
#4910=ORIENTED_EDGE('',*,*,#3807,.T.);
#4911=ORIENTED_EDGE('',*,*,#3808,.T.);
#4912=ORIENTED_EDGE('',*,*,#3809,.T.);
#4913=ORIENTED_EDGE('',*,*,#3810,.T.);
#4914=ORIENTED_EDGE('',*,*,#3811,.T.);
#4915=ORIENTED_EDGE('',*,*,#3812,.T.);
#4916=ORIENTED_EDGE('',*,*,#3813,.T.);
#4917=ORIENTED_EDGE('',*,*,#3814,.T.);
#4918=ORIENTED_EDGE('',*,*,#3815,.T.);
#4919=ORIENTED_EDGE('',*,*,#3816,.T.);
#4920=ORIENTED_EDGE('',*,*,#3817,.T.);
#4921=ORIENTED_EDGE('',*,*,#3818,.T.);
#4922=ORIENTED_EDGE('',*,*,#3819,.T.);
#4923=ORIENTED_EDGE('',*,*,#3820,.T.);
#4924=ORIENTED_EDGE('',*,*,#3821,.T.);
#4925=ORIENTED_EDGE('',*,*,#3822,.T.);
#4926=ORIENTED_EDGE('',*,*,#3823,.T.);
#4927=ORIENTED_EDGE('',*,*,#3824,.T.);
#4928=ORIENTED_EDGE('',*,*,#3825,.T.);
#4929=ORIENTED_EDGE('',*,*,#3826,.T.);
#4930=ORIENTED_EDGE('',*,*,#3827,.T.);
#4931=ORIENTED_EDGE('',*,*,#3828,.T.);
#4932=ORIENTED_EDGE('',*,*,#3829,.T.);
#4933=ORIENTED_EDGE('',*,*,#3830,.T.);
#4934=ORIENTED_EDGE('',*,*,#3831,.T.);
#4935=ORIENTED_EDGE('',*,*,#3832,.T.);
#4936=ORIENTED_EDGE('',*,*,#3833,.T.);
#4937=ORIENTED_EDGE('',*,*,#3834,.T.);
#4938=ORIENTED_EDGE('',*,*,#3835,.T.);
#4939=ORIENTED_EDGE('',*,*,#3836,.T.);
#4940=ORIENTED_EDGE('',*,*,#3837,.T.);
#4941=ORIENTED_EDGE('',*,*,#3838,.T.);
#4942=ORIENTED_EDGE('',*,*,#3839,.T.);
#4943=ORIENTED_EDGE('',*,*,#3840,.T.);
#4944=ORIENTED_EDGE('',*,*,#3841,.T.);
#4945=ORIENTED_EDGE('',*,*,#3842,.T.);
#4946=ORIENTED_EDGE('',*,*,#3843,.T.);
#4947=ORIENTED_EDGE('',*,*,#3844,.T.);
#4948=ORIENTED_EDGE('',*,*,#3845,.T.);
#4949=ORIENTED_EDGE('',*,*,#3846,.T.);
#4950=ORIENTED_EDGE('',*,*,#3847,.T.);
#4951=ORIENTED_EDGE('',*,*,#3848,.T.);
#4952=ORIENTED_EDGE('',*,*,#3849,.T.);
#4953=ORIENTED_EDGE('',*,*,#3850,.T.);
#4954=ORIENTED_EDGE('',*,*,#3851,.T.);
#4955=ORIENTED_EDGE('',*,*,#3852,.T.);
#4956=ORIENTED_EDGE('',*,*,#3853,.T.);
#4957=ORIENTED_EDGE('',*,*,#3854,.T.);
#4958=ORIENTED_EDGE('',*,*,#3855,.T.);
#4959=ORIENTED_EDGE('',*,*,#3856,.T.);
#4960=ORIENTED_EDGE('',*,*,#3857,.T.);
#4961=ORIENTED_EDGE('',*,*,#3858,.T.);
#4962=ORIENTED_EDGE('',*,*,#3859,.T.);
#4963=ORIENTED_EDGE('',*,*,#3860,.T.);
#4964=ORIENTED_EDGE('',*,*,#3861,.T.);
#4965=ORIENTED_EDGE('',*,*,#3862,.T.);
#4966=ORIENTED_EDGE('',*,*,#3863,.T.);
#4967=ORIENTED_EDGE('',*,*,#3864,.T.);
#4968=ORIENTED_EDGE('',*,*,#3865,.T.);
#4969=ORIENTED_EDGE('',*,*,#3866,.T.);
#4970=ORIENTED_EDGE('',*,*,#3867,.T.);
#4971=ORIENTED_EDGE('',*,*,#3868,.T.);
#4972=ORIENTED_EDGE('',*,*,#3869,.T.);
#4973=ORIENTED_EDGE('',*,*,#3870,.T.);
#4974=ORIENTED_EDGE('',*,*,#3871,.T.);
#4975=ORIENTED_EDGE('',*,*,#3872,.T.);
#4976=ORIENTED_EDGE('',*,*,#3873,.T.);
#4977=ORIENTED_EDGE('',*,*,#3874,.T.);
#4978=ORIENTED_EDGE('',*,*,#3875,.T.);
#4979=ORIENTED_EDGE('',*,*,#3876,.T.);
#4980=ORIENTED_EDGE('',*,*,#3877,.T.);
#4981=ORIENTED_EDGE('',*,*,#3878,.T.);
#4982=ORIENTED_EDGE('',*,*,#3879,.T.);
#4983=ORIENTED_EDGE('',*,*,#3880,.T.);
#4984=ORIENTED_EDGE('',*,*,#3881,.T.);
#4985=ORIENTED_EDGE('',*,*,#3882,.T.);
#4986=ORIENTED_EDGE('',*,*,#3883,.T.);
#4987=ORIENTED_EDGE('',*,*,#3884,.T.);
#4988=ORIENTED_EDGE('',*,*,#3885,.T.);
#4989=ORIENTED_EDGE('',*,*,#3886,.T.);
#4990=ORIENTED_EDGE('',*,*,#3887,.T.);
#4991=ORIENTED_EDGE('',*,*,#3888,.T.);
#4992=ORIENTED_EDGE('',*,*,#3889,.T.);
#4993=ORIENTED_EDGE('',*,*,#3890,.T.);
#4994=ORIENTED_EDGE('',*,*,#3891,.T.);
#4995=ORIENTED_EDGE('',*,*,#3892,.T.);
#4996=ORIENTED_EDGE('',*,*,#3893,.T.);
#4997=ORIENTED_EDGE('',*,*,#3894,.T.);
#4998=ORIENTED_EDGE('',*,*,#3895,.T.);
#4999=ORIENTED_EDGE('',*,*,#3896,.T.);
#5000=ORIENTED_EDGE('',*,*,#3897,.T.);
#5001=ORIENTED_EDGE('',*,*,#3898,.T.);
#5002=ORIENTED_EDGE('',*,*,#3899,.T.);
#5003=ORIENTED_EDGE('',*,*,#3900,.T.);
#5004=ORIENTED_EDGE('',*,*,#3901,.T.);
#5005=ORIENTED_EDGE('',*,*,#3902,.T.);
#5006=ORIENTED_EDGE('',*,*,#3903,.T.);
#5007=ORIENTED_EDGE('',*,*,#3904,.T.);
#5008=ORIENTED_EDGE('',*,*,#3905,.T.);
#5009=ORIENTED_EDGE('',*,*,#3906,.T.);
#5010=ORIENTED_EDGE('',*,*,#3907,.T.);
#5011=ORIENTED_EDGE('',*,*,#3908,.T.);
#5012=ORIENTED_EDGE('',*,*,#3909,.T.);
#5013=ORIENTED_EDGE('',*,*,#3910,.T.);
#5014=ORIENTED_EDGE('',*,*,#3911,.T.);
#5015=ORIENTED_EDGE('',*,*,#3912,.T.);
#5016=ORIENTED_EDGE('',*,*,#3913,.T.);
#5017=ORIENTED_EDGE('',*,*,#3914,.T.);
#5018=ORIENTED_EDGE('',*,*,#3915,.T.);
#5019=ORIENTED_EDGE('',*,*,#3916,.T.);
#5020=ORIENTED_EDGE('',*,*,#3917,.T.);
#5021=ORIENTED_EDGE('',*,*,#3918,.T.);
#5022=ORIENTED_EDGE('',*,*,#3919,.T.);
#5023=ORIENTED_EDGE('',*,*,#3920,.T.);
#5024=ORIENTED_EDGE('',*,*,#3921,.T.);
#5025=ORIENTED_EDGE('',*,*,#3922,.T.);
#5026=ORIENTED_EDGE('',*,*,#3923,.T.);
#5027=ORIENTED_EDGE('',*,*,#3924,.T.);
#5028=ORIENTED_EDGE('',*,*,#3925,.T.);
#5029=ORIENTED_EDGE('',*,*,#3926,.T.);
#5030=ORIENTED_EDGE('',*,*,#3927,.T.);
#5031=ORIENTED_EDGE('',*,*,#3928,.T.);
#5032=ORIENTED_EDGE('',*,*,#3929,.T.);
#5033=ORIENTED_EDGE('',*,*,#3930,.T.);
#5034=ORIENTED_EDGE('',*,*,#3931,.T.);
#5035=ORIENTED_EDGE('',*,*,#3932,.T.);
#5036=ORIENTED_EDGE('',*,*,#3933,.T.);
#5037=ORIENTED_EDGE('',*,*,#3934,.T.);
#5038=ORIENTED_EDGE('',*,*,#3935,.T.);
#5039=ORIENTED_EDGE('',*,*,#3936,.T.);
#5040=ORIENTED_EDGE('',*,*,#3937,.T.);
#5041=ORIENTED_EDGE('',*,*,#3938,.T.);
#5042=ORIENTED_EDGE('',*,*,#3939,.T.);
#5043=ORIENTED_EDGE('',*,*,#3940,.T.);
#5044=ORIENTED_EDGE('',*,*,#3941,.T.);
#5045=ORIENTED_EDGE('',*,*,#3942,.T.);
#5046=ORIENTED_EDGE('',*,*,#3943,.T.);
#5047=ORIENTED_EDGE('',*,*,#3944,.T.);
#5048=ORIENTED_EDGE('',*,*,#3945,.T.);
#5049=ORIENTED_EDGE('',*,*,#3946,.T.);
#5050=ORIENTED_EDGE('',*,*,#3947,.T.);
#5051=ORIENTED_EDGE('',*,*,#3948,.T.);
#5052=ORIENTED_EDGE('',*,*,#3949,.T.);
#5053=ORIENTED_EDGE('',*,*,#3950,.T.);
#5054=ORIENTED_EDGE('',*,*,#3951,.T.);
#5055=ORIENTED_EDGE('',*,*,#3952,.T.);
#5056=ORIENTED_EDGE('',*,*,#3953,.T.);
#5057=ORIENTED_EDGE('',*,*,#3954,.T.);
#5058=ORIENTED_EDGE('',*,*,#3955,.T.);
#5059=ORIENTED_EDGE('',*,*,#3956,.T.);
#5060=ORIENTED_EDGE('',*,*,#3957,.T.);
#5061=ORIENTED_EDGE('',*,*,#3958,.T.);
#5062=ORIENTED_EDGE('',*,*,#3959,.T.);
#5063=ORIENTED_EDGE('',*,*,#3960,.T.);
#5064=ORIENTED_EDGE('',*,*,#3961,.T.);
#5065=ORIENTED_EDGE('',*,*,#3962,.T.);
#5066=ORIENTED_EDGE('',*,*,#3963,.T.);
#5067=ORIENTED_EDGE('',*,*,#3964,.T.);
#5068=ORIENTED_EDGE('',*,*,#3965,.T.);
#5069=ORIENTED_EDGE('',*,*,#3966,.T.);
#5070=ORIENTED_EDGE('',*,*,#3967,.T.);
#5071=ORIENTED_EDGE('',*,*,#3968,.T.);
#5072=ORIENTED_EDGE('',*,*,#3969,.T.);
#5073=ORIENTED_EDGE('',*,*,#3970,.T.);
#5074=ORIENTED_EDGE('',*,*,#3971,.T.);
#5075=ORIENTED_EDGE('',*,*,#3972,.T.);
#5076=ORIENTED_EDGE('',*,*,#3973,.T.);
#5077=ORIENTED_EDGE('',*,*,#3974,.T.);
#5078=ORIENTED_EDGE('',*,*,#3975,.T.);
#5079=ORIENTED_EDGE('',*,*,#3976,.T.);
#5080=ORIENTED_EDGE('',*,*,#3977,.T.);
#5081=ORIENTED_EDGE('',*,*,#3978,.T.);
#5082=ORIENTED_EDGE('',*,*,#3979,.T.);
#5083=ORIENTED_EDGE('',*,*,#3980,.T.);
#5084=ORIENTED_EDGE('',*,*,#3981,.T.);
#5085=ORIENTED_EDGE('',*,*,#3982,.T.);
#5086=ORIENTED_EDGE('',*,*,#3983,.T.);
#5087=ORIENTED_EDGE('',*,*,#3984,.T.);
#5088=ORIENTED_EDGE('',*,*,#3985,.T.);
#5089=ORIENTED_EDGE('',*,*,#3986,.T.);
#5090=ORIENTED_EDGE('',*,*,#3987,.T.);
#5091=ORIENTED_EDGE('',*,*,#3988,.T.);
#5092=ORIENTED_EDGE('',*,*,#3989,.T.);
#5093=ORIENTED_EDGE('',*,*,#3990,.T.);
#5094=ORIENTED_EDGE('',*,*,#3991,.T.);
#5095=ORIENTED_EDGE('',*,*,#3992,.T.);
#5096=ORIENTED_EDGE('',*,*,#3993,.T.);
#5097=ORIENTED_EDGE('',*,*,#3994,.T.);
#5098=ORIENTED_EDGE('',*,*,#3995,.T.);
#5099=ORIENTED_EDGE('',*,*,#3996,.T.);
#5100=ORIENTED_EDGE('',*,*,#3997,.T.);
#5101=ORIENTED_EDGE('',*,*,#3998,.T.);
#5102=ORIENTED_EDGE('',*,*,#3999,.T.);
#5103=ORIENTED_EDGE('',*,*,#4000,.T.);
#5104=ORIENTED_EDGE('',*,*,#4001,.T.);
#5105=ORIENTED_EDGE('',*,*,#4002,.T.);
#5106=ORIENTED_EDGE('',*,*,#4003,.T.);
#5107=ORIENTED_EDGE('',*,*,#4004,.T.);
#5108=ORIENTED_EDGE('',*,*,#4005,.T.);
#5109=ORIENTED_EDGE('',*,*,#4006,.T.);
#5110=ORIENTED_EDGE('',*,*,#4007,.T.);
#5111=ORIENTED_EDGE('',*,*,#4008,.T.);
#5112=ORIENTED_EDGE('',*,*,#4009,.T.);
#5113=ORIENTED_EDGE('',*,*,#4010,.T.);
#5114=ORIENTED_EDGE('',*,*,#4011,.T.);
#5115=ORIENTED_EDGE('',*,*,#4012,.T.);
#5116=ORIENTED_EDGE('',*,*,#4013,.T.);
#5117=ORIENTED_EDGE('',*,*,#4014,.T.);
#5118=ORIENTED_EDGE('',*,*,#4015,.T.);
#5119=ORIENTED_EDGE('',*,*,#4016,.T.);
#5120=ORIENTED_EDGE('',*,*,#4017,.T.);
#5121=ORIENTED_EDGE('',*,*,#4018,.T.);
#5122=ORIENTED_EDGE('',*,*,#4019,.T.);
#5123=ORIENTED_EDGE('',*,*,#4020,.T.);
#5124=ORIENTED_EDGE('',*,*,#4021,.T.);
#5125=ORIENTED_EDGE('',*,*,#4022,.T.);
#5126=ORIENTED_EDGE('',*,*,#4023,.T.);
#5127=ORIENTED_EDGE('',*,*,#4024,.T.);
#5128=ORIENTED_EDGE('',*,*,#4025,.T.);
#5129=ORIENTED_EDGE('',*,*,#4026,.T.);
#5130=ORIENTED_EDGE('',*,*,#4027,.T.);
#5131=ORIENTED_EDGE('',*,*,#4028,.T.);
#5132=ORIENTED_EDGE('',*,*,#4029,.T.);
#5133=ORIENTED_EDGE('',*,*,#4030,.T.);
#5134=ORIENTED_EDGE('',*,*,#4031,.T.);
#5135=ORIENTED_EDGE('',*,*,#4032,.T.);
#5136=ORIENTED_EDGE('',*,*,#4033,.T.);
#5137=ORIENTED_EDGE('',*,*,#4034,.T.);
#5138=ORIENTED_EDGE('',*,*,#4035,.T.);
#5139=ORIENTED_EDGE('',*,*,#4036,.T.);
#5140=ORIENTED_EDGE('',*,*,#4037,.T.);
#5141=ORIENTED_EDGE('',*,*,#4038,.T.);
#5142=ORIENTED_EDGE('',*,*,#4039,.T.);
#5143=ORIENTED_EDGE('',*,*,#4040,.T.);
#5144=ORIENTED_EDGE('',*,*,#4041,.T.);
#5145=ORIENTED_EDGE('',*,*,#4042,.T.);
#5146=ORIENTED_EDGE('',*,*,#4043,.T.);
#5147=ORIENTED_EDGE('',*,*,#4044,.T.);
#5148=ORIENTED_EDGE('',*,*,#4045,.T.);
#5149=ORIENTED_EDGE('',*,*,#4046,.T.);
#5150=ORIENTED_EDGE('',*,*,#4047,.T.);
#5151=ORIENTED_EDGE('',*,*,#4048,.T.);
#5152=ORIENTED_EDGE('',*,*,#4049,.T.);
#5153=ORIENTED_EDGE('',*,*,#4050,.T.);
#5154=ORIENTED_EDGE('',*,*,#4051,.T.);
#5155=ORIENTED_EDGE('',*,*,#4052,.T.);
#5156=ORIENTED_EDGE('',*,*,#4053,.T.);
#5157=ORIENTED_EDGE('',*,*,#4054,.T.);
#5158=ORIENTED_EDGE('',*,*,#4055,.T.);
#5159=ORIENTED_EDGE('',*,*,#4056,.T.);
#5160=ORIENTED_EDGE('',*,*,#4057,.T.);
#5161=ORIENTED_EDGE('',*,*,#4058,.T.);
#5162=ORIENTED_EDGE('',*,*,#4059,.T.);
#5163=ORIENTED_EDGE('',*,*,#4060,.T.);
#5164=ORIENTED_EDGE('',*,*,#4061,.T.);
#5165=ORIENTED_EDGE('',*,*,#4062,.T.);
#5166=ORIENTED_EDGE('',*,*,#4063,.T.);
#5167=ORIENTED_EDGE('',*,*,#4064,.T.);
#5168=ORIENTED_EDGE('',*,*,#4065,.T.);
#5169=ORIENTED_EDGE('',*,*,#4066,.T.);
#5170=ORIENTED_EDGE('',*,*,#4067,.T.);
#5171=ORIENTED_EDGE('',*,*,#4068,.T.);
#5172=ORIENTED_EDGE('',*,*,#4069,.T.);
#5173=ORIENTED_EDGE('',*,*,#4070,.T.);
#5174=ORIENTED_EDGE('',*,*,#4071,.T.);
#5175=ORIENTED_EDGE('',*,*,#4072,.T.);
#5176=ORIENTED_EDGE('',*,*,#4073,.T.);
#5177=ORIENTED_EDGE('',*,*,#4074,.T.);
#5178=ORIENTED_EDGE('',*,*,#4075,.T.);
#5179=ORIENTED_EDGE('',*,*,#4076,.T.);
#5180=ORIENTED_EDGE('',*,*,#4077,.T.);
#5181=ORIENTED_EDGE('',*,*,#4078,.T.);
#5182=ORIENTED_EDGE('',*,*,#4079,.T.);
#5183=ORIENTED_EDGE('',*,*,#4080,.T.);
#5184=ORIENTED_EDGE('',*,*,#4081,.T.);
#5185=ORIENTED_EDGE('',*,*,#4082,.T.);
#5186=ORIENTED_EDGE('',*,*,#4083,.T.);
#5187=ORIENTED_EDGE('',*,*,#4084,.T.);
#5188=ORIENTED_EDGE('',*,*,#4085,.T.);
#5189=ORIENTED_EDGE('',*,*,#3749,.T.);
#5190=ORIENTED_EDGE('',*,*,#4086,.T.);
#5191=ORIENTED_EDGE('',*,*,#4087,.T.);
#5192=ORIENTED_EDGE('',*,*,#3755,.F.);
#5193=ORIENTED_EDGE('',*,*,#4088,.T.);
#5194=ORIENTED_EDGE('',*,*,#4089,.T.);
#5195=ORIENTED_EDGE('',*,*,#4085,.F.);
#5196=ORIENTED_EDGE('',*,*,#4090,.F.);
#5197=ORIENTED_EDGE('',*,*,#4091,.T.);
#5198=ORIENTED_EDGE('',*,*,#4090,.T.);
#5199=ORIENTED_EDGE('',*,*,#4084,.F.);
#5200=ORIENTED_EDGE('',*,*,#4092,.F.);
#5201=ORIENTED_EDGE('',*,*,#4093,.T.);
#5202=ORIENTED_EDGE('',*,*,#4092,.T.);
#5203=ORIENTED_EDGE('',*,*,#4083,.F.);
#5204=ORIENTED_EDGE('',*,*,#4094,.F.);
#5205=ORIENTED_EDGE('',*,*,#4095,.T.);
#5206=ORIENTED_EDGE('',*,*,#4094,.T.);
#5207=ORIENTED_EDGE('',*,*,#4082,.F.);
#5208=ORIENTED_EDGE('',*,*,#4096,.F.);
#5209=ORIENTED_EDGE('',*,*,#4097,.T.);
#5210=ORIENTED_EDGE('',*,*,#4096,.T.);
#5211=ORIENTED_EDGE('',*,*,#4081,.F.);
#5212=ORIENTED_EDGE('',*,*,#4098,.F.);
#5213=ORIENTED_EDGE('',*,*,#4099,.T.);
#5214=ORIENTED_EDGE('',*,*,#4098,.T.);
#5215=ORIENTED_EDGE('',*,*,#4080,.F.);
#5216=ORIENTED_EDGE('',*,*,#4100,.F.);
#5217=ORIENTED_EDGE('',*,*,#4101,.T.);
#5218=ORIENTED_EDGE('',*,*,#4100,.T.);
#5219=ORIENTED_EDGE('',*,*,#4079,.F.);
#5220=ORIENTED_EDGE('',*,*,#4102,.F.);
#5221=ORIENTED_EDGE('',*,*,#4103,.T.);
#5222=ORIENTED_EDGE('',*,*,#4102,.T.);
#5223=ORIENTED_EDGE('',*,*,#4078,.F.);
#5224=ORIENTED_EDGE('',*,*,#4104,.F.);
#5225=ORIENTED_EDGE('',*,*,#4105,.T.);
#5226=ORIENTED_EDGE('',*,*,#4104,.T.);
#5227=ORIENTED_EDGE('',*,*,#4077,.F.);
#5228=ORIENTED_EDGE('',*,*,#4106,.F.);
#5229=ORIENTED_EDGE('',*,*,#4107,.T.);
#5230=ORIENTED_EDGE('',*,*,#4106,.T.);
#5231=ORIENTED_EDGE('',*,*,#4076,.F.);
#5232=ORIENTED_EDGE('',*,*,#4108,.F.);
#5233=ORIENTED_EDGE('',*,*,#4109,.T.);
#5234=ORIENTED_EDGE('',*,*,#4108,.T.);
#5235=ORIENTED_EDGE('',*,*,#4075,.F.);
#5236=ORIENTED_EDGE('',*,*,#4110,.F.);
#5237=ORIENTED_EDGE('',*,*,#4111,.T.);
#5238=ORIENTED_EDGE('',*,*,#4110,.T.);
#5239=ORIENTED_EDGE('',*,*,#4074,.F.);
#5240=ORIENTED_EDGE('',*,*,#4112,.F.);
#5241=ORIENTED_EDGE('',*,*,#4113,.T.);
#5242=ORIENTED_EDGE('',*,*,#4112,.T.);
#5243=ORIENTED_EDGE('',*,*,#4073,.F.);
#5244=ORIENTED_EDGE('',*,*,#4114,.F.);
#5245=ORIENTED_EDGE('',*,*,#4115,.T.);
#5246=ORIENTED_EDGE('',*,*,#4114,.T.);
#5247=ORIENTED_EDGE('',*,*,#4072,.F.);
#5248=ORIENTED_EDGE('',*,*,#4116,.F.);
#5249=ORIENTED_EDGE('',*,*,#4117,.T.);
#5250=ORIENTED_EDGE('',*,*,#4116,.T.);
#5251=ORIENTED_EDGE('',*,*,#4071,.F.);
#5252=ORIENTED_EDGE('',*,*,#4118,.F.);
#5253=ORIENTED_EDGE('',*,*,#4119,.T.);
#5254=ORIENTED_EDGE('',*,*,#4118,.T.);
#5255=ORIENTED_EDGE('',*,*,#4070,.F.);
#5256=ORIENTED_EDGE('',*,*,#4089,.F.);
#5257=ORIENTED_EDGE('',*,*,#4120,.T.);
#5258=ORIENTED_EDGE('',*,*,#4121,.T.);
#5259=ORIENTED_EDGE('',*,*,#4069,.F.);
#5260=ORIENTED_EDGE('',*,*,#4122,.F.);
#5261=ORIENTED_EDGE('',*,*,#4123,.T.);
#5262=ORIENTED_EDGE('',*,*,#4122,.T.);
#5263=ORIENTED_EDGE('',*,*,#4068,.F.);
#5264=ORIENTED_EDGE('',*,*,#4124,.F.);
#5265=ORIENTED_EDGE('',*,*,#4125,.T.);
#5266=ORIENTED_EDGE('',*,*,#4124,.T.);
#5267=ORIENTED_EDGE('',*,*,#4067,.F.);
#5268=ORIENTED_EDGE('',*,*,#4126,.F.);
#5269=ORIENTED_EDGE('',*,*,#4127,.T.);
#5270=ORIENTED_EDGE('',*,*,#4126,.T.);
#5271=ORIENTED_EDGE('',*,*,#4066,.F.);
#5272=ORIENTED_EDGE('',*,*,#4128,.F.);
#5273=ORIENTED_EDGE('',*,*,#4129,.T.);
#5274=ORIENTED_EDGE('',*,*,#4128,.T.);
#5275=ORIENTED_EDGE('',*,*,#4065,.F.);
#5276=ORIENTED_EDGE('',*,*,#4130,.F.);
#5277=ORIENTED_EDGE('',*,*,#4131,.T.);
#5278=ORIENTED_EDGE('',*,*,#4130,.T.);
#5279=ORIENTED_EDGE('',*,*,#4064,.F.);
#5280=ORIENTED_EDGE('',*,*,#4132,.F.);
#5281=ORIENTED_EDGE('',*,*,#4133,.T.);
#5282=ORIENTED_EDGE('',*,*,#4132,.T.);
#5283=ORIENTED_EDGE('',*,*,#4063,.F.);
#5284=ORIENTED_EDGE('',*,*,#4134,.F.);
#5285=ORIENTED_EDGE('',*,*,#4135,.T.);
#5286=ORIENTED_EDGE('',*,*,#4134,.T.);
#5287=ORIENTED_EDGE('',*,*,#4062,.F.);
#5288=ORIENTED_EDGE('',*,*,#4136,.F.);
#5289=ORIENTED_EDGE('',*,*,#4137,.T.);
#5290=ORIENTED_EDGE('',*,*,#4136,.T.);
#5291=ORIENTED_EDGE('',*,*,#4061,.F.);
#5292=ORIENTED_EDGE('',*,*,#4138,.F.);
#5293=ORIENTED_EDGE('',*,*,#4139,.T.);
#5294=ORIENTED_EDGE('',*,*,#4138,.T.);
#5295=ORIENTED_EDGE('',*,*,#4060,.F.);
#5296=ORIENTED_EDGE('',*,*,#4140,.F.);
#5297=ORIENTED_EDGE('',*,*,#4141,.T.);
#5298=ORIENTED_EDGE('',*,*,#4140,.T.);
#5299=ORIENTED_EDGE('',*,*,#4059,.F.);
#5300=ORIENTED_EDGE('',*,*,#4142,.F.);
#5301=ORIENTED_EDGE('',*,*,#4143,.T.);
#5302=ORIENTED_EDGE('',*,*,#4142,.T.);
#5303=ORIENTED_EDGE('',*,*,#4058,.F.);
#5304=ORIENTED_EDGE('',*,*,#4144,.F.);
#5305=ORIENTED_EDGE('',*,*,#4145,.T.);
#5306=ORIENTED_EDGE('',*,*,#4144,.T.);
#5307=ORIENTED_EDGE('',*,*,#4057,.F.);
#5308=ORIENTED_EDGE('',*,*,#4146,.F.);
#5309=ORIENTED_EDGE('',*,*,#4147,.T.);
#5310=ORIENTED_EDGE('',*,*,#4146,.T.);
#5311=ORIENTED_EDGE('',*,*,#4056,.F.);
#5312=ORIENTED_EDGE('',*,*,#4148,.F.);
#5313=ORIENTED_EDGE('',*,*,#4149,.T.);
#5314=ORIENTED_EDGE('',*,*,#4148,.T.);
#5315=ORIENTED_EDGE('',*,*,#4055,.F.);
#5316=ORIENTED_EDGE('',*,*,#4150,.F.);
#5317=ORIENTED_EDGE('',*,*,#4151,.T.);
#5318=ORIENTED_EDGE('',*,*,#4150,.T.);
#5319=ORIENTED_EDGE('',*,*,#4054,.F.);
#5320=ORIENTED_EDGE('',*,*,#4121,.F.);
#5321=ORIENTED_EDGE('',*,*,#4152,.T.);
#5322=ORIENTED_EDGE('',*,*,#4153,.T.);
#5323=ORIENTED_EDGE('',*,*,#4053,.F.);
#5324=ORIENTED_EDGE('',*,*,#4154,.F.);
#5325=ORIENTED_EDGE('',*,*,#4155,.T.);
#5326=ORIENTED_EDGE('',*,*,#4154,.T.);
#5327=ORIENTED_EDGE('',*,*,#4052,.F.);
#5328=ORIENTED_EDGE('',*,*,#4156,.F.);
#5329=ORIENTED_EDGE('',*,*,#4157,.T.);
#5330=ORIENTED_EDGE('',*,*,#4156,.T.);
#5331=ORIENTED_EDGE('',*,*,#4051,.F.);
#5332=ORIENTED_EDGE('',*,*,#4158,.F.);
#5333=ORIENTED_EDGE('',*,*,#4159,.T.);
#5334=ORIENTED_EDGE('',*,*,#4158,.T.);
#5335=ORIENTED_EDGE('',*,*,#4050,.F.);
#5336=ORIENTED_EDGE('',*,*,#4160,.F.);
#5337=ORIENTED_EDGE('',*,*,#4161,.T.);
#5338=ORIENTED_EDGE('',*,*,#4160,.T.);
#5339=ORIENTED_EDGE('',*,*,#4049,.F.);
#5340=ORIENTED_EDGE('',*,*,#4162,.F.);
#5341=ORIENTED_EDGE('',*,*,#4163,.T.);
#5342=ORIENTED_EDGE('',*,*,#4162,.T.);
#5343=ORIENTED_EDGE('',*,*,#4048,.F.);
#5344=ORIENTED_EDGE('',*,*,#4164,.F.);
#5345=ORIENTED_EDGE('',*,*,#4165,.T.);
#5346=ORIENTED_EDGE('',*,*,#4164,.T.);
#5347=ORIENTED_EDGE('',*,*,#4047,.F.);
#5348=ORIENTED_EDGE('',*,*,#4166,.F.);
#5349=ORIENTED_EDGE('',*,*,#4167,.T.);
#5350=ORIENTED_EDGE('',*,*,#4166,.T.);
#5351=ORIENTED_EDGE('',*,*,#4046,.F.);
#5352=ORIENTED_EDGE('',*,*,#4168,.F.);
#5353=ORIENTED_EDGE('',*,*,#4169,.T.);
#5354=ORIENTED_EDGE('',*,*,#4168,.T.);
#5355=ORIENTED_EDGE('',*,*,#4045,.F.);
#5356=ORIENTED_EDGE('',*,*,#4170,.F.);
#5357=ORIENTED_EDGE('',*,*,#4171,.T.);
#5358=ORIENTED_EDGE('',*,*,#4170,.T.);
#5359=ORIENTED_EDGE('',*,*,#4044,.F.);
#5360=ORIENTED_EDGE('',*,*,#4172,.F.);
#5361=ORIENTED_EDGE('',*,*,#4173,.T.);
#5362=ORIENTED_EDGE('',*,*,#4172,.T.);
#5363=ORIENTED_EDGE('',*,*,#4043,.F.);
#5364=ORIENTED_EDGE('',*,*,#4174,.F.);
#5365=ORIENTED_EDGE('',*,*,#4175,.T.);
#5366=ORIENTED_EDGE('',*,*,#4174,.T.);
#5367=ORIENTED_EDGE('',*,*,#4042,.F.);
#5368=ORIENTED_EDGE('',*,*,#4176,.F.);
#5369=ORIENTED_EDGE('',*,*,#4177,.T.);
#5370=ORIENTED_EDGE('',*,*,#4176,.T.);
#5371=ORIENTED_EDGE('',*,*,#4041,.F.);
#5372=ORIENTED_EDGE('',*,*,#4178,.F.);
#5373=ORIENTED_EDGE('',*,*,#4179,.T.);
#5374=ORIENTED_EDGE('',*,*,#4178,.T.);
#5375=ORIENTED_EDGE('',*,*,#4040,.F.);
#5376=ORIENTED_EDGE('',*,*,#4180,.F.);
#5377=ORIENTED_EDGE('',*,*,#4181,.T.);
#5378=ORIENTED_EDGE('',*,*,#4180,.T.);
#5379=ORIENTED_EDGE('',*,*,#4039,.F.);
#5380=ORIENTED_EDGE('',*,*,#4182,.F.);
#5381=ORIENTED_EDGE('',*,*,#4183,.T.);
#5382=ORIENTED_EDGE('',*,*,#4182,.T.);
#5383=ORIENTED_EDGE('',*,*,#4038,.F.);
#5384=ORIENTED_EDGE('',*,*,#4153,.F.);
#5385=ORIENTED_EDGE('',*,*,#4184,.T.);
#5386=ORIENTED_EDGE('',*,*,#4185,.T.);
#5387=ORIENTED_EDGE('',*,*,#4037,.F.);
#5388=ORIENTED_EDGE('',*,*,#4186,.F.);
#5389=ORIENTED_EDGE('',*,*,#4187,.T.);
#5390=ORIENTED_EDGE('',*,*,#4186,.T.);
#5391=ORIENTED_EDGE('',*,*,#4036,.F.);
#5392=ORIENTED_EDGE('',*,*,#4188,.F.);
#5393=ORIENTED_EDGE('',*,*,#4189,.T.);
#5394=ORIENTED_EDGE('',*,*,#4188,.T.);
#5395=ORIENTED_EDGE('',*,*,#4035,.F.);
#5396=ORIENTED_EDGE('',*,*,#4190,.F.);
#5397=ORIENTED_EDGE('',*,*,#4191,.T.);
#5398=ORIENTED_EDGE('',*,*,#4190,.T.);
#5399=ORIENTED_EDGE('',*,*,#4034,.F.);
#5400=ORIENTED_EDGE('',*,*,#4192,.F.);
#5401=ORIENTED_EDGE('',*,*,#4193,.T.);
#5402=ORIENTED_EDGE('',*,*,#4192,.T.);
#5403=ORIENTED_EDGE('',*,*,#4033,.F.);
#5404=ORIENTED_EDGE('',*,*,#4194,.F.);
#5405=ORIENTED_EDGE('',*,*,#4195,.T.);
#5406=ORIENTED_EDGE('',*,*,#4194,.T.);
#5407=ORIENTED_EDGE('',*,*,#4032,.F.);
#5408=ORIENTED_EDGE('',*,*,#4196,.F.);
#5409=ORIENTED_EDGE('',*,*,#4197,.T.);
#5410=ORIENTED_EDGE('',*,*,#4196,.T.);
#5411=ORIENTED_EDGE('',*,*,#4031,.F.);
#5412=ORIENTED_EDGE('',*,*,#4198,.F.);
#5413=ORIENTED_EDGE('',*,*,#4199,.T.);
#5414=ORIENTED_EDGE('',*,*,#4198,.T.);
#5415=ORIENTED_EDGE('',*,*,#4030,.F.);
#5416=ORIENTED_EDGE('',*,*,#4200,.F.);
#5417=ORIENTED_EDGE('',*,*,#4201,.T.);
#5418=ORIENTED_EDGE('',*,*,#4200,.T.);
#5419=ORIENTED_EDGE('',*,*,#4029,.F.);
#5420=ORIENTED_EDGE('',*,*,#4202,.F.);
#5421=ORIENTED_EDGE('',*,*,#4203,.T.);
#5422=ORIENTED_EDGE('',*,*,#4202,.T.);
#5423=ORIENTED_EDGE('',*,*,#4028,.F.);
#5424=ORIENTED_EDGE('',*,*,#4204,.F.);
#5425=ORIENTED_EDGE('',*,*,#4205,.T.);
#5426=ORIENTED_EDGE('',*,*,#4204,.T.);
#5427=ORIENTED_EDGE('',*,*,#4027,.F.);
#5428=ORIENTED_EDGE('',*,*,#4206,.F.);
#5429=ORIENTED_EDGE('',*,*,#4207,.T.);
#5430=ORIENTED_EDGE('',*,*,#4206,.T.);
#5431=ORIENTED_EDGE('',*,*,#4026,.F.);
#5432=ORIENTED_EDGE('',*,*,#4208,.F.);
#5433=ORIENTED_EDGE('',*,*,#4209,.T.);
#5434=ORIENTED_EDGE('',*,*,#4208,.T.);
#5435=ORIENTED_EDGE('',*,*,#4025,.F.);
#5436=ORIENTED_EDGE('',*,*,#4210,.F.);
#5437=ORIENTED_EDGE('',*,*,#4211,.T.);
#5438=ORIENTED_EDGE('',*,*,#4210,.T.);
#5439=ORIENTED_EDGE('',*,*,#4024,.F.);
#5440=ORIENTED_EDGE('',*,*,#4212,.F.);
#5441=ORIENTED_EDGE('',*,*,#4213,.T.);
#5442=ORIENTED_EDGE('',*,*,#4212,.T.);
#5443=ORIENTED_EDGE('',*,*,#4023,.F.);
#5444=ORIENTED_EDGE('',*,*,#4214,.F.);
#5445=ORIENTED_EDGE('',*,*,#4215,.T.);
#5446=ORIENTED_EDGE('',*,*,#4214,.T.);
#5447=ORIENTED_EDGE('',*,*,#4022,.F.);
#5448=ORIENTED_EDGE('',*,*,#4216,.F.);
#5449=ORIENTED_EDGE('',*,*,#4217,.T.);
#5450=ORIENTED_EDGE('',*,*,#4216,.T.);
#5451=ORIENTED_EDGE('',*,*,#4021,.F.);
#5452=ORIENTED_EDGE('',*,*,#4218,.F.);
#5453=ORIENTED_EDGE('',*,*,#4219,.T.);
#5454=ORIENTED_EDGE('',*,*,#4218,.T.);
#5455=ORIENTED_EDGE('',*,*,#4020,.F.);
#5456=ORIENTED_EDGE('',*,*,#4220,.F.);
#5457=ORIENTED_EDGE('',*,*,#4221,.T.);
#5458=ORIENTED_EDGE('',*,*,#4220,.T.);
#5459=ORIENTED_EDGE('',*,*,#4019,.F.);
#5460=ORIENTED_EDGE('',*,*,#4222,.F.);
#5461=ORIENTED_EDGE('',*,*,#4223,.T.);
#5462=ORIENTED_EDGE('',*,*,#4222,.T.);
#5463=ORIENTED_EDGE('',*,*,#4018,.F.);
#5464=ORIENTED_EDGE('',*,*,#4185,.F.);
#5465=ORIENTED_EDGE('',*,*,#4224,.T.);
#5466=ORIENTED_EDGE('',*,*,#4225,.T.);
#5467=ORIENTED_EDGE('',*,*,#4017,.F.);
#5468=ORIENTED_EDGE('',*,*,#4226,.F.);
#5469=ORIENTED_EDGE('',*,*,#4227,.T.);
#5470=ORIENTED_EDGE('',*,*,#4226,.T.);
#5471=ORIENTED_EDGE('',*,*,#4016,.F.);
#5472=ORIENTED_EDGE('',*,*,#4228,.F.);
#5473=ORIENTED_EDGE('',*,*,#4229,.T.);
#5474=ORIENTED_EDGE('',*,*,#4228,.T.);
#5475=ORIENTED_EDGE('',*,*,#4015,.F.);
#5476=ORIENTED_EDGE('',*,*,#4230,.F.);
#5477=ORIENTED_EDGE('',*,*,#4231,.T.);
#5478=ORIENTED_EDGE('',*,*,#4230,.T.);
#5479=ORIENTED_EDGE('',*,*,#4014,.F.);
#5480=ORIENTED_EDGE('',*,*,#4232,.F.);
#5481=ORIENTED_EDGE('',*,*,#4233,.T.);
#5482=ORIENTED_EDGE('',*,*,#4232,.T.);
#5483=ORIENTED_EDGE('',*,*,#4013,.F.);
#5484=ORIENTED_EDGE('',*,*,#4234,.F.);
#5485=ORIENTED_EDGE('',*,*,#4235,.T.);
#5486=ORIENTED_EDGE('',*,*,#4234,.T.);
#5487=ORIENTED_EDGE('',*,*,#4012,.F.);
#5488=ORIENTED_EDGE('',*,*,#4236,.F.);
#5489=ORIENTED_EDGE('',*,*,#4237,.T.);
#5490=ORIENTED_EDGE('',*,*,#4236,.T.);
#5491=ORIENTED_EDGE('',*,*,#4011,.F.);
#5492=ORIENTED_EDGE('',*,*,#4238,.F.);
#5493=ORIENTED_EDGE('',*,*,#4239,.T.);
#5494=ORIENTED_EDGE('',*,*,#4238,.T.);
#5495=ORIENTED_EDGE('',*,*,#4010,.F.);
#5496=ORIENTED_EDGE('',*,*,#4240,.F.);
#5497=ORIENTED_EDGE('',*,*,#4241,.T.);
#5498=ORIENTED_EDGE('',*,*,#4240,.T.);
#5499=ORIENTED_EDGE('',*,*,#4009,.F.);
#5500=ORIENTED_EDGE('',*,*,#4242,.F.);
#5501=ORIENTED_EDGE('',*,*,#4243,.T.);
#5502=ORIENTED_EDGE('',*,*,#4242,.T.);
#5503=ORIENTED_EDGE('',*,*,#4008,.F.);
#5504=ORIENTED_EDGE('',*,*,#4244,.F.);
#5505=ORIENTED_EDGE('',*,*,#4245,.T.);
#5506=ORIENTED_EDGE('',*,*,#4244,.T.);
#5507=ORIENTED_EDGE('',*,*,#4007,.F.);
#5508=ORIENTED_EDGE('',*,*,#4246,.F.);
#5509=ORIENTED_EDGE('',*,*,#4247,.T.);
#5510=ORIENTED_EDGE('',*,*,#4246,.T.);
#5511=ORIENTED_EDGE('',*,*,#4006,.F.);
#5512=ORIENTED_EDGE('',*,*,#4248,.F.);
#5513=ORIENTED_EDGE('',*,*,#4249,.T.);
#5514=ORIENTED_EDGE('',*,*,#4248,.T.);
#5515=ORIENTED_EDGE('',*,*,#4005,.F.);
#5516=ORIENTED_EDGE('',*,*,#4250,.F.);
#5517=ORIENTED_EDGE('',*,*,#4251,.T.);
#5518=ORIENTED_EDGE('',*,*,#4250,.T.);
#5519=ORIENTED_EDGE('',*,*,#4004,.F.);
#5520=ORIENTED_EDGE('',*,*,#4252,.F.);
#5521=ORIENTED_EDGE('',*,*,#4253,.T.);
#5522=ORIENTED_EDGE('',*,*,#4252,.T.);
#5523=ORIENTED_EDGE('',*,*,#4003,.F.);
#5524=ORIENTED_EDGE('',*,*,#4254,.F.);
#5525=ORIENTED_EDGE('',*,*,#4255,.T.);
#5526=ORIENTED_EDGE('',*,*,#4254,.T.);
#5527=ORIENTED_EDGE('',*,*,#4002,.F.);
#5528=ORIENTED_EDGE('',*,*,#4256,.F.);
#5529=ORIENTED_EDGE('',*,*,#4257,.T.);
#5530=ORIENTED_EDGE('',*,*,#4256,.T.);
#5531=ORIENTED_EDGE('',*,*,#4001,.F.);
#5532=ORIENTED_EDGE('',*,*,#4258,.F.);
#5533=ORIENTED_EDGE('',*,*,#4259,.T.);
#5534=ORIENTED_EDGE('',*,*,#4258,.T.);
#5535=ORIENTED_EDGE('',*,*,#4000,.F.);
#5536=ORIENTED_EDGE('',*,*,#4260,.F.);
#5537=ORIENTED_EDGE('',*,*,#4261,.T.);
#5538=ORIENTED_EDGE('',*,*,#4260,.T.);
#5539=ORIENTED_EDGE('',*,*,#3999,.F.);
#5540=ORIENTED_EDGE('',*,*,#4262,.F.);
#5541=ORIENTED_EDGE('',*,*,#4263,.T.);
#5542=ORIENTED_EDGE('',*,*,#4262,.T.);
#5543=ORIENTED_EDGE('',*,*,#3998,.F.);
#5544=ORIENTED_EDGE('',*,*,#4264,.F.);
#5545=ORIENTED_EDGE('',*,*,#4265,.T.);
#5546=ORIENTED_EDGE('',*,*,#4264,.T.);
#5547=ORIENTED_EDGE('',*,*,#3997,.F.);
#5548=ORIENTED_EDGE('',*,*,#4266,.F.);
#5549=ORIENTED_EDGE('',*,*,#4267,.T.);
#5550=ORIENTED_EDGE('',*,*,#4266,.T.);
#5551=ORIENTED_EDGE('',*,*,#3996,.F.);
#5552=ORIENTED_EDGE('',*,*,#4268,.F.);
#5553=ORIENTED_EDGE('',*,*,#4269,.T.);
#5554=ORIENTED_EDGE('',*,*,#4268,.T.);
#5555=ORIENTED_EDGE('',*,*,#3995,.F.);
#5556=ORIENTED_EDGE('',*,*,#4270,.F.);
#5557=ORIENTED_EDGE('',*,*,#4271,.T.);
#5558=ORIENTED_EDGE('',*,*,#4270,.T.);
#5559=ORIENTED_EDGE('',*,*,#3994,.F.);
#5560=ORIENTED_EDGE('',*,*,#4272,.F.);
#5561=ORIENTED_EDGE('',*,*,#4273,.T.);
#5562=ORIENTED_EDGE('',*,*,#4272,.T.);
#5563=ORIENTED_EDGE('',*,*,#3993,.F.);
#5564=ORIENTED_EDGE('',*,*,#4274,.F.);
#5565=ORIENTED_EDGE('',*,*,#4275,.T.);
#5566=ORIENTED_EDGE('',*,*,#4274,.T.);
#5567=ORIENTED_EDGE('',*,*,#3992,.F.);
#5568=ORIENTED_EDGE('',*,*,#4276,.F.);
#5569=ORIENTED_EDGE('',*,*,#4277,.T.);
#5570=ORIENTED_EDGE('',*,*,#4276,.T.);
#5571=ORIENTED_EDGE('',*,*,#3991,.F.);
#5572=ORIENTED_EDGE('',*,*,#4225,.F.);
#5573=ORIENTED_EDGE('',*,*,#4278,.T.);
#5574=ORIENTED_EDGE('',*,*,#4279,.T.);
#5575=ORIENTED_EDGE('',*,*,#3990,.F.);
#5576=ORIENTED_EDGE('',*,*,#4280,.F.);
#5577=ORIENTED_EDGE('',*,*,#4281,.T.);
#5578=ORIENTED_EDGE('',*,*,#4280,.T.);
#5579=ORIENTED_EDGE('',*,*,#3989,.F.);
#5580=ORIENTED_EDGE('',*,*,#4282,.F.);
#5581=ORIENTED_EDGE('',*,*,#4283,.T.);
#5582=ORIENTED_EDGE('',*,*,#4282,.T.);
#5583=ORIENTED_EDGE('',*,*,#3988,.F.);
#5584=ORIENTED_EDGE('',*,*,#4284,.F.);
#5585=ORIENTED_EDGE('',*,*,#4285,.T.);
#5586=ORIENTED_EDGE('',*,*,#4284,.T.);
#5587=ORIENTED_EDGE('',*,*,#3987,.F.);
#5588=ORIENTED_EDGE('',*,*,#4286,.F.);
#5589=ORIENTED_EDGE('',*,*,#4287,.T.);
#5590=ORIENTED_EDGE('',*,*,#4286,.T.);
#5591=ORIENTED_EDGE('',*,*,#3986,.F.);
#5592=ORIENTED_EDGE('',*,*,#4288,.F.);
#5593=ORIENTED_EDGE('',*,*,#4289,.T.);
#5594=ORIENTED_EDGE('',*,*,#4288,.T.);
#5595=ORIENTED_EDGE('',*,*,#3985,.F.);
#5596=ORIENTED_EDGE('',*,*,#4290,.F.);
#5597=ORIENTED_EDGE('',*,*,#4291,.T.);
#5598=ORIENTED_EDGE('',*,*,#4290,.T.);
#5599=ORIENTED_EDGE('',*,*,#3984,.F.);
#5600=ORIENTED_EDGE('',*,*,#4292,.F.);
#5601=ORIENTED_EDGE('',*,*,#4293,.T.);
#5602=ORIENTED_EDGE('',*,*,#4292,.T.);
#5603=ORIENTED_EDGE('',*,*,#3983,.F.);
#5604=ORIENTED_EDGE('',*,*,#4294,.F.);
#5605=ORIENTED_EDGE('',*,*,#4295,.T.);
#5606=ORIENTED_EDGE('',*,*,#4294,.T.);
#5607=ORIENTED_EDGE('',*,*,#3982,.F.);
#5608=ORIENTED_EDGE('',*,*,#4296,.F.);
#5609=ORIENTED_EDGE('',*,*,#4297,.T.);
#5610=ORIENTED_EDGE('',*,*,#4296,.T.);
#5611=ORIENTED_EDGE('',*,*,#3981,.F.);
#5612=ORIENTED_EDGE('',*,*,#4298,.F.);
#5613=ORIENTED_EDGE('',*,*,#4299,.T.);
#5614=ORIENTED_EDGE('',*,*,#4298,.T.);
#5615=ORIENTED_EDGE('',*,*,#3980,.F.);
#5616=ORIENTED_EDGE('',*,*,#4300,.F.);
#5617=ORIENTED_EDGE('',*,*,#4301,.T.);
#5618=ORIENTED_EDGE('',*,*,#4300,.T.);
#5619=ORIENTED_EDGE('',*,*,#3979,.F.);
#5620=ORIENTED_EDGE('',*,*,#4302,.F.);
#5621=ORIENTED_EDGE('',*,*,#4303,.T.);
#5622=ORIENTED_EDGE('',*,*,#4302,.T.);
#5623=ORIENTED_EDGE('',*,*,#3978,.F.);
#5624=ORIENTED_EDGE('',*,*,#4304,.F.);
#5625=ORIENTED_EDGE('',*,*,#4305,.T.);
#5626=ORIENTED_EDGE('',*,*,#4304,.T.);
#5627=ORIENTED_EDGE('',*,*,#3977,.F.);
#5628=ORIENTED_EDGE('',*,*,#4306,.F.);
#5629=ORIENTED_EDGE('',*,*,#4307,.T.);
#5630=ORIENTED_EDGE('',*,*,#4306,.T.);
#5631=ORIENTED_EDGE('',*,*,#3976,.F.);
#5632=ORIENTED_EDGE('',*,*,#4308,.F.);
#5633=ORIENTED_EDGE('',*,*,#4309,.T.);
#5634=ORIENTED_EDGE('',*,*,#4308,.T.);
#5635=ORIENTED_EDGE('',*,*,#3975,.F.);
#5636=ORIENTED_EDGE('',*,*,#4279,.F.);
#5637=ORIENTED_EDGE('',*,*,#4310,.T.);
#5638=ORIENTED_EDGE('',*,*,#4311,.T.);
#5639=ORIENTED_EDGE('',*,*,#3974,.F.);
#5640=ORIENTED_EDGE('',*,*,#4312,.F.);
#5641=ORIENTED_EDGE('',*,*,#4313,.T.);
#5642=ORIENTED_EDGE('',*,*,#4312,.T.);
#5643=ORIENTED_EDGE('',*,*,#3973,.F.);
#5644=ORIENTED_EDGE('',*,*,#4314,.F.);
#5645=ORIENTED_EDGE('',*,*,#4315,.T.);
#5646=ORIENTED_EDGE('',*,*,#4314,.T.);
#5647=ORIENTED_EDGE('',*,*,#3972,.F.);
#5648=ORIENTED_EDGE('',*,*,#4316,.F.);
#5649=ORIENTED_EDGE('',*,*,#4317,.T.);
#5650=ORIENTED_EDGE('',*,*,#4316,.T.);
#5651=ORIENTED_EDGE('',*,*,#3971,.F.);
#5652=ORIENTED_EDGE('',*,*,#4318,.F.);
#5653=ORIENTED_EDGE('',*,*,#4319,.T.);
#5654=ORIENTED_EDGE('',*,*,#4318,.T.);
#5655=ORIENTED_EDGE('',*,*,#3970,.F.);
#5656=ORIENTED_EDGE('',*,*,#4320,.F.);
#5657=ORIENTED_EDGE('',*,*,#4321,.T.);
#5658=ORIENTED_EDGE('',*,*,#4320,.T.);
#5659=ORIENTED_EDGE('',*,*,#3969,.F.);
#5660=ORIENTED_EDGE('',*,*,#4322,.F.);
#5661=ORIENTED_EDGE('',*,*,#4323,.T.);
#5662=ORIENTED_EDGE('',*,*,#4322,.T.);
#5663=ORIENTED_EDGE('',*,*,#3968,.F.);
#5664=ORIENTED_EDGE('',*,*,#4324,.F.);
#5665=ORIENTED_EDGE('',*,*,#4325,.T.);
#5666=ORIENTED_EDGE('',*,*,#4324,.T.);
#5667=ORIENTED_EDGE('',*,*,#3967,.F.);
#5668=ORIENTED_EDGE('',*,*,#4326,.F.);
#5669=ORIENTED_EDGE('',*,*,#4327,.T.);
#5670=ORIENTED_EDGE('',*,*,#4326,.T.);
#5671=ORIENTED_EDGE('',*,*,#3966,.F.);
#5672=ORIENTED_EDGE('',*,*,#4328,.F.);
#5673=ORIENTED_EDGE('',*,*,#4329,.T.);
#5674=ORIENTED_EDGE('',*,*,#4328,.T.);
#5675=ORIENTED_EDGE('',*,*,#3965,.F.);
#5676=ORIENTED_EDGE('',*,*,#4330,.F.);
#5677=ORIENTED_EDGE('',*,*,#4331,.T.);
#5678=ORIENTED_EDGE('',*,*,#4330,.T.);
#5679=ORIENTED_EDGE('',*,*,#3964,.F.);
#5680=ORIENTED_EDGE('',*,*,#4332,.F.);
#5681=ORIENTED_EDGE('',*,*,#4333,.T.);
#5682=ORIENTED_EDGE('',*,*,#4332,.T.);
#5683=ORIENTED_EDGE('',*,*,#3963,.F.);
#5684=ORIENTED_EDGE('',*,*,#4334,.F.);
#5685=ORIENTED_EDGE('',*,*,#4335,.T.);
#5686=ORIENTED_EDGE('',*,*,#4334,.T.);
#5687=ORIENTED_EDGE('',*,*,#3962,.F.);
#5688=ORIENTED_EDGE('',*,*,#4336,.F.);
#5689=ORIENTED_EDGE('',*,*,#4337,.T.);
#5690=ORIENTED_EDGE('',*,*,#4336,.T.);
#5691=ORIENTED_EDGE('',*,*,#3961,.F.);
#5692=ORIENTED_EDGE('',*,*,#4338,.F.);
#5693=ORIENTED_EDGE('',*,*,#4339,.T.);
#5694=ORIENTED_EDGE('',*,*,#4338,.T.);
#5695=ORIENTED_EDGE('',*,*,#3960,.F.);
#5696=ORIENTED_EDGE('',*,*,#4340,.F.);
#5697=ORIENTED_EDGE('',*,*,#4341,.T.);
#5698=ORIENTED_EDGE('',*,*,#4340,.T.);
#5699=ORIENTED_EDGE('',*,*,#3959,.F.);
#5700=ORIENTED_EDGE('',*,*,#4311,.F.);
#5701=ORIENTED_EDGE('',*,*,#4342,.T.);
#5702=ORIENTED_EDGE('',*,*,#4343,.T.);
#5703=ORIENTED_EDGE('',*,*,#3958,.F.);
#5704=ORIENTED_EDGE('',*,*,#4344,.F.);
#5705=ORIENTED_EDGE('',*,*,#4345,.T.);
#5706=ORIENTED_EDGE('',*,*,#4344,.T.);
#5707=ORIENTED_EDGE('',*,*,#3957,.F.);
#5708=ORIENTED_EDGE('',*,*,#4346,.F.);
#5709=ORIENTED_EDGE('',*,*,#4347,.T.);
#5710=ORIENTED_EDGE('',*,*,#4346,.T.);
#5711=ORIENTED_EDGE('',*,*,#3956,.F.);
#5712=ORIENTED_EDGE('',*,*,#4348,.F.);
#5713=ORIENTED_EDGE('',*,*,#4349,.T.);
#5714=ORIENTED_EDGE('',*,*,#4348,.T.);
#5715=ORIENTED_EDGE('',*,*,#3955,.F.);
#5716=ORIENTED_EDGE('',*,*,#4350,.F.);
#5717=ORIENTED_EDGE('',*,*,#4351,.T.);
#5718=ORIENTED_EDGE('',*,*,#4350,.T.);
#5719=ORIENTED_EDGE('',*,*,#3954,.F.);
#5720=ORIENTED_EDGE('',*,*,#4352,.F.);
#5721=ORIENTED_EDGE('',*,*,#4353,.T.);
#5722=ORIENTED_EDGE('',*,*,#4352,.T.);
#5723=ORIENTED_EDGE('',*,*,#3953,.F.);
#5724=ORIENTED_EDGE('',*,*,#4354,.F.);
#5725=ORIENTED_EDGE('',*,*,#4355,.T.);
#5726=ORIENTED_EDGE('',*,*,#4354,.T.);
#5727=ORIENTED_EDGE('',*,*,#3952,.F.);
#5728=ORIENTED_EDGE('',*,*,#4356,.F.);
#5729=ORIENTED_EDGE('',*,*,#4357,.T.);
#5730=ORIENTED_EDGE('',*,*,#4356,.T.);
#5731=ORIENTED_EDGE('',*,*,#3951,.F.);
#5732=ORIENTED_EDGE('',*,*,#4358,.F.);
#5733=ORIENTED_EDGE('',*,*,#4359,.T.);
#5734=ORIENTED_EDGE('',*,*,#4358,.T.);
#5735=ORIENTED_EDGE('',*,*,#3950,.F.);
#5736=ORIENTED_EDGE('',*,*,#4360,.F.);
#5737=ORIENTED_EDGE('',*,*,#4361,.T.);
#5738=ORIENTED_EDGE('',*,*,#4360,.T.);
#5739=ORIENTED_EDGE('',*,*,#3949,.F.);
#5740=ORIENTED_EDGE('',*,*,#4362,.F.);
#5741=ORIENTED_EDGE('',*,*,#4363,.T.);
#5742=ORIENTED_EDGE('',*,*,#4362,.T.);
#5743=ORIENTED_EDGE('',*,*,#3948,.F.);
#5744=ORIENTED_EDGE('',*,*,#4364,.F.);
#5745=ORIENTED_EDGE('',*,*,#4365,.T.);
#5746=ORIENTED_EDGE('',*,*,#4364,.T.);
#5747=ORIENTED_EDGE('',*,*,#3947,.F.);
#5748=ORIENTED_EDGE('',*,*,#4366,.F.);
#5749=ORIENTED_EDGE('',*,*,#4367,.T.);
#5750=ORIENTED_EDGE('',*,*,#4366,.T.);
#5751=ORIENTED_EDGE('',*,*,#3946,.F.);
#5752=ORIENTED_EDGE('',*,*,#4368,.F.);
#5753=ORIENTED_EDGE('',*,*,#4369,.T.);
#5754=ORIENTED_EDGE('',*,*,#4368,.T.);
#5755=ORIENTED_EDGE('',*,*,#3945,.F.);
#5756=ORIENTED_EDGE('',*,*,#4370,.F.);
#5757=ORIENTED_EDGE('',*,*,#4371,.T.);
#5758=ORIENTED_EDGE('',*,*,#4370,.T.);
#5759=ORIENTED_EDGE('',*,*,#3944,.F.);
#5760=ORIENTED_EDGE('',*,*,#4372,.F.);
#5761=ORIENTED_EDGE('',*,*,#4373,.T.);
#5762=ORIENTED_EDGE('',*,*,#4372,.T.);
#5763=ORIENTED_EDGE('',*,*,#3943,.F.);
#5764=ORIENTED_EDGE('',*,*,#4374,.F.);
#5765=ORIENTED_EDGE('',*,*,#4375,.T.);
#5766=ORIENTED_EDGE('',*,*,#4374,.T.);
#5767=ORIENTED_EDGE('',*,*,#3942,.F.);
#5768=ORIENTED_EDGE('',*,*,#4376,.F.);
#5769=ORIENTED_EDGE('',*,*,#4377,.T.);
#5770=ORIENTED_EDGE('',*,*,#4376,.T.);
#5771=ORIENTED_EDGE('',*,*,#3941,.F.);
#5772=ORIENTED_EDGE('',*,*,#4378,.F.);
#5773=ORIENTED_EDGE('',*,*,#4379,.T.);
#5774=ORIENTED_EDGE('',*,*,#4378,.T.);
#5775=ORIENTED_EDGE('',*,*,#3940,.F.);
#5776=ORIENTED_EDGE('',*,*,#4380,.F.);
#5777=ORIENTED_EDGE('',*,*,#4381,.T.);
#5778=ORIENTED_EDGE('',*,*,#4380,.T.);
#5779=ORIENTED_EDGE('',*,*,#3939,.F.);
#5780=ORIENTED_EDGE('',*,*,#4382,.F.);
#5781=ORIENTED_EDGE('',*,*,#4383,.T.);
#5782=ORIENTED_EDGE('',*,*,#4382,.T.);
#5783=ORIENTED_EDGE('',*,*,#3938,.F.);
#5784=ORIENTED_EDGE('',*,*,#4384,.F.);
#5785=ORIENTED_EDGE('',*,*,#4385,.T.);
#5786=ORIENTED_EDGE('',*,*,#4384,.T.);
#5787=ORIENTED_EDGE('',*,*,#3937,.F.);
#5788=ORIENTED_EDGE('',*,*,#4386,.F.);
#5789=ORIENTED_EDGE('',*,*,#4387,.T.);
#5790=ORIENTED_EDGE('',*,*,#4386,.T.);
#5791=ORIENTED_EDGE('',*,*,#3936,.F.);
#5792=ORIENTED_EDGE('',*,*,#4388,.F.);
#5793=ORIENTED_EDGE('',*,*,#4389,.T.);
#5794=ORIENTED_EDGE('',*,*,#4388,.T.);
#5795=ORIENTED_EDGE('',*,*,#3935,.F.);
#5796=ORIENTED_EDGE('',*,*,#4390,.F.);
#5797=ORIENTED_EDGE('',*,*,#4391,.T.);
#5798=ORIENTED_EDGE('',*,*,#4390,.T.);
#5799=ORIENTED_EDGE('',*,*,#3934,.F.);
#5800=ORIENTED_EDGE('',*,*,#4392,.F.);
#5801=ORIENTED_EDGE('',*,*,#4393,.T.);
#5802=ORIENTED_EDGE('',*,*,#4392,.T.);
#5803=ORIENTED_EDGE('',*,*,#3933,.F.);
#5804=ORIENTED_EDGE('',*,*,#4394,.F.);
#5805=ORIENTED_EDGE('',*,*,#4395,.T.);
#5806=ORIENTED_EDGE('',*,*,#4394,.T.);
#5807=ORIENTED_EDGE('',*,*,#3932,.F.);
#5808=ORIENTED_EDGE('',*,*,#4396,.F.);
#5809=ORIENTED_EDGE('',*,*,#4397,.T.);
#5810=ORIENTED_EDGE('',*,*,#4396,.T.);
#5811=ORIENTED_EDGE('',*,*,#3931,.F.);
#5812=ORIENTED_EDGE('',*,*,#4398,.F.);
#5813=ORIENTED_EDGE('',*,*,#4399,.T.);
#5814=ORIENTED_EDGE('',*,*,#4398,.T.);
#5815=ORIENTED_EDGE('',*,*,#3930,.F.);
#5816=ORIENTED_EDGE('',*,*,#4400,.F.);
#5817=ORIENTED_EDGE('',*,*,#4401,.T.);
#5818=ORIENTED_EDGE('',*,*,#4400,.T.);
#5819=ORIENTED_EDGE('',*,*,#3929,.F.);
#5820=ORIENTED_EDGE('',*,*,#4402,.F.);
#5821=ORIENTED_EDGE('',*,*,#4403,.T.);
#5822=ORIENTED_EDGE('',*,*,#4402,.T.);
#5823=ORIENTED_EDGE('',*,*,#3928,.F.);
#5824=ORIENTED_EDGE('',*,*,#4404,.F.);
#5825=ORIENTED_EDGE('',*,*,#4405,.T.);
#5826=ORIENTED_EDGE('',*,*,#4404,.T.);
#5827=ORIENTED_EDGE('',*,*,#3927,.F.);
#5828=ORIENTED_EDGE('',*,*,#4406,.F.);
#5829=ORIENTED_EDGE('',*,*,#4407,.T.);
#5830=ORIENTED_EDGE('',*,*,#4406,.T.);
#5831=ORIENTED_EDGE('',*,*,#3926,.F.);
#5832=ORIENTED_EDGE('',*,*,#4408,.F.);
#5833=ORIENTED_EDGE('',*,*,#4409,.T.);
#5834=ORIENTED_EDGE('',*,*,#4408,.T.);
#5835=ORIENTED_EDGE('',*,*,#3925,.F.);
#5836=ORIENTED_EDGE('',*,*,#4410,.F.);
#5837=ORIENTED_EDGE('',*,*,#4411,.T.);
#5838=ORIENTED_EDGE('',*,*,#4410,.T.);
#5839=ORIENTED_EDGE('',*,*,#3924,.F.);
#5840=ORIENTED_EDGE('',*,*,#4412,.F.);
#5841=ORIENTED_EDGE('',*,*,#4413,.T.);
#5842=ORIENTED_EDGE('',*,*,#4412,.T.);
#5843=ORIENTED_EDGE('',*,*,#3923,.F.);
#5844=ORIENTED_EDGE('',*,*,#4414,.F.);
#5845=ORIENTED_EDGE('',*,*,#4415,.T.);
#5846=ORIENTED_EDGE('',*,*,#4414,.T.);
#5847=ORIENTED_EDGE('',*,*,#3922,.F.);
#5848=ORIENTED_EDGE('',*,*,#4343,.F.);
#5849=ORIENTED_EDGE('',*,*,#4416,.T.);
#5850=ORIENTED_EDGE('',*,*,#4417,.T.);
#5851=ORIENTED_EDGE('',*,*,#3921,.F.);
#5852=ORIENTED_EDGE('',*,*,#4418,.F.);
#5853=ORIENTED_EDGE('',*,*,#4419,.T.);
#5854=ORIENTED_EDGE('',*,*,#4418,.T.);
#5855=ORIENTED_EDGE('',*,*,#3920,.F.);
#5856=ORIENTED_EDGE('',*,*,#4420,.F.);
#5857=ORIENTED_EDGE('',*,*,#4421,.T.);
#5858=ORIENTED_EDGE('',*,*,#4420,.T.);
#5859=ORIENTED_EDGE('',*,*,#3919,.F.);
#5860=ORIENTED_EDGE('',*,*,#4422,.F.);
#5861=ORIENTED_EDGE('',*,*,#4423,.T.);
#5862=ORIENTED_EDGE('',*,*,#4422,.T.);
#5863=ORIENTED_EDGE('',*,*,#3918,.F.);
#5864=ORIENTED_EDGE('',*,*,#4424,.F.);
#5865=ORIENTED_EDGE('',*,*,#4425,.T.);
#5866=ORIENTED_EDGE('',*,*,#4424,.T.);
#5867=ORIENTED_EDGE('',*,*,#3917,.F.);
#5868=ORIENTED_EDGE('',*,*,#4426,.F.);
#5869=ORIENTED_EDGE('',*,*,#4427,.T.);
#5870=ORIENTED_EDGE('',*,*,#4426,.T.);
#5871=ORIENTED_EDGE('',*,*,#3916,.F.);
#5872=ORIENTED_EDGE('',*,*,#4428,.F.);
#5873=ORIENTED_EDGE('',*,*,#4429,.T.);
#5874=ORIENTED_EDGE('',*,*,#4428,.T.);
#5875=ORIENTED_EDGE('',*,*,#3915,.F.);
#5876=ORIENTED_EDGE('',*,*,#4430,.F.);
#5877=ORIENTED_EDGE('',*,*,#4431,.T.);
#5878=ORIENTED_EDGE('',*,*,#4430,.T.);
#5879=ORIENTED_EDGE('',*,*,#3914,.F.);
#5880=ORIENTED_EDGE('',*,*,#4432,.F.);
#5881=ORIENTED_EDGE('',*,*,#4433,.T.);
#5882=ORIENTED_EDGE('',*,*,#4432,.T.);
#5883=ORIENTED_EDGE('',*,*,#3913,.F.);
#5884=ORIENTED_EDGE('',*,*,#4434,.F.);
#5885=ORIENTED_EDGE('',*,*,#4435,.T.);
#5886=ORIENTED_EDGE('',*,*,#4434,.T.);
#5887=ORIENTED_EDGE('',*,*,#3912,.F.);
#5888=ORIENTED_EDGE('',*,*,#4436,.F.);
#5889=ORIENTED_EDGE('',*,*,#4437,.T.);
#5890=ORIENTED_EDGE('',*,*,#4436,.T.);
#5891=ORIENTED_EDGE('',*,*,#3911,.F.);
#5892=ORIENTED_EDGE('',*,*,#4438,.F.);
#5893=ORIENTED_EDGE('',*,*,#4439,.T.);
#5894=ORIENTED_EDGE('',*,*,#4438,.T.);
#5895=ORIENTED_EDGE('',*,*,#3910,.F.);
#5896=ORIENTED_EDGE('',*,*,#4440,.F.);
#5897=ORIENTED_EDGE('',*,*,#4441,.T.);
#5898=ORIENTED_EDGE('',*,*,#4440,.T.);
#5899=ORIENTED_EDGE('',*,*,#3909,.F.);
#5900=ORIENTED_EDGE('',*,*,#4442,.F.);
#5901=ORIENTED_EDGE('',*,*,#4443,.T.);
#5902=ORIENTED_EDGE('',*,*,#4442,.T.);
#5903=ORIENTED_EDGE('',*,*,#3908,.F.);
#5904=ORIENTED_EDGE('',*,*,#4444,.F.);
#5905=ORIENTED_EDGE('',*,*,#4445,.T.);
#5906=ORIENTED_EDGE('',*,*,#4444,.T.);
#5907=ORIENTED_EDGE('',*,*,#3907,.F.);
#5908=ORIENTED_EDGE('',*,*,#4446,.F.);
#5909=ORIENTED_EDGE('',*,*,#4447,.T.);
#5910=ORIENTED_EDGE('',*,*,#4446,.T.);
#5911=ORIENTED_EDGE('',*,*,#3906,.F.);
#5912=ORIENTED_EDGE('',*,*,#4448,.F.);
#5913=ORIENTED_EDGE('',*,*,#4449,.T.);
#5914=ORIENTED_EDGE('',*,*,#4448,.T.);
#5915=ORIENTED_EDGE('',*,*,#3905,.F.);
#5916=ORIENTED_EDGE('',*,*,#4450,.F.);
#5917=ORIENTED_EDGE('',*,*,#4451,.T.);
#5918=ORIENTED_EDGE('',*,*,#4450,.T.);
#5919=ORIENTED_EDGE('',*,*,#3904,.F.);
#5920=ORIENTED_EDGE('',*,*,#4452,.F.);
#5921=ORIENTED_EDGE('',*,*,#4453,.T.);
#5922=ORIENTED_EDGE('',*,*,#4452,.T.);
#5923=ORIENTED_EDGE('',*,*,#3903,.F.);
#5924=ORIENTED_EDGE('',*,*,#4454,.F.);
#5925=ORIENTED_EDGE('',*,*,#4455,.T.);
#5926=ORIENTED_EDGE('',*,*,#4454,.T.);
#5927=ORIENTED_EDGE('',*,*,#3902,.F.);
#5928=ORIENTED_EDGE('',*,*,#4456,.F.);
#5929=ORIENTED_EDGE('',*,*,#4457,.T.);
#5930=ORIENTED_EDGE('',*,*,#4456,.T.);
#5931=ORIENTED_EDGE('',*,*,#3901,.F.);
#5932=ORIENTED_EDGE('',*,*,#4458,.F.);
#5933=ORIENTED_EDGE('',*,*,#4459,.T.);
#5934=ORIENTED_EDGE('',*,*,#4458,.T.);
#5935=ORIENTED_EDGE('',*,*,#3900,.F.);
#5936=ORIENTED_EDGE('',*,*,#4460,.F.);
#5937=ORIENTED_EDGE('',*,*,#4461,.T.);
#5938=ORIENTED_EDGE('',*,*,#4460,.T.);
#5939=ORIENTED_EDGE('',*,*,#3899,.F.);
#5940=ORIENTED_EDGE('',*,*,#4462,.F.);
#5941=ORIENTED_EDGE('',*,*,#4463,.T.);
#5942=ORIENTED_EDGE('',*,*,#4462,.T.);
#5943=ORIENTED_EDGE('',*,*,#3898,.F.);
#5944=ORIENTED_EDGE('',*,*,#4464,.F.);
#5945=ORIENTED_EDGE('',*,*,#4465,.T.);
#5946=ORIENTED_EDGE('',*,*,#4464,.T.);
#5947=ORIENTED_EDGE('',*,*,#3897,.F.);
#5948=ORIENTED_EDGE('',*,*,#4466,.F.);
#5949=ORIENTED_EDGE('',*,*,#4467,.T.);
#5950=ORIENTED_EDGE('',*,*,#4466,.T.);
#5951=ORIENTED_EDGE('',*,*,#3896,.F.);
#5952=ORIENTED_EDGE('',*,*,#4468,.F.);
#5953=ORIENTED_EDGE('',*,*,#4469,.T.);
#5954=ORIENTED_EDGE('',*,*,#4468,.T.);
#5955=ORIENTED_EDGE('',*,*,#3895,.F.);
#5956=ORIENTED_EDGE('',*,*,#4470,.F.);
#5957=ORIENTED_EDGE('',*,*,#4471,.T.);
#5958=ORIENTED_EDGE('',*,*,#4470,.T.);
#5959=ORIENTED_EDGE('',*,*,#3894,.F.);
#5960=ORIENTED_EDGE('',*,*,#4472,.F.);
#5961=ORIENTED_EDGE('',*,*,#4473,.T.);
#5962=ORIENTED_EDGE('',*,*,#4472,.T.);
#5963=ORIENTED_EDGE('',*,*,#3893,.F.);
#5964=ORIENTED_EDGE('',*,*,#4474,.F.);
#5965=ORIENTED_EDGE('',*,*,#4475,.T.);
#5966=ORIENTED_EDGE('',*,*,#4474,.T.);
#5967=ORIENTED_EDGE('',*,*,#3892,.F.);
#5968=ORIENTED_EDGE('',*,*,#4476,.F.);
#5969=ORIENTED_EDGE('',*,*,#4477,.T.);
#5970=ORIENTED_EDGE('',*,*,#4476,.T.);
#5971=ORIENTED_EDGE('',*,*,#3891,.F.);
#5972=ORIENTED_EDGE('',*,*,#4478,.F.);
#5973=ORIENTED_EDGE('',*,*,#4479,.T.);
#5974=ORIENTED_EDGE('',*,*,#4478,.T.);
#5975=ORIENTED_EDGE('',*,*,#3890,.F.);
#5976=ORIENTED_EDGE('',*,*,#4480,.F.);
#5977=ORIENTED_EDGE('',*,*,#4481,.T.);
#5978=ORIENTED_EDGE('',*,*,#4480,.T.);
#5979=ORIENTED_EDGE('',*,*,#3889,.F.);
#5980=ORIENTED_EDGE('',*,*,#4482,.F.);
#5981=ORIENTED_EDGE('',*,*,#4483,.T.);
#5982=ORIENTED_EDGE('',*,*,#4482,.T.);
#5983=ORIENTED_EDGE('',*,*,#3888,.F.);
#5984=ORIENTED_EDGE('',*,*,#4484,.F.);
#5985=ORIENTED_EDGE('',*,*,#4485,.T.);
#5986=ORIENTED_EDGE('',*,*,#4484,.T.);
#5987=ORIENTED_EDGE('',*,*,#3887,.F.);
#5988=ORIENTED_EDGE('',*,*,#4486,.F.);
#5989=ORIENTED_EDGE('',*,*,#4487,.T.);
#5990=ORIENTED_EDGE('',*,*,#4486,.T.);
#5991=ORIENTED_EDGE('',*,*,#3886,.F.);
#5992=ORIENTED_EDGE('',*,*,#4488,.F.);
#5993=ORIENTED_EDGE('',*,*,#4489,.T.);
#5994=ORIENTED_EDGE('',*,*,#4488,.T.);
#5995=ORIENTED_EDGE('',*,*,#3885,.F.);
#5996=ORIENTED_EDGE('',*,*,#4490,.F.);
#5997=ORIENTED_EDGE('',*,*,#4491,.T.);
#5998=ORIENTED_EDGE('',*,*,#4490,.T.);
#5999=ORIENTED_EDGE('',*,*,#3884,.F.);
#6000=ORIENTED_EDGE('',*,*,#4492,.F.);
#6001=ORIENTED_EDGE('',*,*,#4493,.T.);
#6002=ORIENTED_EDGE('',*,*,#4492,.T.);
#6003=ORIENTED_EDGE('',*,*,#3883,.F.);
#6004=ORIENTED_EDGE('',*,*,#4494,.F.);
#6005=ORIENTED_EDGE('',*,*,#4495,.T.);
#6006=ORIENTED_EDGE('',*,*,#4494,.T.);
#6007=ORIENTED_EDGE('',*,*,#3882,.F.);
#6008=ORIENTED_EDGE('',*,*,#4496,.F.);
#6009=ORIENTED_EDGE('',*,*,#4497,.T.);
#6010=ORIENTED_EDGE('',*,*,#4496,.T.);
#6011=ORIENTED_EDGE('',*,*,#3881,.F.);
#6012=ORIENTED_EDGE('',*,*,#4498,.F.);
#6013=ORIENTED_EDGE('',*,*,#4499,.T.);
#6014=ORIENTED_EDGE('',*,*,#4498,.T.);
#6015=ORIENTED_EDGE('',*,*,#3880,.F.);
#6016=ORIENTED_EDGE('',*,*,#4500,.F.);
#6017=ORIENTED_EDGE('',*,*,#4501,.T.);
#6018=ORIENTED_EDGE('',*,*,#4500,.T.);
#6019=ORIENTED_EDGE('',*,*,#3879,.F.);
#6020=ORIENTED_EDGE('',*,*,#4502,.F.);
#6021=ORIENTED_EDGE('',*,*,#4503,.T.);
#6022=ORIENTED_EDGE('',*,*,#4502,.T.);
#6023=ORIENTED_EDGE('',*,*,#3878,.F.);
#6024=ORIENTED_EDGE('',*,*,#4504,.F.);
#6025=ORIENTED_EDGE('',*,*,#4505,.T.);
#6026=ORIENTED_EDGE('',*,*,#4504,.T.);
#6027=ORIENTED_EDGE('',*,*,#3877,.F.);
#6028=ORIENTED_EDGE('',*,*,#4506,.F.);
#6029=ORIENTED_EDGE('',*,*,#4507,.T.);
#6030=ORIENTED_EDGE('',*,*,#4506,.T.);
#6031=ORIENTED_EDGE('',*,*,#3876,.F.);
#6032=ORIENTED_EDGE('',*,*,#4508,.F.);
#6033=ORIENTED_EDGE('',*,*,#4509,.T.);
#6034=ORIENTED_EDGE('',*,*,#4508,.T.);
#6035=ORIENTED_EDGE('',*,*,#3875,.F.);
#6036=ORIENTED_EDGE('',*,*,#4510,.F.);
#6037=ORIENTED_EDGE('',*,*,#4511,.T.);
#6038=ORIENTED_EDGE('',*,*,#4510,.T.);
#6039=ORIENTED_EDGE('',*,*,#3874,.F.);
#6040=ORIENTED_EDGE('',*,*,#4512,.F.);
#6041=ORIENTED_EDGE('',*,*,#4513,.T.);
#6042=ORIENTED_EDGE('',*,*,#4512,.T.);
#6043=ORIENTED_EDGE('',*,*,#3873,.F.);
#6044=ORIENTED_EDGE('',*,*,#4514,.F.);
#6045=ORIENTED_EDGE('',*,*,#4515,.T.);
#6046=ORIENTED_EDGE('',*,*,#4514,.T.);
#6047=ORIENTED_EDGE('',*,*,#3872,.F.);
#6048=ORIENTED_EDGE('',*,*,#4516,.F.);
#6049=ORIENTED_EDGE('',*,*,#4517,.T.);
#6050=ORIENTED_EDGE('',*,*,#4516,.T.);
#6051=ORIENTED_EDGE('',*,*,#3871,.F.);
#6052=ORIENTED_EDGE('',*,*,#4518,.F.);
#6053=ORIENTED_EDGE('',*,*,#4519,.T.);
#6054=ORIENTED_EDGE('',*,*,#4518,.T.);
#6055=ORIENTED_EDGE('',*,*,#3870,.F.);
#6056=ORIENTED_EDGE('',*,*,#4520,.F.);
#6057=ORIENTED_EDGE('',*,*,#4521,.T.);
#6058=ORIENTED_EDGE('',*,*,#4520,.T.);
#6059=ORIENTED_EDGE('',*,*,#3869,.F.);
#6060=ORIENTED_EDGE('',*,*,#4522,.F.);
#6061=ORIENTED_EDGE('',*,*,#4523,.T.);
#6062=ORIENTED_EDGE('',*,*,#4522,.T.);
#6063=ORIENTED_EDGE('',*,*,#3868,.F.);
#6064=ORIENTED_EDGE('',*,*,#4524,.F.);
#6065=ORIENTED_EDGE('',*,*,#4525,.T.);
#6066=ORIENTED_EDGE('',*,*,#4524,.T.);
#6067=ORIENTED_EDGE('',*,*,#3867,.F.);
#6068=ORIENTED_EDGE('',*,*,#4526,.F.);
#6069=ORIENTED_EDGE('',*,*,#4527,.T.);
#6070=ORIENTED_EDGE('',*,*,#4526,.T.);
#6071=ORIENTED_EDGE('',*,*,#3866,.F.);
#6072=ORIENTED_EDGE('',*,*,#4528,.F.);
#6073=ORIENTED_EDGE('',*,*,#4529,.T.);
#6074=ORIENTED_EDGE('',*,*,#4528,.T.);
#6075=ORIENTED_EDGE('',*,*,#3865,.F.);
#6076=ORIENTED_EDGE('',*,*,#4530,.F.);
#6077=ORIENTED_EDGE('',*,*,#4531,.T.);
#6078=ORIENTED_EDGE('',*,*,#4530,.T.);
#6079=ORIENTED_EDGE('',*,*,#3864,.F.);
#6080=ORIENTED_EDGE('',*,*,#4532,.F.);
#6081=ORIENTED_EDGE('',*,*,#4533,.T.);
#6082=ORIENTED_EDGE('',*,*,#4532,.T.);
#6083=ORIENTED_EDGE('',*,*,#3863,.F.);
#6084=ORIENTED_EDGE('',*,*,#4534,.F.);
#6085=ORIENTED_EDGE('',*,*,#4535,.T.);
#6086=ORIENTED_EDGE('',*,*,#4534,.T.);
#6087=ORIENTED_EDGE('',*,*,#3862,.F.);
#6088=ORIENTED_EDGE('',*,*,#4536,.F.);
#6089=ORIENTED_EDGE('',*,*,#4537,.T.);
#6090=ORIENTED_EDGE('',*,*,#4536,.T.);
#6091=ORIENTED_EDGE('',*,*,#3861,.F.);
#6092=ORIENTED_EDGE('',*,*,#4538,.F.);
#6093=ORIENTED_EDGE('',*,*,#4539,.T.);
#6094=ORIENTED_EDGE('',*,*,#4538,.T.);
#6095=ORIENTED_EDGE('',*,*,#3860,.F.);
#6096=ORIENTED_EDGE('',*,*,#4540,.F.);
#6097=ORIENTED_EDGE('',*,*,#4541,.T.);
#6098=ORIENTED_EDGE('',*,*,#4540,.T.);
#6099=ORIENTED_EDGE('',*,*,#3859,.F.);
#6100=ORIENTED_EDGE('',*,*,#4542,.F.);
#6101=ORIENTED_EDGE('',*,*,#4543,.T.);
#6102=ORIENTED_EDGE('',*,*,#4542,.T.);
#6103=ORIENTED_EDGE('',*,*,#3858,.F.);
#6104=ORIENTED_EDGE('',*,*,#4417,.F.);
#6105=ORIENTED_EDGE('',*,*,#4544,.T.);
#6106=ORIENTED_EDGE('',*,*,#4545,.T.);
#6107=ORIENTED_EDGE('',*,*,#3857,.F.);
#6108=ORIENTED_EDGE('',*,*,#4546,.F.);
#6109=ORIENTED_EDGE('',*,*,#4547,.T.);
#6110=ORIENTED_EDGE('',*,*,#4546,.T.);
#6111=ORIENTED_EDGE('',*,*,#3856,.F.);
#6112=ORIENTED_EDGE('',*,*,#4548,.F.);
#6113=ORIENTED_EDGE('',*,*,#4549,.T.);
#6114=ORIENTED_EDGE('',*,*,#4548,.T.);
#6115=ORIENTED_EDGE('',*,*,#3855,.F.);
#6116=ORIENTED_EDGE('',*,*,#4550,.F.);
#6117=ORIENTED_EDGE('',*,*,#4551,.T.);
#6118=ORIENTED_EDGE('',*,*,#4550,.T.);
#6119=ORIENTED_EDGE('',*,*,#3854,.F.);
#6120=ORIENTED_EDGE('',*,*,#4552,.F.);
#6121=ORIENTED_EDGE('',*,*,#4553,.T.);
#6122=ORIENTED_EDGE('',*,*,#4552,.T.);
#6123=ORIENTED_EDGE('',*,*,#3853,.F.);
#6124=ORIENTED_EDGE('',*,*,#4554,.F.);
#6125=ORIENTED_EDGE('',*,*,#4555,.T.);
#6126=ORIENTED_EDGE('',*,*,#4554,.T.);
#6127=ORIENTED_EDGE('',*,*,#3852,.F.);
#6128=ORIENTED_EDGE('',*,*,#4556,.F.);
#6129=ORIENTED_EDGE('',*,*,#4557,.T.);
#6130=ORIENTED_EDGE('',*,*,#4556,.T.);
#6131=ORIENTED_EDGE('',*,*,#3851,.F.);
#6132=ORIENTED_EDGE('',*,*,#4558,.F.);
#6133=ORIENTED_EDGE('',*,*,#4559,.T.);
#6134=ORIENTED_EDGE('',*,*,#4558,.T.);
#6135=ORIENTED_EDGE('',*,*,#3850,.F.);
#6136=ORIENTED_EDGE('',*,*,#4560,.F.);
#6137=ORIENTED_EDGE('',*,*,#4561,.T.);
#6138=ORIENTED_EDGE('',*,*,#4560,.T.);
#6139=ORIENTED_EDGE('',*,*,#3849,.F.);
#6140=ORIENTED_EDGE('',*,*,#4562,.F.);
#6141=ORIENTED_EDGE('',*,*,#4563,.T.);
#6142=ORIENTED_EDGE('',*,*,#4562,.T.);
#6143=ORIENTED_EDGE('',*,*,#3848,.F.);
#6144=ORIENTED_EDGE('',*,*,#4564,.F.);
#6145=ORIENTED_EDGE('',*,*,#4565,.T.);
#6146=ORIENTED_EDGE('',*,*,#4564,.T.);
#6147=ORIENTED_EDGE('',*,*,#3847,.F.);
#6148=ORIENTED_EDGE('',*,*,#4566,.F.);
#6149=ORIENTED_EDGE('',*,*,#4567,.T.);
#6150=ORIENTED_EDGE('',*,*,#4566,.T.);
#6151=ORIENTED_EDGE('',*,*,#3846,.F.);
#6152=ORIENTED_EDGE('',*,*,#4568,.F.);
#6153=ORIENTED_EDGE('',*,*,#4569,.T.);
#6154=ORIENTED_EDGE('',*,*,#4568,.T.);
#6155=ORIENTED_EDGE('',*,*,#3845,.F.);
#6156=ORIENTED_EDGE('',*,*,#4570,.F.);
#6157=ORIENTED_EDGE('',*,*,#4571,.T.);
#6158=ORIENTED_EDGE('',*,*,#4570,.T.);
#6159=ORIENTED_EDGE('',*,*,#3844,.F.);
#6160=ORIENTED_EDGE('',*,*,#4572,.F.);
#6161=ORIENTED_EDGE('',*,*,#4573,.T.);
#6162=ORIENTED_EDGE('',*,*,#4572,.T.);
#6163=ORIENTED_EDGE('',*,*,#3843,.F.);
#6164=ORIENTED_EDGE('',*,*,#4574,.F.);
#6165=ORIENTED_EDGE('',*,*,#4575,.T.);
#6166=ORIENTED_EDGE('',*,*,#4574,.T.);
#6167=ORIENTED_EDGE('',*,*,#3842,.F.);
#6168=ORIENTED_EDGE('',*,*,#4545,.F.);
#6169=ORIENTED_EDGE('',*,*,#4576,.T.);
#6170=ORIENTED_EDGE('',*,*,#4577,.T.);
#6171=ORIENTED_EDGE('',*,*,#3841,.F.);
#6172=ORIENTED_EDGE('',*,*,#4578,.F.);
#6173=ORIENTED_EDGE('',*,*,#4579,.T.);
#6174=ORIENTED_EDGE('',*,*,#4578,.T.);
#6175=ORIENTED_EDGE('',*,*,#3840,.F.);
#6176=ORIENTED_EDGE('',*,*,#4580,.F.);
#6177=ORIENTED_EDGE('',*,*,#4581,.T.);
#6178=ORIENTED_EDGE('',*,*,#4580,.T.);
#6179=ORIENTED_EDGE('',*,*,#3839,.F.);
#6180=ORIENTED_EDGE('',*,*,#4582,.F.);
#6181=ORIENTED_EDGE('',*,*,#4583,.T.);
#6182=ORIENTED_EDGE('',*,*,#4582,.T.);
#6183=ORIENTED_EDGE('',*,*,#3838,.F.);
#6184=ORIENTED_EDGE('',*,*,#4584,.F.);
#6185=ORIENTED_EDGE('',*,*,#4585,.T.);
#6186=ORIENTED_EDGE('',*,*,#4584,.T.);
#6187=ORIENTED_EDGE('',*,*,#3837,.F.);
#6188=ORIENTED_EDGE('',*,*,#4586,.F.);
#6189=ORIENTED_EDGE('',*,*,#4587,.T.);
#6190=ORIENTED_EDGE('',*,*,#4586,.T.);
#6191=ORIENTED_EDGE('',*,*,#3836,.F.);
#6192=ORIENTED_EDGE('',*,*,#4588,.F.);
#6193=ORIENTED_EDGE('',*,*,#4589,.T.);
#6194=ORIENTED_EDGE('',*,*,#4588,.T.);
#6195=ORIENTED_EDGE('',*,*,#3835,.F.);
#6196=ORIENTED_EDGE('',*,*,#4590,.F.);
#6197=ORIENTED_EDGE('',*,*,#4591,.T.);
#6198=ORIENTED_EDGE('',*,*,#4590,.T.);
#6199=ORIENTED_EDGE('',*,*,#3834,.F.);
#6200=ORIENTED_EDGE('',*,*,#4592,.F.);
#6201=ORIENTED_EDGE('',*,*,#4593,.T.);
#6202=ORIENTED_EDGE('',*,*,#4592,.T.);
#6203=ORIENTED_EDGE('',*,*,#3833,.F.);
#6204=ORIENTED_EDGE('',*,*,#4594,.F.);
#6205=ORIENTED_EDGE('',*,*,#4595,.T.);
#6206=ORIENTED_EDGE('',*,*,#4594,.T.);
#6207=ORIENTED_EDGE('',*,*,#3832,.F.);
#6208=ORIENTED_EDGE('',*,*,#4596,.F.);
#6209=ORIENTED_EDGE('',*,*,#4597,.T.);
#6210=ORIENTED_EDGE('',*,*,#4596,.T.);
#6211=ORIENTED_EDGE('',*,*,#3831,.F.);
#6212=ORIENTED_EDGE('',*,*,#4598,.F.);
#6213=ORIENTED_EDGE('',*,*,#4599,.T.);
#6214=ORIENTED_EDGE('',*,*,#4598,.T.);
#6215=ORIENTED_EDGE('',*,*,#3830,.F.);
#6216=ORIENTED_EDGE('',*,*,#4600,.F.);
#6217=ORIENTED_EDGE('',*,*,#4601,.T.);
#6218=ORIENTED_EDGE('',*,*,#4600,.T.);
#6219=ORIENTED_EDGE('',*,*,#3829,.F.);
#6220=ORIENTED_EDGE('',*,*,#4602,.F.);
#6221=ORIENTED_EDGE('',*,*,#4603,.T.);
#6222=ORIENTED_EDGE('',*,*,#4602,.T.);
#6223=ORIENTED_EDGE('',*,*,#3828,.F.);
#6224=ORIENTED_EDGE('',*,*,#4604,.F.);
#6225=ORIENTED_EDGE('',*,*,#4605,.T.);
#6226=ORIENTED_EDGE('',*,*,#4604,.T.);
#6227=ORIENTED_EDGE('',*,*,#3827,.F.);
#6228=ORIENTED_EDGE('',*,*,#4606,.F.);
#6229=ORIENTED_EDGE('',*,*,#4607,.T.);
#6230=ORIENTED_EDGE('',*,*,#4606,.T.);
#6231=ORIENTED_EDGE('',*,*,#3826,.F.);
#6232=ORIENTED_EDGE('',*,*,#4608,.F.);
#6233=ORIENTED_EDGE('',*,*,#4609,.T.);
#6234=ORIENTED_EDGE('',*,*,#4608,.T.);
#6235=ORIENTED_EDGE('',*,*,#3825,.F.);
#6236=ORIENTED_EDGE('',*,*,#4610,.F.);
#6237=ORIENTED_EDGE('',*,*,#4611,.T.);
#6238=ORIENTED_EDGE('',*,*,#4610,.T.);
#6239=ORIENTED_EDGE('',*,*,#3824,.F.);
#6240=ORIENTED_EDGE('',*,*,#4612,.F.);
#6241=ORIENTED_EDGE('',*,*,#4613,.T.);
#6242=ORIENTED_EDGE('',*,*,#4612,.T.);
#6243=ORIENTED_EDGE('',*,*,#3823,.F.);
#6244=ORIENTED_EDGE('',*,*,#4614,.F.);
#6245=ORIENTED_EDGE('',*,*,#4615,.T.);
#6246=ORIENTED_EDGE('',*,*,#4614,.T.);
#6247=ORIENTED_EDGE('',*,*,#3822,.F.);
#6248=ORIENTED_EDGE('',*,*,#4616,.F.);
#6249=ORIENTED_EDGE('',*,*,#4617,.T.);
#6250=ORIENTED_EDGE('',*,*,#4616,.T.);
#6251=ORIENTED_EDGE('',*,*,#3821,.F.);
#6252=ORIENTED_EDGE('',*,*,#4618,.F.);
#6253=ORIENTED_EDGE('',*,*,#4619,.T.);
#6254=ORIENTED_EDGE('',*,*,#4618,.T.);
#6255=ORIENTED_EDGE('',*,*,#3820,.F.);
#6256=ORIENTED_EDGE('',*,*,#4620,.F.);
#6257=ORIENTED_EDGE('',*,*,#4621,.T.);
#6258=ORIENTED_EDGE('',*,*,#4620,.T.);
#6259=ORIENTED_EDGE('',*,*,#3819,.F.);
#6260=ORIENTED_EDGE('',*,*,#4622,.F.);
#6261=ORIENTED_EDGE('',*,*,#4623,.T.);
#6262=ORIENTED_EDGE('',*,*,#4622,.T.);
#6263=ORIENTED_EDGE('',*,*,#3818,.F.);
#6264=ORIENTED_EDGE('',*,*,#4624,.F.);
#6265=ORIENTED_EDGE('',*,*,#4625,.T.);
#6266=ORIENTED_EDGE('',*,*,#4624,.T.);
#6267=ORIENTED_EDGE('',*,*,#3817,.F.);
#6268=ORIENTED_EDGE('',*,*,#4626,.F.);
#6269=ORIENTED_EDGE('',*,*,#4627,.T.);
#6270=ORIENTED_EDGE('',*,*,#4626,.T.);
#6271=ORIENTED_EDGE('',*,*,#3816,.F.);
#6272=ORIENTED_EDGE('',*,*,#4628,.F.);
#6273=ORIENTED_EDGE('',*,*,#4629,.T.);
#6274=ORIENTED_EDGE('',*,*,#4628,.T.);
#6275=ORIENTED_EDGE('',*,*,#3815,.F.);
#6276=ORIENTED_EDGE('',*,*,#4630,.F.);
#6277=ORIENTED_EDGE('',*,*,#4631,.T.);
#6278=ORIENTED_EDGE('',*,*,#4630,.T.);
#6279=ORIENTED_EDGE('',*,*,#3814,.F.);
#6280=ORIENTED_EDGE('',*,*,#4632,.F.);
#6281=ORIENTED_EDGE('',*,*,#4633,.T.);
#6282=ORIENTED_EDGE('',*,*,#4632,.T.);
#6283=ORIENTED_EDGE('',*,*,#3813,.F.);
#6284=ORIENTED_EDGE('',*,*,#4634,.F.);
#6285=ORIENTED_EDGE('',*,*,#4635,.T.);
#6286=ORIENTED_EDGE('',*,*,#4634,.T.);
#6287=ORIENTED_EDGE('',*,*,#3812,.F.);
#6288=ORIENTED_EDGE('',*,*,#4636,.F.);
#6289=ORIENTED_EDGE('',*,*,#4637,.T.);
#6290=ORIENTED_EDGE('',*,*,#4636,.T.);
#6291=ORIENTED_EDGE('',*,*,#3811,.F.);
#6292=ORIENTED_EDGE('',*,*,#4638,.F.);
#6293=ORIENTED_EDGE('',*,*,#4639,.T.);
#6294=ORIENTED_EDGE('',*,*,#4638,.T.);
#6295=ORIENTED_EDGE('',*,*,#3810,.F.);
#6296=ORIENTED_EDGE('',*,*,#4640,.F.);
#6297=ORIENTED_EDGE('',*,*,#4641,.T.);
#6298=ORIENTED_EDGE('',*,*,#4640,.T.);
#6299=ORIENTED_EDGE('',*,*,#3809,.F.);
#6300=ORIENTED_EDGE('',*,*,#4642,.F.);
#6301=ORIENTED_EDGE('',*,*,#4643,.T.);
#6302=ORIENTED_EDGE('',*,*,#4642,.T.);
#6303=ORIENTED_EDGE('',*,*,#3808,.F.);
#6304=ORIENTED_EDGE('',*,*,#4577,.F.);
#6305=ORIENTED_EDGE('',*,*,#4644,.T.);
#6306=ORIENTED_EDGE('',*,*,#4645,.T.);
#6307=ORIENTED_EDGE('',*,*,#3807,.F.);
#6308=ORIENTED_EDGE('',*,*,#4646,.F.);
#6309=ORIENTED_EDGE('',*,*,#4647,.T.);
#6310=ORIENTED_EDGE('',*,*,#4646,.T.);
#6311=ORIENTED_EDGE('',*,*,#3806,.F.);
#6312=ORIENTED_EDGE('',*,*,#4648,.F.);
#6313=ORIENTED_EDGE('',*,*,#4649,.T.);
#6314=ORIENTED_EDGE('',*,*,#4648,.T.);
#6315=ORIENTED_EDGE('',*,*,#3805,.F.);
#6316=ORIENTED_EDGE('',*,*,#4650,.F.);
#6317=ORIENTED_EDGE('',*,*,#4651,.T.);
#6318=ORIENTED_EDGE('',*,*,#4650,.T.);
#6319=ORIENTED_EDGE('',*,*,#3804,.F.);
#6320=ORIENTED_EDGE('',*,*,#4652,.F.);
#6321=ORIENTED_EDGE('',*,*,#4653,.T.);
#6322=ORIENTED_EDGE('',*,*,#4652,.T.);
#6323=ORIENTED_EDGE('',*,*,#3803,.F.);
#6324=ORIENTED_EDGE('',*,*,#4654,.F.);
#6325=ORIENTED_EDGE('',*,*,#4655,.T.);
#6326=ORIENTED_EDGE('',*,*,#4654,.T.);
#6327=ORIENTED_EDGE('',*,*,#3802,.F.);
#6328=ORIENTED_EDGE('',*,*,#4656,.F.);
#6329=ORIENTED_EDGE('',*,*,#4657,.T.);
#6330=ORIENTED_EDGE('',*,*,#4656,.T.);
#6331=ORIENTED_EDGE('',*,*,#3801,.F.);
#6332=ORIENTED_EDGE('',*,*,#4658,.F.);
#6333=ORIENTED_EDGE('',*,*,#4659,.T.);
#6334=ORIENTED_EDGE('',*,*,#4658,.T.);
#6335=ORIENTED_EDGE('',*,*,#3800,.F.);
#6336=ORIENTED_EDGE('',*,*,#4660,.F.);
#6337=ORIENTED_EDGE('',*,*,#4661,.T.);
#6338=ORIENTED_EDGE('',*,*,#4660,.T.);
#6339=ORIENTED_EDGE('',*,*,#3799,.F.);
#6340=ORIENTED_EDGE('',*,*,#4662,.F.);
#6341=ORIENTED_EDGE('',*,*,#4663,.T.);
#6342=ORIENTED_EDGE('',*,*,#4662,.T.);
#6343=ORIENTED_EDGE('',*,*,#3798,.F.);
#6344=ORIENTED_EDGE('',*,*,#4664,.F.);
#6345=ORIENTED_EDGE('',*,*,#4665,.T.);
#6346=ORIENTED_EDGE('',*,*,#4664,.T.);
#6347=ORIENTED_EDGE('',*,*,#3797,.F.);
#6348=ORIENTED_EDGE('',*,*,#4666,.F.);
#6349=ORIENTED_EDGE('',*,*,#4667,.T.);
#6350=ORIENTED_EDGE('',*,*,#4666,.T.);
#6351=ORIENTED_EDGE('',*,*,#3796,.F.);
#6352=ORIENTED_EDGE('',*,*,#4668,.F.);
#6353=ORIENTED_EDGE('',*,*,#4669,.T.);
#6354=ORIENTED_EDGE('',*,*,#4668,.T.);
#6355=ORIENTED_EDGE('',*,*,#3795,.F.);
#6356=ORIENTED_EDGE('',*,*,#4670,.F.);
#6357=ORIENTED_EDGE('',*,*,#4671,.T.);
#6358=ORIENTED_EDGE('',*,*,#4670,.T.);
#6359=ORIENTED_EDGE('',*,*,#3794,.F.);
#6360=ORIENTED_EDGE('',*,*,#4672,.F.);
#6361=ORIENTED_EDGE('',*,*,#4673,.T.);
#6362=ORIENTED_EDGE('',*,*,#4672,.T.);
#6363=ORIENTED_EDGE('',*,*,#3793,.F.);
#6364=ORIENTED_EDGE('',*,*,#4674,.F.);
#6365=ORIENTED_EDGE('',*,*,#4675,.T.);
#6366=ORIENTED_EDGE('',*,*,#4674,.T.);
#6367=ORIENTED_EDGE('',*,*,#3792,.F.);
#6368=ORIENTED_EDGE('',*,*,#4645,.F.);
#6369=ORIENTED_EDGE('',*,*,#4676,.T.);
#6370=ORIENTED_EDGE('',*,*,#4677,.T.);
#6371=ORIENTED_EDGE('',*,*,#3791,.F.);
#6372=ORIENTED_EDGE('',*,*,#4678,.F.);
#6373=ORIENTED_EDGE('',*,*,#4679,.T.);
#6374=ORIENTED_EDGE('',*,*,#4678,.T.);
#6375=ORIENTED_EDGE('',*,*,#3790,.F.);
#6376=ORIENTED_EDGE('',*,*,#4680,.F.);
#6377=ORIENTED_EDGE('',*,*,#4681,.T.);
#6378=ORIENTED_EDGE('',*,*,#4680,.T.);
#6379=ORIENTED_EDGE('',*,*,#3789,.F.);
#6380=ORIENTED_EDGE('',*,*,#4682,.F.);
#6381=ORIENTED_EDGE('',*,*,#4683,.T.);
#6382=ORIENTED_EDGE('',*,*,#4682,.T.);
#6383=ORIENTED_EDGE('',*,*,#3788,.F.);
#6384=ORIENTED_EDGE('',*,*,#4684,.F.);
#6385=ORIENTED_EDGE('',*,*,#4685,.T.);
#6386=ORIENTED_EDGE('',*,*,#4684,.T.);
#6387=ORIENTED_EDGE('',*,*,#3787,.F.);
#6388=ORIENTED_EDGE('',*,*,#4686,.F.);
#6389=ORIENTED_EDGE('',*,*,#4687,.T.);
#6390=ORIENTED_EDGE('',*,*,#4686,.T.);
#6391=ORIENTED_EDGE('',*,*,#3786,.F.);
#6392=ORIENTED_EDGE('',*,*,#4688,.F.);
#6393=ORIENTED_EDGE('',*,*,#4689,.T.);
#6394=ORIENTED_EDGE('',*,*,#4688,.T.);
#6395=ORIENTED_EDGE('',*,*,#3785,.F.);
#6396=ORIENTED_EDGE('',*,*,#4690,.F.);
#6397=ORIENTED_EDGE('',*,*,#4691,.T.);
#6398=ORIENTED_EDGE('',*,*,#4690,.T.);
#6399=ORIENTED_EDGE('',*,*,#3784,.F.);
#6400=ORIENTED_EDGE('',*,*,#4692,.F.);
#6401=ORIENTED_EDGE('',*,*,#4693,.T.);
#6402=ORIENTED_EDGE('',*,*,#4692,.T.);
#6403=ORIENTED_EDGE('',*,*,#3783,.F.);
#6404=ORIENTED_EDGE('',*,*,#4694,.F.);
#6405=ORIENTED_EDGE('',*,*,#4695,.T.);
#6406=ORIENTED_EDGE('',*,*,#4694,.T.);
#6407=ORIENTED_EDGE('',*,*,#3782,.F.);
#6408=ORIENTED_EDGE('',*,*,#4696,.F.);
#6409=ORIENTED_EDGE('',*,*,#4697,.T.);
#6410=ORIENTED_EDGE('',*,*,#4696,.T.);
#6411=ORIENTED_EDGE('',*,*,#3781,.F.);
#6412=ORIENTED_EDGE('',*,*,#4698,.F.);
#6413=ORIENTED_EDGE('',*,*,#4699,.T.);
#6414=ORIENTED_EDGE('',*,*,#4698,.T.);
#6415=ORIENTED_EDGE('',*,*,#3780,.F.);
#6416=ORIENTED_EDGE('',*,*,#4700,.F.);
#6417=ORIENTED_EDGE('',*,*,#4701,.T.);
#6418=ORIENTED_EDGE('',*,*,#4700,.T.);
#6419=ORIENTED_EDGE('',*,*,#3779,.F.);
#6420=ORIENTED_EDGE('',*,*,#4702,.F.);
#6421=ORIENTED_EDGE('',*,*,#4703,.T.);
#6422=ORIENTED_EDGE('',*,*,#4702,.T.);
#6423=ORIENTED_EDGE('',*,*,#3778,.F.);
#6424=ORIENTED_EDGE('',*,*,#4704,.F.);
#6425=ORIENTED_EDGE('',*,*,#4705,.T.);
#6426=ORIENTED_EDGE('',*,*,#4704,.T.);
#6427=ORIENTED_EDGE('',*,*,#3777,.F.);
#6428=ORIENTED_EDGE('',*,*,#4706,.F.);
#6429=ORIENTED_EDGE('',*,*,#4707,.T.);
#6430=ORIENTED_EDGE('',*,*,#4706,.T.);
#6431=ORIENTED_EDGE('',*,*,#3776,.F.);
#6432=ORIENTED_EDGE('',*,*,#4677,.F.);
#6433=ORIENTED_EDGE('',*,*,#4708,.T.);
#6434=ORIENTED_EDGE('',*,*,#4709,.T.);
#6435=ORIENTED_EDGE('',*,*,#3775,.F.);
#6436=ORIENTED_EDGE('',*,*,#4710,.F.);
#6437=ORIENTED_EDGE('',*,*,#4711,.T.);
#6438=ORIENTED_EDGE('',*,*,#4710,.T.);
#6439=ORIENTED_EDGE('',*,*,#3774,.F.);
#6440=ORIENTED_EDGE('',*,*,#4712,.F.);
#6441=ORIENTED_EDGE('',*,*,#4713,.T.);
#6442=ORIENTED_EDGE('',*,*,#4712,.T.);
#6443=ORIENTED_EDGE('',*,*,#3773,.F.);
#6444=ORIENTED_EDGE('',*,*,#4714,.F.);
#6445=ORIENTED_EDGE('',*,*,#4715,.T.);
#6446=ORIENTED_EDGE('',*,*,#4714,.T.);
#6447=ORIENTED_EDGE('',*,*,#3772,.F.);
#6448=ORIENTED_EDGE('',*,*,#4716,.F.);
#6449=ORIENTED_EDGE('',*,*,#4717,.T.);
#6450=ORIENTED_EDGE('',*,*,#4716,.T.);
#6451=ORIENTED_EDGE('',*,*,#3771,.F.);
#6452=ORIENTED_EDGE('',*,*,#4718,.F.);
#6453=ORIENTED_EDGE('',*,*,#4719,.T.);
#6454=ORIENTED_EDGE('',*,*,#4718,.T.);
#6455=ORIENTED_EDGE('',*,*,#3770,.F.);
#6456=ORIENTED_EDGE('',*,*,#4720,.F.);
#6457=ORIENTED_EDGE('',*,*,#4721,.T.);
#6458=ORIENTED_EDGE('',*,*,#4720,.T.);
#6459=ORIENTED_EDGE('',*,*,#3769,.F.);
#6460=ORIENTED_EDGE('',*,*,#4722,.F.);
#6461=ORIENTED_EDGE('',*,*,#4723,.T.);
#6462=ORIENTED_EDGE('',*,*,#4722,.T.);
#6463=ORIENTED_EDGE('',*,*,#3768,.F.);
#6464=ORIENTED_EDGE('',*,*,#4724,.F.);
#6465=ORIENTED_EDGE('',*,*,#4725,.T.);
#6466=ORIENTED_EDGE('',*,*,#4724,.T.);
#6467=ORIENTED_EDGE('',*,*,#3767,.F.);
#6468=ORIENTED_EDGE('',*,*,#4726,.F.);
#6469=ORIENTED_EDGE('',*,*,#4727,.T.);
#6470=ORIENTED_EDGE('',*,*,#4726,.T.);
#6471=ORIENTED_EDGE('',*,*,#3766,.F.);
#6472=ORIENTED_EDGE('',*,*,#4728,.F.);
#6473=ORIENTED_EDGE('',*,*,#4729,.T.);
#6474=ORIENTED_EDGE('',*,*,#4728,.T.);
#6475=ORIENTED_EDGE('',*,*,#3765,.F.);
#6476=ORIENTED_EDGE('',*,*,#4730,.F.);
#6477=ORIENTED_EDGE('',*,*,#4731,.T.);
#6478=ORIENTED_EDGE('',*,*,#4730,.T.);
#6479=ORIENTED_EDGE('',*,*,#3764,.F.);
#6480=ORIENTED_EDGE('',*,*,#4732,.F.);
#6481=ORIENTED_EDGE('',*,*,#4733,.T.);
#6482=ORIENTED_EDGE('',*,*,#4732,.T.);
#6483=ORIENTED_EDGE('',*,*,#3763,.F.);
#6484=ORIENTED_EDGE('',*,*,#4734,.F.);
#6485=ORIENTED_EDGE('',*,*,#4735,.T.);
#6486=ORIENTED_EDGE('',*,*,#4734,.T.);
#6487=ORIENTED_EDGE('',*,*,#3762,.F.);
#6488=ORIENTED_EDGE('',*,*,#4736,.F.);
#6489=ORIENTED_EDGE('',*,*,#4737,.T.);
#6490=ORIENTED_EDGE('',*,*,#4736,.T.);
#6491=ORIENTED_EDGE('',*,*,#3761,.F.);
#6492=ORIENTED_EDGE('',*,*,#4738,.F.);
#6493=ORIENTED_EDGE('',*,*,#4739,.T.);
#6494=ORIENTED_EDGE('',*,*,#4738,.T.);
#6495=ORIENTED_EDGE('',*,*,#3760,.F.);
#6496=ORIENTED_EDGE('',*,*,#4709,.F.);
#6497=ORIENTED_EDGE('',*,*,#3745,.T.);
#6498=ORIENTED_EDGE('',*,*,#3759,.F.);
#6499=ORIENTED_EDGE('',*,*,#4740,.F.);
#6500=ORIENTED_EDGE('',*,*,#4741,.T.);
#6501=ORIENTED_EDGE('',*,*,#4742,.T.);
#6502=ORIENTED_EDGE('',*,*,#4740,.T.);
#6503=ORIENTED_EDGE('',*,*,#3758,.F.);
#6504=ORIENTED_EDGE('',*,*,#4743,.F.);
#6505=ORIENTED_EDGE('',*,*,#4744,.T.);
#6506=ORIENTED_EDGE('',*,*,#4743,.T.);
#6507=ORIENTED_EDGE('',*,*,#3757,.F.);
#6508=ORIENTED_EDGE('',*,*,#4745,.F.);
#6509=ORIENTED_EDGE('',*,*,#4746,.T.);
#6510=ORIENTED_EDGE('',*,*,#4745,.T.);
#6511=ORIENTED_EDGE('',*,*,#3756,.F.);
#6512=ORIENTED_EDGE('',*,*,#4087,.F.);
#6513=ORIENTED_EDGE('',*,*,#4741,.F.);
#6514=ORIENTED_EDGE('',*,*,#4742,.F.);
#6515=ORIENTED_EDGE('',*,*,#4744,.F.);
#6516=ORIENTED_EDGE('',*,*,#4746,.F.);
#6517=ORIENTED_EDGE('',*,*,#4086,.F.);
#6518=ORIENTED_EDGE('',*,*,#3752,.T.);
#6519=ORIENTED_EDGE('',*,*,#3753,.T.);
#6520=ORIENTED_EDGE('',*,*,#3746,.T.);
#6521=ORIENTED_EDGE('',*,*,#4739,.F.);
#6522=ORIENTED_EDGE('',*,*,#4708,.F.);
#6523=ORIENTED_EDGE('',*,*,#4711,.F.);
#6524=ORIENTED_EDGE('',*,*,#4713,.F.);
#6525=ORIENTED_EDGE('',*,*,#4715,.F.);
#6526=ORIENTED_EDGE('',*,*,#4717,.F.);
#6527=ORIENTED_EDGE('',*,*,#4719,.F.);
#6528=ORIENTED_EDGE('',*,*,#4721,.F.);
#6529=ORIENTED_EDGE('',*,*,#4723,.F.);
#6530=ORIENTED_EDGE('',*,*,#4725,.F.);
#6531=ORIENTED_EDGE('',*,*,#4727,.F.);
#6532=ORIENTED_EDGE('',*,*,#4729,.F.);
#6533=ORIENTED_EDGE('',*,*,#4731,.F.);
#6534=ORIENTED_EDGE('',*,*,#4733,.F.);
#6535=ORIENTED_EDGE('',*,*,#4735,.F.);
#6536=ORIENTED_EDGE('',*,*,#4737,.F.);
#6537=ORIENTED_EDGE('',*,*,#4707,.F.);
#6538=ORIENTED_EDGE('',*,*,#4676,.F.);
#6539=ORIENTED_EDGE('',*,*,#4679,.F.);
#6540=ORIENTED_EDGE('',*,*,#4681,.F.);
#6541=ORIENTED_EDGE('',*,*,#4683,.F.);
#6542=ORIENTED_EDGE('',*,*,#4685,.F.);
#6543=ORIENTED_EDGE('',*,*,#4687,.F.);
#6544=ORIENTED_EDGE('',*,*,#4689,.F.);
#6545=ORIENTED_EDGE('',*,*,#4691,.F.);
#6546=ORIENTED_EDGE('',*,*,#4693,.F.);
#6547=ORIENTED_EDGE('',*,*,#4695,.F.);
#6548=ORIENTED_EDGE('',*,*,#4697,.F.);
#6549=ORIENTED_EDGE('',*,*,#4699,.F.);
#6550=ORIENTED_EDGE('',*,*,#4701,.F.);
#6551=ORIENTED_EDGE('',*,*,#4703,.F.);
#6552=ORIENTED_EDGE('',*,*,#4705,.F.);
#6553=ORIENTED_EDGE('',*,*,#4675,.F.);
#6554=ORIENTED_EDGE('',*,*,#4644,.F.);
#6555=ORIENTED_EDGE('',*,*,#4647,.F.);
#6556=ORIENTED_EDGE('',*,*,#4649,.F.);
#6557=ORIENTED_EDGE('',*,*,#4651,.F.);
#6558=ORIENTED_EDGE('',*,*,#4653,.F.);
#6559=ORIENTED_EDGE('',*,*,#4655,.F.);
#6560=ORIENTED_EDGE('',*,*,#4657,.F.);
#6561=ORIENTED_EDGE('',*,*,#4659,.F.);
#6562=ORIENTED_EDGE('',*,*,#4661,.F.);
#6563=ORIENTED_EDGE('',*,*,#4663,.F.);
#6564=ORIENTED_EDGE('',*,*,#4665,.F.);
#6565=ORIENTED_EDGE('',*,*,#4667,.F.);
#6566=ORIENTED_EDGE('',*,*,#4669,.F.);
#6567=ORIENTED_EDGE('',*,*,#4671,.F.);
#6568=ORIENTED_EDGE('',*,*,#4673,.F.);
#6569=ORIENTED_EDGE('',*,*,#4643,.F.);
#6570=ORIENTED_EDGE('',*,*,#4576,.F.);
#6571=ORIENTED_EDGE('',*,*,#4579,.F.);
#6572=ORIENTED_EDGE('',*,*,#4581,.F.);
#6573=ORIENTED_EDGE('',*,*,#4583,.F.);
#6574=ORIENTED_EDGE('',*,*,#4585,.F.);
#6575=ORIENTED_EDGE('',*,*,#4587,.F.);
#6576=ORIENTED_EDGE('',*,*,#4589,.F.);
#6577=ORIENTED_EDGE('',*,*,#4591,.F.);
#6578=ORIENTED_EDGE('',*,*,#4593,.F.);
#6579=ORIENTED_EDGE('',*,*,#4595,.F.);
#6580=ORIENTED_EDGE('',*,*,#4597,.F.);
#6581=ORIENTED_EDGE('',*,*,#4599,.F.);
#6582=ORIENTED_EDGE('',*,*,#4601,.F.);
#6583=ORIENTED_EDGE('',*,*,#4603,.F.);
#6584=ORIENTED_EDGE('',*,*,#4605,.F.);
#6585=ORIENTED_EDGE('',*,*,#4607,.F.);
#6586=ORIENTED_EDGE('',*,*,#4609,.F.);
#6587=ORIENTED_EDGE('',*,*,#4611,.F.);
#6588=ORIENTED_EDGE('',*,*,#4613,.F.);
#6589=ORIENTED_EDGE('',*,*,#4615,.F.);
#6590=ORIENTED_EDGE('',*,*,#4617,.F.);
#6591=ORIENTED_EDGE('',*,*,#4619,.F.);
#6592=ORIENTED_EDGE('',*,*,#4621,.F.);
#6593=ORIENTED_EDGE('',*,*,#4623,.F.);
#6594=ORIENTED_EDGE('',*,*,#4625,.F.);
#6595=ORIENTED_EDGE('',*,*,#4627,.F.);
#6596=ORIENTED_EDGE('',*,*,#4629,.F.);
#6597=ORIENTED_EDGE('',*,*,#4631,.F.);
#6598=ORIENTED_EDGE('',*,*,#4633,.F.);
#6599=ORIENTED_EDGE('',*,*,#4635,.F.);
#6600=ORIENTED_EDGE('',*,*,#4637,.F.);
#6601=ORIENTED_EDGE('',*,*,#4639,.F.);
#6602=ORIENTED_EDGE('',*,*,#4641,.F.);
#6603=ORIENTED_EDGE('',*,*,#4575,.F.);
#6604=ORIENTED_EDGE('',*,*,#4544,.F.);
#6605=ORIENTED_EDGE('',*,*,#4547,.F.);
#6606=ORIENTED_EDGE('',*,*,#4549,.F.);
#6607=ORIENTED_EDGE('',*,*,#4551,.F.);
#6608=ORIENTED_EDGE('',*,*,#4553,.F.);
#6609=ORIENTED_EDGE('',*,*,#4555,.F.);
#6610=ORIENTED_EDGE('',*,*,#4557,.F.);
#6611=ORIENTED_EDGE('',*,*,#4559,.F.);
#6612=ORIENTED_EDGE('',*,*,#4561,.F.);
#6613=ORIENTED_EDGE('',*,*,#4563,.F.);
#6614=ORIENTED_EDGE('',*,*,#4565,.F.);
#6615=ORIENTED_EDGE('',*,*,#4567,.F.);
#6616=ORIENTED_EDGE('',*,*,#4569,.F.);
#6617=ORIENTED_EDGE('',*,*,#4571,.F.);
#6618=ORIENTED_EDGE('',*,*,#4573,.F.);
#6619=ORIENTED_EDGE('',*,*,#4543,.F.);
#6620=ORIENTED_EDGE('',*,*,#4416,.F.);
#6621=ORIENTED_EDGE('',*,*,#4419,.F.);
#6622=ORIENTED_EDGE('',*,*,#4421,.F.);
#6623=ORIENTED_EDGE('',*,*,#4423,.F.);
#6624=ORIENTED_EDGE('',*,*,#4425,.F.);
#6625=ORIENTED_EDGE('',*,*,#4427,.F.);
#6626=ORIENTED_EDGE('',*,*,#4429,.F.);
#6627=ORIENTED_EDGE('',*,*,#4431,.F.);
#6628=ORIENTED_EDGE('',*,*,#4433,.F.);
#6629=ORIENTED_EDGE('',*,*,#4435,.F.);
#6630=ORIENTED_EDGE('',*,*,#4437,.F.);
#6631=ORIENTED_EDGE('',*,*,#4439,.F.);
#6632=ORIENTED_EDGE('',*,*,#4441,.F.);
#6633=ORIENTED_EDGE('',*,*,#4443,.F.);
#6634=ORIENTED_EDGE('',*,*,#4445,.F.);
#6635=ORIENTED_EDGE('',*,*,#4447,.F.);
#6636=ORIENTED_EDGE('',*,*,#4449,.F.);
#6637=ORIENTED_EDGE('',*,*,#4451,.F.);
#6638=ORIENTED_EDGE('',*,*,#4453,.F.);
#6639=ORIENTED_EDGE('',*,*,#4455,.F.);
#6640=ORIENTED_EDGE('',*,*,#4457,.F.);
#6641=ORIENTED_EDGE('',*,*,#4459,.F.);
#6642=ORIENTED_EDGE('',*,*,#4461,.F.);
#6643=ORIENTED_EDGE('',*,*,#4463,.F.);
#6644=ORIENTED_EDGE('',*,*,#4465,.F.);
#6645=ORIENTED_EDGE('',*,*,#4467,.F.);
#6646=ORIENTED_EDGE('',*,*,#4469,.F.);
#6647=ORIENTED_EDGE('',*,*,#4471,.F.);
#6648=ORIENTED_EDGE('',*,*,#4473,.F.);
#6649=ORIENTED_EDGE('',*,*,#4475,.F.);
#6650=ORIENTED_EDGE('',*,*,#4477,.F.);
#6651=ORIENTED_EDGE('',*,*,#4479,.F.);
#6652=ORIENTED_EDGE('',*,*,#4481,.F.);
#6653=ORIENTED_EDGE('',*,*,#4483,.F.);
#6654=ORIENTED_EDGE('',*,*,#4485,.F.);
#6655=ORIENTED_EDGE('',*,*,#4487,.F.);
#6656=ORIENTED_EDGE('',*,*,#4489,.F.);
#6657=ORIENTED_EDGE('',*,*,#4491,.F.);
#6658=ORIENTED_EDGE('',*,*,#4493,.F.);
#6659=ORIENTED_EDGE('',*,*,#4495,.F.);
#6660=ORIENTED_EDGE('',*,*,#4497,.F.);
#6661=ORIENTED_EDGE('',*,*,#4499,.F.);
#6662=ORIENTED_EDGE('',*,*,#4501,.F.);
#6663=ORIENTED_EDGE('',*,*,#4503,.F.);
#6664=ORIENTED_EDGE('',*,*,#4505,.F.);
#6665=ORIENTED_EDGE('',*,*,#4507,.F.);
#6666=ORIENTED_EDGE('',*,*,#4509,.F.);
#6667=ORIENTED_EDGE('',*,*,#4511,.F.);
#6668=ORIENTED_EDGE('',*,*,#4513,.F.);
#6669=ORIENTED_EDGE('',*,*,#4515,.F.);
#6670=ORIENTED_EDGE('',*,*,#4517,.F.);
#6671=ORIENTED_EDGE('',*,*,#4519,.F.);
#6672=ORIENTED_EDGE('',*,*,#4521,.F.);
#6673=ORIENTED_EDGE('',*,*,#4523,.F.);
#6674=ORIENTED_EDGE('',*,*,#4525,.F.);
#6675=ORIENTED_EDGE('',*,*,#4527,.F.);
#6676=ORIENTED_EDGE('',*,*,#4529,.F.);
#6677=ORIENTED_EDGE('',*,*,#4531,.F.);
#6678=ORIENTED_EDGE('',*,*,#4533,.F.);
#6679=ORIENTED_EDGE('',*,*,#4535,.F.);
#6680=ORIENTED_EDGE('',*,*,#4537,.F.);
#6681=ORIENTED_EDGE('',*,*,#4539,.F.);
#6682=ORIENTED_EDGE('',*,*,#4541,.F.);
#6683=ORIENTED_EDGE('',*,*,#4415,.F.);
#6684=ORIENTED_EDGE('',*,*,#4342,.F.);
#6685=ORIENTED_EDGE('',*,*,#4345,.F.);
#6686=ORIENTED_EDGE('',*,*,#4347,.F.);
#6687=ORIENTED_EDGE('',*,*,#4349,.F.);
#6688=ORIENTED_EDGE('',*,*,#4351,.F.);
#6689=ORIENTED_EDGE('',*,*,#4353,.F.);
#6690=ORIENTED_EDGE('',*,*,#4355,.F.);
#6691=ORIENTED_EDGE('',*,*,#4357,.F.);
#6692=ORIENTED_EDGE('',*,*,#4359,.F.);
#6693=ORIENTED_EDGE('',*,*,#4361,.F.);
#6694=ORIENTED_EDGE('',*,*,#4363,.F.);
#6695=ORIENTED_EDGE('',*,*,#4365,.F.);
#6696=ORIENTED_EDGE('',*,*,#4367,.F.);
#6697=ORIENTED_EDGE('',*,*,#4369,.F.);
#6698=ORIENTED_EDGE('',*,*,#4371,.F.);
#6699=ORIENTED_EDGE('',*,*,#4373,.F.);
#6700=ORIENTED_EDGE('',*,*,#4375,.F.);
#6701=ORIENTED_EDGE('',*,*,#4377,.F.);
#6702=ORIENTED_EDGE('',*,*,#4379,.F.);
#6703=ORIENTED_EDGE('',*,*,#4381,.F.);
#6704=ORIENTED_EDGE('',*,*,#4383,.F.);
#6705=ORIENTED_EDGE('',*,*,#4385,.F.);
#6706=ORIENTED_EDGE('',*,*,#4387,.F.);
#6707=ORIENTED_EDGE('',*,*,#4389,.F.);
#6708=ORIENTED_EDGE('',*,*,#4391,.F.);
#6709=ORIENTED_EDGE('',*,*,#4393,.F.);
#6710=ORIENTED_EDGE('',*,*,#4395,.F.);
#6711=ORIENTED_EDGE('',*,*,#4397,.F.);
#6712=ORIENTED_EDGE('',*,*,#4399,.F.);
#6713=ORIENTED_EDGE('',*,*,#4401,.F.);
#6714=ORIENTED_EDGE('',*,*,#4403,.F.);
#6715=ORIENTED_EDGE('',*,*,#4405,.F.);
#6716=ORIENTED_EDGE('',*,*,#4407,.F.);
#6717=ORIENTED_EDGE('',*,*,#4409,.F.);
#6718=ORIENTED_EDGE('',*,*,#4411,.F.);
#6719=ORIENTED_EDGE('',*,*,#4413,.F.);
#6720=ORIENTED_EDGE('',*,*,#4341,.F.);
#6721=ORIENTED_EDGE('',*,*,#4310,.F.);
#6722=ORIENTED_EDGE('',*,*,#4313,.F.);
#6723=ORIENTED_EDGE('',*,*,#4315,.F.);
#6724=ORIENTED_EDGE('',*,*,#4317,.F.);
#6725=ORIENTED_EDGE('',*,*,#4319,.F.);
#6726=ORIENTED_EDGE('',*,*,#4321,.F.);
#6727=ORIENTED_EDGE('',*,*,#4323,.F.);
#6728=ORIENTED_EDGE('',*,*,#4325,.F.);
#6729=ORIENTED_EDGE('',*,*,#4327,.F.);
#6730=ORIENTED_EDGE('',*,*,#4329,.F.);
#6731=ORIENTED_EDGE('',*,*,#4331,.F.);
#6732=ORIENTED_EDGE('',*,*,#4333,.F.);
#6733=ORIENTED_EDGE('',*,*,#4335,.F.);
#6734=ORIENTED_EDGE('',*,*,#4337,.F.);
#6735=ORIENTED_EDGE('',*,*,#4339,.F.);
#6736=ORIENTED_EDGE('',*,*,#4309,.F.);
#6737=ORIENTED_EDGE('',*,*,#4278,.F.);
#6738=ORIENTED_EDGE('',*,*,#4281,.F.);
#6739=ORIENTED_EDGE('',*,*,#4283,.F.);
#6740=ORIENTED_EDGE('',*,*,#4285,.F.);
#6741=ORIENTED_EDGE('',*,*,#4287,.F.);
#6742=ORIENTED_EDGE('',*,*,#4289,.F.);
#6743=ORIENTED_EDGE('',*,*,#4291,.F.);
#6744=ORIENTED_EDGE('',*,*,#4293,.F.);
#6745=ORIENTED_EDGE('',*,*,#4295,.F.);
#6746=ORIENTED_EDGE('',*,*,#4297,.F.);
#6747=ORIENTED_EDGE('',*,*,#4299,.F.);
#6748=ORIENTED_EDGE('',*,*,#4301,.F.);
#6749=ORIENTED_EDGE('',*,*,#4303,.F.);
#6750=ORIENTED_EDGE('',*,*,#4305,.F.);
#6751=ORIENTED_EDGE('',*,*,#4307,.F.);
#6752=ORIENTED_EDGE('',*,*,#4277,.F.);
#6753=ORIENTED_EDGE('',*,*,#4224,.F.);
#6754=ORIENTED_EDGE('',*,*,#4227,.F.);
#6755=ORIENTED_EDGE('',*,*,#4229,.F.);
#6756=ORIENTED_EDGE('',*,*,#4231,.F.);
#6757=ORIENTED_EDGE('',*,*,#4233,.F.);
#6758=ORIENTED_EDGE('',*,*,#4235,.F.);
#6759=ORIENTED_EDGE('',*,*,#4237,.F.);
#6760=ORIENTED_EDGE('',*,*,#4239,.F.);
#6761=ORIENTED_EDGE('',*,*,#4241,.F.);
#6762=ORIENTED_EDGE('',*,*,#4243,.F.);
#6763=ORIENTED_EDGE('',*,*,#4245,.F.);
#6764=ORIENTED_EDGE('',*,*,#4247,.F.);
#6765=ORIENTED_EDGE('',*,*,#4249,.F.);
#6766=ORIENTED_EDGE('',*,*,#4251,.F.);
#6767=ORIENTED_EDGE('',*,*,#4253,.F.);
#6768=ORIENTED_EDGE('',*,*,#4255,.F.);
#6769=ORIENTED_EDGE('',*,*,#4257,.F.);
#6770=ORIENTED_EDGE('',*,*,#4259,.F.);
#6771=ORIENTED_EDGE('',*,*,#4261,.F.);
#6772=ORIENTED_EDGE('',*,*,#4263,.F.);
#6773=ORIENTED_EDGE('',*,*,#4265,.F.);
#6774=ORIENTED_EDGE('',*,*,#4267,.F.);
#6775=ORIENTED_EDGE('',*,*,#4269,.F.);
#6776=ORIENTED_EDGE('',*,*,#4271,.F.);
#6777=ORIENTED_EDGE('',*,*,#4273,.F.);
#6778=ORIENTED_EDGE('',*,*,#4275,.F.);
#6779=ORIENTED_EDGE('',*,*,#4223,.F.);
#6780=ORIENTED_EDGE('',*,*,#4184,.F.);
#6781=ORIENTED_EDGE('',*,*,#4187,.F.);
#6782=ORIENTED_EDGE('',*,*,#4189,.F.);
#6783=ORIENTED_EDGE('',*,*,#4191,.F.);
#6784=ORIENTED_EDGE('',*,*,#4193,.F.);
#6785=ORIENTED_EDGE('',*,*,#4195,.F.);
#6786=ORIENTED_EDGE('',*,*,#4197,.F.);
#6787=ORIENTED_EDGE('',*,*,#4199,.F.);
#6788=ORIENTED_EDGE('',*,*,#4201,.F.);
#6789=ORIENTED_EDGE('',*,*,#4203,.F.);
#6790=ORIENTED_EDGE('',*,*,#4205,.F.);
#6791=ORIENTED_EDGE('',*,*,#4207,.F.);
#6792=ORIENTED_EDGE('',*,*,#4209,.F.);
#6793=ORIENTED_EDGE('',*,*,#4211,.F.);
#6794=ORIENTED_EDGE('',*,*,#4213,.F.);
#6795=ORIENTED_EDGE('',*,*,#4215,.F.);
#6796=ORIENTED_EDGE('',*,*,#4217,.F.);
#6797=ORIENTED_EDGE('',*,*,#4219,.F.);
#6798=ORIENTED_EDGE('',*,*,#4221,.F.);
#6799=ORIENTED_EDGE('',*,*,#4183,.F.);
#6800=ORIENTED_EDGE('',*,*,#4152,.F.);
#6801=ORIENTED_EDGE('',*,*,#4155,.F.);
#6802=ORIENTED_EDGE('',*,*,#4157,.F.);
#6803=ORIENTED_EDGE('',*,*,#4159,.F.);
#6804=ORIENTED_EDGE('',*,*,#4161,.F.);
#6805=ORIENTED_EDGE('',*,*,#4163,.F.);
#6806=ORIENTED_EDGE('',*,*,#4165,.F.);
#6807=ORIENTED_EDGE('',*,*,#4167,.F.);
#6808=ORIENTED_EDGE('',*,*,#4169,.F.);
#6809=ORIENTED_EDGE('',*,*,#4171,.F.);
#6810=ORIENTED_EDGE('',*,*,#4173,.F.);
#6811=ORIENTED_EDGE('',*,*,#4175,.F.);
#6812=ORIENTED_EDGE('',*,*,#4177,.F.);
#6813=ORIENTED_EDGE('',*,*,#4179,.F.);
#6814=ORIENTED_EDGE('',*,*,#4181,.F.);
#6815=ORIENTED_EDGE('',*,*,#4151,.F.);
#6816=ORIENTED_EDGE('',*,*,#4120,.F.);
#6817=ORIENTED_EDGE('',*,*,#4123,.F.);
#6818=ORIENTED_EDGE('',*,*,#4125,.F.);
#6819=ORIENTED_EDGE('',*,*,#4127,.F.);
#6820=ORIENTED_EDGE('',*,*,#4129,.F.);
#6821=ORIENTED_EDGE('',*,*,#4131,.F.);
#6822=ORIENTED_EDGE('',*,*,#4133,.F.);
#6823=ORIENTED_EDGE('',*,*,#4135,.F.);
#6824=ORIENTED_EDGE('',*,*,#4137,.F.);
#6825=ORIENTED_EDGE('',*,*,#4139,.F.);
#6826=ORIENTED_EDGE('',*,*,#4141,.F.);
#6827=ORIENTED_EDGE('',*,*,#4143,.F.);
#6828=ORIENTED_EDGE('',*,*,#4145,.F.);
#6829=ORIENTED_EDGE('',*,*,#4147,.F.);
#6830=ORIENTED_EDGE('',*,*,#4149,.F.);
#6831=ORIENTED_EDGE('',*,*,#4119,.F.);
#6832=ORIENTED_EDGE('',*,*,#4088,.F.);
#6833=ORIENTED_EDGE('',*,*,#4091,.F.);
#6834=ORIENTED_EDGE('',*,*,#4093,.F.);
#6835=ORIENTED_EDGE('',*,*,#4095,.F.);
#6836=ORIENTED_EDGE('',*,*,#4097,.F.);
#6837=ORIENTED_EDGE('',*,*,#4099,.F.);
#6838=ORIENTED_EDGE('',*,*,#4101,.F.);
#6839=ORIENTED_EDGE('',*,*,#4103,.F.);
#6840=ORIENTED_EDGE('',*,*,#4105,.F.);
#6841=ORIENTED_EDGE('',*,*,#4107,.F.);
#6842=ORIENTED_EDGE('',*,*,#4109,.F.);
#6843=ORIENTED_EDGE('',*,*,#4111,.F.);
#6844=ORIENTED_EDGE('',*,*,#4113,.F.);
#6845=ORIENTED_EDGE('',*,*,#4115,.F.);
#6846=ORIENTED_EDGE('',*,*,#4117,.F.);
#6847=ORIENTED_EDGE('',*,*,#4747,.T.);
#6848=ORIENTED_EDGE('',*,*,#4748,.T.);
#6849=ORIENTED_EDGE('',*,*,#4749,.T.);
#6850=ORIENTED_EDGE('',*,*,#4750,.F.);
#6851=ORIENTED_EDGE('',*,*,#4751,.T.);
#6852=ORIENTED_EDGE('',*,*,#4752,.T.);
#6853=ORIENTED_EDGE('',*,*,#4753,.T.);
#6854=ORIENTED_EDGE('',*,*,#4748,.F.);
#6855=ORIENTED_EDGE('',*,*,#4754,.T.);
#6856=ORIENTED_EDGE('',*,*,#4755,.T.);
#6857=ORIENTED_EDGE('',*,*,#4756,.T.);
#6858=ORIENTED_EDGE('',*,*,#4752,.F.);
#6859=ORIENTED_EDGE('',*,*,#4757,.T.);
#6860=ORIENTED_EDGE('',*,*,#4758,.T.);
#6861=ORIENTED_EDGE('',*,*,#4759,.T.);
#6862=ORIENTED_EDGE('',*,*,#4755,.F.);
#6863=ORIENTED_EDGE('',*,*,#4760,.T.);
#6864=ORIENTED_EDGE('',*,*,#4761,.T.);
#6865=ORIENTED_EDGE('',*,*,#4762,.T.);
#6866=ORIENTED_EDGE('',*,*,#4758,.F.);
#6867=ORIENTED_EDGE('',*,*,#4763,.T.);
#6868=ORIENTED_EDGE('',*,*,#4764,.T.);
#6869=ORIENTED_EDGE('',*,*,#4765,.T.);
#6870=ORIENTED_EDGE('',*,*,#4761,.F.);
#6871=ORIENTED_EDGE('',*,*,#4766,.T.);
#6872=ORIENTED_EDGE('',*,*,#4767,.T.);
#6873=ORIENTED_EDGE('',*,*,#4768,.T.);
#6874=ORIENTED_EDGE('',*,*,#4764,.F.);
#6875=ORIENTED_EDGE('',*,*,#4769,.T.);
#6876=ORIENTED_EDGE('',*,*,#4770,.T.);
#6877=ORIENTED_EDGE('',*,*,#4771,.T.);
#6878=ORIENTED_EDGE('',*,*,#4767,.F.);
#6879=ORIENTED_EDGE('',*,*,#4772,.T.);
#6880=ORIENTED_EDGE('',*,*,#4773,.T.);
#6881=ORIENTED_EDGE('',*,*,#4774,.T.);
#6882=ORIENTED_EDGE('',*,*,#4770,.F.);
#6883=ORIENTED_EDGE('',*,*,#4775,.T.);
#6884=ORIENTED_EDGE('',*,*,#4773,.F.);
#6885=ORIENTED_EDGE('',*,*,#4776,.T.);
#6886=ORIENTED_EDGE('',*,*,#4777,.T.);
#6887=ORIENTED_EDGE('',*,*,#4778,.T.);
#6888=ORIENTED_EDGE('',*,*,#4777,.F.);
#6889=ORIENTED_EDGE('',*,*,#4779,.T.);
#6890=ORIENTED_EDGE('',*,*,#4780,.T.);
#6891=ORIENTED_EDGE('',*,*,#4781,.T.);
#6892=ORIENTED_EDGE('',*,*,#4780,.F.);
#6893=ORIENTED_EDGE('',*,*,#4782,.T.);
#6894=ORIENTED_EDGE('',*,*,#4783,.T.);
#6895=ORIENTED_EDGE('',*,*,#4784,.T.);
#6896=ORIENTED_EDGE('',*,*,#4783,.F.);
#6897=ORIENTED_EDGE('',*,*,#4785,.T.);
#6898=ORIENTED_EDGE('',*,*,#4786,.T.);
#6899=ORIENTED_EDGE('',*,*,#4787,.T.);
#6900=ORIENTED_EDGE('',*,*,#4786,.F.);
#6901=ORIENTED_EDGE('',*,*,#4788,.T.);
#6902=ORIENTED_EDGE('',*,*,#4789,.T.);
#6903=ORIENTED_EDGE('',*,*,#4790,.T.);
#6904=ORIENTED_EDGE('',*,*,#4789,.F.);
#6905=ORIENTED_EDGE('',*,*,#4791,.T.);
#6906=ORIENTED_EDGE('',*,*,#4792,.T.);
#6907=ORIENTED_EDGE('',*,*,#4793,.T.);
#6908=ORIENTED_EDGE('',*,*,#4792,.F.);
#6909=ORIENTED_EDGE('',*,*,#4794,.T.);
#6910=ORIENTED_EDGE('',*,*,#4750,.T.);
#6911=ORIENTED_EDGE('',*,*,#4747,.F.);
#6912=ORIENTED_EDGE('',*,*,#4794,.F.);
#6913=ORIENTED_EDGE('',*,*,#4791,.F.);
#6914=ORIENTED_EDGE('',*,*,#4788,.F.);
#6915=ORIENTED_EDGE('',*,*,#4785,.F.);
#6916=ORIENTED_EDGE('',*,*,#4782,.F.);
#6917=ORIENTED_EDGE('',*,*,#4779,.F.);
#6918=ORIENTED_EDGE('',*,*,#4776,.F.);
#6919=ORIENTED_EDGE('',*,*,#4772,.F.);
#6920=ORIENTED_EDGE('',*,*,#4769,.F.);
#6921=ORIENTED_EDGE('',*,*,#4766,.F.);
#6922=ORIENTED_EDGE('',*,*,#4763,.F.);
#6923=ORIENTED_EDGE('',*,*,#4760,.F.);
#6924=ORIENTED_EDGE('',*,*,#4757,.F.);
#6925=ORIENTED_EDGE('',*,*,#4754,.F.);
#6926=ORIENTED_EDGE('',*,*,#4751,.F.);
#6927=ORIENTED_EDGE('',*,*,#4795,.T.);
#6928=ORIENTED_EDGE('',*,*,#4796,.T.);
#6929=ORIENTED_EDGE('',*,*,#4797,.T.);
#6930=ORIENTED_EDGE('',*,*,#4798,.T.);
#6931=ORIENTED_EDGE('',*,*,#4799,.T.);
#6932=ORIENTED_EDGE('',*,*,#4800,.T.);
#6933=ORIENTED_EDGE('',*,*,#4801,.T.);
#6934=ORIENTED_EDGE('',*,*,#4802,.T.);
#6935=ORIENTED_EDGE('',*,*,#4803,.T.);
#6936=ORIENTED_EDGE('',*,*,#4804,.T.);
#6937=ORIENTED_EDGE('',*,*,#4805,.T.);
#6938=ORIENTED_EDGE('',*,*,#4806,.T.);
#6939=ORIENTED_EDGE('',*,*,#4807,.T.);
#6940=ORIENTED_EDGE('',*,*,#4808,.T.);
#6941=ORIENTED_EDGE('',*,*,#4809,.T.);
#6942=ORIENTED_EDGE('',*,*,#4810,.T.);
#6943=ORIENTED_EDGE('',*,*,#4811,.T.);
#6944=ORIENTED_EDGE('',*,*,#4812,.T.);
#6945=ORIENTED_EDGE('',*,*,#4810,.F.);
#6946=ORIENTED_EDGE('',*,*,#4813,.F.);
#6947=ORIENTED_EDGE('',*,*,#4814,.T.);
#6948=ORIENTED_EDGE('',*,*,#4813,.T.);
#6949=ORIENTED_EDGE('',*,*,#4809,.F.);
#6950=ORIENTED_EDGE('',*,*,#4815,.F.);
#6951=ORIENTED_EDGE('',*,*,#4816,.T.);
#6952=ORIENTED_EDGE('',*,*,#4815,.T.);
#6953=ORIENTED_EDGE('',*,*,#4808,.F.);
#6954=ORIENTED_EDGE('',*,*,#4817,.F.);
#6955=ORIENTED_EDGE('',*,*,#4818,.T.);
#6956=ORIENTED_EDGE('',*,*,#4817,.T.);
#6957=ORIENTED_EDGE('',*,*,#4807,.F.);
#6958=ORIENTED_EDGE('',*,*,#4819,.F.);
#6959=ORIENTED_EDGE('',*,*,#4820,.T.);
#6960=ORIENTED_EDGE('',*,*,#4819,.T.);
#6961=ORIENTED_EDGE('',*,*,#4806,.F.);
#6962=ORIENTED_EDGE('',*,*,#4821,.F.);
#6963=ORIENTED_EDGE('',*,*,#4822,.T.);
#6964=ORIENTED_EDGE('',*,*,#4821,.T.);
#6965=ORIENTED_EDGE('',*,*,#4805,.F.);
#6966=ORIENTED_EDGE('',*,*,#4823,.F.);
#6967=ORIENTED_EDGE('',*,*,#4824,.T.);
#6968=ORIENTED_EDGE('',*,*,#4823,.T.);
#6969=ORIENTED_EDGE('',*,*,#4804,.F.);
#6970=ORIENTED_EDGE('',*,*,#4825,.F.);
#6971=ORIENTED_EDGE('',*,*,#4826,.T.);
#6972=ORIENTED_EDGE('',*,*,#4825,.T.);
#6973=ORIENTED_EDGE('',*,*,#4803,.F.);
#6974=ORIENTED_EDGE('',*,*,#4827,.F.);
#6975=ORIENTED_EDGE('',*,*,#4828,.T.);
#6976=ORIENTED_EDGE('',*,*,#4827,.T.);
#6977=ORIENTED_EDGE('',*,*,#4802,.F.);
#6978=ORIENTED_EDGE('',*,*,#4829,.F.);
#6979=ORIENTED_EDGE('',*,*,#4830,.T.);
#6980=ORIENTED_EDGE('',*,*,#4829,.T.);
#6981=ORIENTED_EDGE('',*,*,#4801,.F.);
#6982=ORIENTED_EDGE('',*,*,#4831,.F.);
#6983=ORIENTED_EDGE('',*,*,#4832,.T.);
#6984=ORIENTED_EDGE('',*,*,#4831,.T.);
#6985=ORIENTED_EDGE('',*,*,#4800,.F.);
#6986=ORIENTED_EDGE('',*,*,#4833,.F.);
#6987=ORIENTED_EDGE('',*,*,#4834,.T.);
#6988=ORIENTED_EDGE('',*,*,#4833,.T.);
#6989=ORIENTED_EDGE('',*,*,#4799,.F.);
#6990=ORIENTED_EDGE('',*,*,#4835,.F.);
#6991=ORIENTED_EDGE('',*,*,#4836,.T.);
#6992=ORIENTED_EDGE('',*,*,#4835,.T.);
#6993=ORIENTED_EDGE('',*,*,#4798,.F.);
#6994=ORIENTED_EDGE('',*,*,#4837,.F.);
#6995=ORIENTED_EDGE('',*,*,#4838,.T.);
#6996=ORIENTED_EDGE('',*,*,#4837,.T.);
#6997=ORIENTED_EDGE('',*,*,#4797,.F.);
#6998=ORIENTED_EDGE('',*,*,#4839,.F.);
#6999=ORIENTED_EDGE('',*,*,#4840,.T.);
#7000=ORIENTED_EDGE('',*,*,#4839,.T.);
#7001=ORIENTED_EDGE('',*,*,#4796,.F.);
#7002=ORIENTED_EDGE('',*,*,#4841,.F.);
#7003=ORIENTED_EDGE('',*,*,#4842,.T.);
#7004=ORIENTED_EDGE('',*,*,#4841,.T.);
#7005=ORIENTED_EDGE('',*,*,#4795,.F.);
#7006=ORIENTED_EDGE('',*,*,#4812,.F.);
#7007=ORIENTED_EDGE('',*,*,#4774,.F.);
#7008=ORIENTED_EDGE('',*,*,#4775,.F.);
#7009=ORIENTED_EDGE('',*,*,#4778,.F.);
#7010=ORIENTED_EDGE('',*,*,#4781,.F.);
#7011=ORIENTED_EDGE('',*,*,#4784,.F.);
#7012=ORIENTED_EDGE('',*,*,#4787,.F.);
#7013=ORIENTED_EDGE('',*,*,#4790,.F.);
#7014=ORIENTED_EDGE('',*,*,#4793,.F.);
#7015=ORIENTED_EDGE('',*,*,#4749,.F.);
#7016=ORIENTED_EDGE('',*,*,#4753,.F.);
#7017=ORIENTED_EDGE('',*,*,#4756,.F.);
#7018=ORIENTED_EDGE('',*,*,#4759,.F.);
#7019=ORIENTED_EDGE('',*,*,#4762,.F.);
#7020=ORIENTED_EDGE('',*,*,#4765,.F.);
#7021=ORIENTED_EDGE('',*,*,#4768,.F.);
#7022=ORIENTED_EDGE('',*,*,#4771,.F.);
#7023=ORIENTED_EDGE('',*,*,#4842,.F.);
#7024=ORIENTED_EDGE('',*,*,#4811,.F.);
#7025=ORIENTED_EDGE('',*,*,#4814,.F.);
#7026=ORIENTED_EDGE('',*,*,#4816,.F.);
#7027=ORIENTED_EDGE('',*,*,#4818,.F.);
#7028=ORIENTED_EDGE('',*,*,#4820,.F.);
#7029=ORIENTED_EDGE('',*,*,#4822,.F.);
#7030=ORIENTED_EDGE('',*,*,#4824,.F.);
#7031=ORIENTED_EDGE('',*,*,#4826,.F.);
#7032=ORIENTED_EDGE('',*,*,#4828,.F.);
#7033=ORIENTED_EDGE('',*,*,#4830,.F.);
#7034=ORIENTED_EDGE('',*,*,#4832,.F.);
#7035=ORIENTED_EDGE('',*,*,#4834,.F.);
#7036=ORIENTED_EDGE('',*,*,#4836,.F.);
#7037=ORIENTED_EDGE('',*,*,#4838,.F.);
#7038=ORIENTED_EDGE('',*,*,#4840,.F.);
#7039=PLANE('',#7778);
#7040=PLANE('',#7779);
#7041=PLANE('',#7780);
#7042=PLANE('',#7781);
#7043=PLANE('',#7782);
#7044=PLANE('',#7783);
#7045=PLANE('',#7784);
#7046=PLANE('',#7785);
#7047=PLANE('',#7786);
#7048=PLANE('',#7787);
#7049=PLANE('',#7788);
#7050=PLANE('',#7789);
#7051=PLANE('',#7790);
#7052=PLANE('',#7791);
#7053=PLANE('',#7792);
#7054=PLANE('',#7793);
#7055=PLANE('',#7794);
#7056=PLANE('',#7795);
#7057=PLANE('',#7796);
#7058=PLANE('',#7797);
#7059=PLANE('',#7798);
#7060=PLANE('',#7799);
#7061=PLANE('',#7800);
#7062=PLANE('',#7801);
#7063=PLANE('',#7802);
#7064=PLANE('',#7803);
#7065=PLANE('',#7804);
#7066=PLANE('',#7805);
#7067=PLANE('',#7806);
#7068=PLANE('',#7807);
#7069=PLANE('',#7808);
#7070=PLANE('',#7809);
#7071=PLANE('',#7810);
#7072=PLANE('',#7811);
#7073=PLANE('',#7812);
#7074=PLANE('',#7813);
#7075=PLANE('',#7814);
#7076=PLANE('',#7815);
#7077=PLANE('',#7816);
#7078=PLANE('',#7817);
#7079=PLANE('',#7818);
#7080=PLANE('',#7819);
#7081=PLANE('',#7820);
#7082=PLANE('',#7821);
#7083=PLANE('',#7822);
#7084=PLANE('',#7823);
#7085=PLANE('',#7824);
#7086=PLANE('',#7825);
#7087=PLANE('',#7826);
#7088=PLANE('',#7827);
#7089=PLANE('',#7828);
#7090=PLANE('',#7829);
#7091=PLANE('',#7830);
#7092=PLANE('',#7831);
#7093=PLANE('',#7832);
#7094=PLANE('',#7833);
#7095=PLANE('',#7834);
#7096=PLANE('',#7835);
#7097=PLANE('',#7836);
#7098=PLANE('',#7837);
#7099=PLANE('',#7838);
#7100=PLANE('',#7839);
#7101=PLANE('',#7840);
#7102=PLANE('',#7841);
#7103=PLANE('',#7842);
#7104=PLANE('',#7843);
#7105=PLANE('',#7844);
#7106=PLANE('',#7845);
#7107=PLANE('',#7846);
#7108=PLANE('',#7847);
#7109=PLANE('',#7848);
#7110=PLANE('',#7849);
#7111=PLANE('',#7850);
#7112=PLANE('',#7851);
#7113=PLANE('',#7852);
#7114=PLANE('',#7853);
#7115=PLANE('',#7854);
#7116=PLANE('',#7855);
#7117=PLANE('',#7856);
#7118=PLANE('',#7857);
#7119=PLANE('',#7858);
#7120=PLANE('',#7859);
#7121=PLANE('',#7860);
#7122=PLANE('',#7861);
#7123=PLANE('',#7862);
#7124=PLANE('',#7863);
#7125=PLANE('',#7864);
#7126=PLANE('',#7865);
#7127=PLANE('',#7866);
#7128=PLANE('',#7867);
#7129=PLANE('',#7868);
#7130=PLANE('',#7869);
#7131=PLANE('',#7870);
#7132=PLANE('',#7871);
#7133=PLANE('',#7872);
#7134=PLANE('',#7873);
#7135=PLANE('',#7874);
#7136=PLANE('',#7875);
#7137=PLANE('',#7876);
#7138=PLANE('',#7877);
#7139=PLANE('',#7878);
#7140=PLANE('',#7879);
#7141=PLANE('',#7880);
#7142=PLANE('',#7881);
#7143=PLANE('',#7882);
#7144=PLANE('',#7883);
#7145=PLANE('',#7884);
#7146=PLANE('',#7885);
#7147=PLANE('',#7886);
#7148=PLANE('',#7887);
#7149=PLANE('',#7888);
#7150=PLANE('',#7889);
#7151=PLANE('',#7890);
#7152=PLANE('',#7891);
#7153=PLANE('',#7892);
#7154=PLANE('',#7893);
#7155=PLANE('',#7894);
#7156=PLANE('',#7895);
#7157=PLANE('',#7896);
#7158=PLANE('',#7897);
#7159=PLANE('',#7898);
#7160=PLANE('',#7899);
#7161=PLANE('',#7900);
#7162=PLANE('',#7901);
#7163=PLANE('',#7902);
#7164=PLANE('',#7903);
#7165=PLANE('',#7904);
#7166=PLANE('',#7905);
#7167=PLANE('',#7906);
#7168=PLANE('',#7907);
#7169=PLANE('',#7908);
#7170=PLANE('',#7909);
#7171=PLANE('',#7910);
#7172=PLANE('',#7911);
#7173=PLANE('',#7912);
#7174=PLANE('',#7913);
#7175=PLANE('',#7914);
#7176=PLANE('',#7915);
#7177=PLANE('',#7916);
#7178=PLANE('',#7917);
#7179=PLANE('',#7918);
#7180=PLANE('',#7919);
#7181=PLANE('',#7920);
#7182=PLANE('',#7921);
#7183=PLANE('',#7922);
#7184=PLANE('',#7923);
#7185=PLANE('',#7924);
#7186=PLANE('',#7925);
#7187=PLANE('',#7926);
#7188=PLANE('',#7927);
#7189=PLANE('',#7928);
#7190=PLANE('',#7929);
#7191=PLANE('',#7930);
#7192=PLANE('',#7931);
#7193=PLANE('',#7932);
#7194=PLANE('',#7933);
#7195=PLANE('',#7934);
#7196=PLANE('',#7935);
#7197=PLANE('',#7936);
#7198=PLANE('',#7937);
#7199=PLANE('',#7938);
#7200=PLANE('',#7939);
#7201=PLANE('',#7940);
#7202=PLANE('',#7941);
#7203=PLANE('',#7942);
#7204=PLANE('',#7943);
#7205=PLANE('',#7944);
#7206=PLANE('',#7945);
#7207=PLANE('',#7946);
#7208=PLANE('',#7947);
#7209=PLANE('',#7948);
#7210=PLANE('',#7949);
#7211=PLANE('',#7950);
#7212=PLANE('',#7951);
#7213=PLANE('',#7952);
#7214=PLANE('',#7953);
#7215=PLANE('',#7954);
#7216=PLANE('',#7955);
#7217=PLANE('',#7956);
#7218=PLANE('',#7957);
#7219=PLANE('',#7958);
#7220=PLANE('',#7959);
#7221=PLANE('',#7960);
#7222=PLANE('',#7961);
#7223=PLANE('',#7962);
#7224=PLANE('',#7963);
#7225=PLANE('',#7964);
#7226=PLANE('',#7965);
#7227=PLANE('',#7966);
#7228=PLANE('',#7967);
#7229=PLANE('',#7968);
#7230=PLANE('',#7969);
#7231=PLANE('',#7970);
#7232=PLANE('',#7971);
#7233=PLANE('',#7972);
#7234=PLANE('',#7973);
#7235=PLANE('',#7974);
#7236=PLANE('',#7975);
#7237=PLANE('',#7976);
#7238=PLANE('',#7977);
#7239=PLANE('',#7978);
#7240=PLANE('',#7979);
#7241=PLANE('',#7980);
#7242=PLANE('',#7981);
#7243=PLANE('',#7982);
#7244=PLANE('',#7983);
#7245=PLANE('',#7984);
#7246=PLANE('',#7985);
#7247=PLANE('',#7986);
#7248=PLANE('',#7987);
#7249=PLANE('',#7988);
#7250=PLANE('',#7989);
#7251=PLANE('',#7990);
#7252=PLANE('',#7991);
#7253=PLANE('',#7992);
#7254=PLANE('',#7993);
#7255=PLANE('',#7994);
#7256=PLANE('',#7995);
#7257=PLANE('',#7996);
#7258=PLANE('',#7997);
#7259=PLANE('',#7998);
#7260=PLANE('',#7999);
#7261=PLANE('',#8000);
#7262=PLANE('',#8001);
#7263=PLANE('',#8002);
#7264=PLANE('',#8003);
#7265=PLANE('',#8004);
#7266=PLANE('',#8005);
#7267=PLANE('',#8006);
#7268=PLANE('',#8007);
#7269=PLANE('',#8008);
#7270=PLANE('',#8009);
#7271=PLANE('',#8010);
#7272=PLANE('',#8011);
#7273=PLANE('',#8012);
#7274=PLANE('',#8013);
#7275=PLANE('',#8014);
#7276=PLANE('',#8015);
#7277=PLANE('',#8016);
#7278=PLANE('',#8017);
#7279=PLANE('',#8018);
#7280=PLANE('',#8019);
#7281=PLANE('',#8020);
#7282=PLANE('',#8021);
#7283=PLANE('',#8022);
#7284=PLANE('',#8023);
#7285=PLANE('',#8024);
#7286=PLANE('',#8025);
#7287=PLANE('',#8026);
#7288=PLANE('',#8027);
#7289=PLANE('',#8028);
#7290=PLANE('',#8029);
#7291=PLANE('',#8030);
#7292=PLANE('',#8031);
#7293=PLANE('',#8032);
#7294=PLANE('',#8033);
#7295=PLANE('',#8034);
#7296=PLANE('',#8035);
#7297=PLANE('',#8036);
#7298=PLANE('',#8037);
#7299=PLANE('',#8038);
#7300=PLANE('',#8039);
#7301=PLANE('',#8040);
#7302=PLANE('',#8041);
#7303=PLANE('',#8042);
#7304=PLANE('',#8043);
#7305=PLANE('',#8044);
#7306=PLANE('',#8045);
#7307=PLANE('',#8046);
#7308=PLANE('',#8047);
#7309=PLANE('',#8048);
#7310=PLANE('',#8049);
#7311=PLANE('',#8050);
#7312=PLANE('',#8051);
#7313=PLANE('',#8052);
#7314=PLANE('',#8053);
#7315=PLANE('',#8054);
#7316=PLANE('',#8055);
#7317=PLANE('',#8056);
#7318=PLANE('',#8057);
#7319=PLANE('',#8058);
#7320=PLANE('',#8059);
#7321=PLANE('',#8060);
#7322=PLANE('',#8061);
#7323=PLANE('',#8062);
#7324=PLANE('',#8063);
#7325=PLANE('',#8064);
#7326=PLANE('',#8065);
#7327=PLANE('',#8066);
#7328=PLANE('',#8067);
#7329=PLANE('',#8068);
#7330=PLANE('',#8069);
#7331=PLANE('',#8070);
#7332=PLANE('',#8071);
#7333=PLANE('',#8072);
#7334=PLANE('',#8073);
#7335=PLANE('',#8074);
#7336=PLANE('',#8075);
#7337=PLANE('',#8076);
#7338=PLANE('',#8077);
#7339=PLANE('',#8078);
#7340=PLANE('',#8079);
#7341=PLANE('',#8080);
#7342=PLANE('',#8081);
#7343=PLANE('',#8082);
#7344=PLANE('',#8083);
#7345=PLANE('',#8084);
#7346=PLANE('',#8085);
#7347=PLANE('',#8086);
#7348=PLANE('',#8087);
#7349=PLANE('',#8088);
#7350=PLANE('',#8089);
#7351=PLANE('',#8090);
#7352=PLANE('',#8091);
#7353=PLANE('',#8092);
#7354=PLANE('',#8093);
#7355=PLANE('',#8094);
#7356=PLANE('',#8095);
#7357=PLANE('',#8096);
#7358=PLANE('',#8097);
#7359=PLANE('',#8098);
#7360=PLANE('',#8099);
#7361=PLANE('',#8100);
#7362=PLANE('',#8101);
#7363=PLANE('',#8102);
#7364=PLANE('',#8103);
#7365=PLANE('',#8104);
#7366=PLANE('',#8105);
#7367=PLANE('',#8106);
#7368=PLANE('',#8107);
#7369=PLANE('',#8108);
#7370=PLANE('',#8109);
#7371=PLANE('',#8110);
#7372=PLANE('',#8111);
#7373=PLANE('',#8112);
#7374=PLANE('',#8113);
#7375=PLANE('',#8146);
#7376=PLANE('',#8147);
#7377=PLANE('',#8148);
#7378=PLANE('',#8149);
#7379=PLANE('',#8150);
#7380=PLANE('',#8151);
#7381=PLANE('',#8152);
#7382=PLANE('',#8153);
#7383=PLANE('',#8154);
#7384=PLANE('',#8155);
#7385=PLANE('',#8156);
#7386=PLANE('',#8157);
#7387=PLANE('',#8158);
#7388=PLANE('',#8159);
#7389=PLANE('',#8160);
#7390=PLANE('',#8161);
#7391=PLANE('',#8162);
#7392=PLANE('',#8163);
#7393=ADVANCED_FACE('',(#79),#7039,.T.);
#7394=ADVANCED_FACE('',(#80),#7040,.T.);
#7395=ADVANCED_FACE('',(#81),#7041,.T.);
#7396=ADVANCED_FACE('',(#82,#49,#50,#51,#52,#53,#54,#55,#56,#57,#58,#59,
#60,#61,#62),#7042,.T.);
#7397=ADVANCED_FACE('',(#83),#7043,.T.);
#7398=ADVANCED_FACE('',(#84),#7044,.T.);
#7399=ADVANCED_FACE('',(#85),#7045,.T.);
#7400=ADVANCED_FACE('',(#86),#7046,.T.);
#7401=ADVANCED_FACE('',(#87),#7047,.T.);
#7402=ADVANCED_FACE('',(#88),#7048,.T.);
#7403=ADVANCED_FACE('',(#89),#7049,.T.);
#7404=ADVANCED_FACE('',(#90),#7050,.T.);
#7405=ADVANCED_FACE('',(#91),#7051,.T.);
#7406=ADVANCED_FACE('',(#92),#7052,.T.);
#7407=ADVANCED_FACE('',(#93),#7053,.T.);
#7408=ADVANCED_FACE('',(#94),#7054,.T.);
#7409=ADVANCED_FACE('',(#95),#7055,.T.);
#7410=ADVANCED_FACE('',(#96),#7056,.T.);
#7411=ADVANCED_FACE('',(#97),#7057,.T.);
#7412=ADVANCED_FACE('',(#98),#7058,.T.);
#7413=ADVANCED_FACE('',(#99),#7059,.T.);
#7414=ADVANCED_FACE('',(#100),#7060,.T.);
#7415=ADVANCED_FACE('',(#101),#7061,.T.);
#7416=ADVANCED_FACE('',(#102),#7062,.T.);
#7417=ADVANCED_FACE('',(#103),#7063,.T.);
#7418=ADVANCED_FACE('',(#104),#7064,.T.);
#7419=ADVANCED_FACE('',(#105),#7065,.T.);
#7420=ADVANCED_FACE('',(#106),#7066,.T.);
#7421=ADVANCED_FACE('',(#107),#7067,.T.);
#7422=ADVANCED_FACE('',(#108),#7068,.T.);
#7423=ADVANCED_FACE('',(#109),#7069,.T.);
#7424=ADVANCED_FACE('',(#110),#7070,.T.);
#7425=ADVANCED_FACE('',(#111),#7071,.T.);
#7426=ADVANCED_FACE('',(#112),#7072,.T.);
#7427=ADVANCED_FACE('',(#113),#7073,.T.);
#7428=ADVANCED_FACE('',(#114),#7074,.T.);
#7429=ADVANCED_FACE('',(#115),#7075,.T.);
#7430=ADVANCED_FACE('',(#116),#7076,.T.);
#7431=ADVANCED_FACE('',(#117),#7077,.T.);
#7432=ADVANCED_FACE('',(#118),#7078,.T.);
#7433=ADVANCED_FACE('',(#119),#7079,.T.);
#7434=ADVANCED_FACE('',(#120),#7080,.T.);
#7435=ADVANCED_FACE('',(#121),#7081,.T.);
#7436=ADVANCED_FACE('',(#122),#7082,.T.);
#7437=ADVANCED_FACE('',(#123),#7083,.T.);
#7438=ADVANCED_FACE('',(#124),#7084,.T.);
#7439=ADVANCED_FACE('',(#125),#7085,.T.);
#7440=ADVANCED_FACE('',(#126),#7086,.T.);
#7441=ADVANCED_FACE('',(#127),#7087,.T.);
#7442=ADVANCED_FACE('',(#128),#7088,.T.);
#7443=ADVANCED_FACE('',(#129),#7089,.T.);
#7444=ADVANCED_FACE('',(#130),#7090,.T.);
#7445=ADVANCED_FACE('',(#131),#7091,.T.);
#7446=ADVANCED_FACE('',(#132),#7092,.T.);
#7447=ADVANCED_FACE('',(#133),#7093,.T.);
#7448=ADVANCED_FACE('',(#134),#7094,.T.);
#7449=ADVANCED_FACE('',(#135),#7095,.T.);
#7450=ADVANCED_FACE('',(#136),#7096,.T.);
#7451=ADVANCED_FACE('',(#137),#7097,.T.);
#7452=ADVANCED_FACE('',(#138),#7098,.T.);
#7453=ADVANCED_FACE('',(#139),#7099,.T.);
#7454=ADVANCED_FACE('',(#140),#7100,.T.);
#7455=ADVANCED_FACE('',(#141),#7101,.T.);
#7456=ADVANCED_FACE('',(#142),#7102,.T.);
#7457=ADVANCED_FACE('',(#143),#7103,.T.);
#7458=ADVANCED_FACE('',(#144),#7104,.T.);
#7459=ADVANCED_FACE('',(#145),#7105,.T.);
#7460=ADVANCED_FACE('',(#146),#7106,.T.);
#7461=ADVANCED_FACE('',(#147),#7107,.T.);
#7462=ADVANCED_FACE('',(#148),#7108,.T.);
#7463=ADVANCED_FACE('',(#149),#7109,.T.);
#7464=ADVANCED_FACE('',(#150),#7110,.T.);
#7465=ADVANCED_FACE('',(#151),#7111,.T.);
#7466=ADVANCED_FACE('',(#152),#7112,.T.);
#7467=ADVANCED_FACE('',(#153),#7113,.T.);
#7468=ADVANCED_FACE('',(#154),#7114,.T.);
#7469=ADVANCED_FACE('',(#155),#7115,.T.);
#7470=ADVANCED_FACE('',(#156),#7116,.T.);
#7471=ADVANCED_FACE('',(#157),#7117,.T.);
#7472=ADVANCED_FACE('',(#158),#7118,.T.);
#7473=ADVANCED_FACE('',(#159),#7119,.T.);
#7474=ADVANCED_FACE('',(#160),#7120,.T.);
#7475=ADVANCED_FACE('',(#161),#7121,.T.);
#7476=ADVANCED_FACE('',(#162),#7122,.T.);
#7477=ADVANCED_FACE('',(#163),#7123,.T.);
#7478=ADVANCED_FACE('',(#164),#7124,.T.);
#7479=ADVANCED_FACE('',(#165),#7125,.T.);
#7480=ADVANCED_FACE('',(#166),#7126,.T.);
#7481=ADVANCED_FACE('',(#167),#7127,.T.);
#7482=ADVANCED_FACE('',(#168),#7128,.T.);
#7483=ADVANCED_FACE('',(#169),#7129,.T.);
#7484=ADVANCED_FACE('',(#170),#7130,.T.);
#7485=ADVANCED_FACE('',(#171),#7131,.T.);
#7486=ADVANCED_FACE('',(#172),#7132,.T.);
#7487=ADVANCED_FACE('',(#173),#7133,.T.);
#7488=ADVANCED_FACE('',(#174),#7134,.T.);
#7489=ADVANCED_FACE('',(#175),#7135,.T.);
#7490=ADVANCED_FACE('',(#176),#7136,.T.);
#7491=ADVANCED_FACE('',(#177),#7137,.T.);
#7492=ADVANCED_FACE('',(#178),#7138,.T.);
#7493=ADVANCED_FACE('',(#179),#7139,.T.);
#7494=ADVANCED_FACE('',(#180),#7140,.T.);
#7495=ADVANCED_FACE('',(#181),#7141,.T.);
#7496=ADVANCED_FACE('',(#182),#7142,.T.);
#7497=ADVANCED_FACE('',(#183),#7143,.T.);
#7498=ADVANCED_FACE('',(#184),#7144,.T.);
#7499=ADVANCED_FACE('',(#185),#7145,.T.);
#7500=ADVANCED_FACE('',(#186),#7146,.T.);
#7501=ADVANCED_FACE('',(#187),#7147,.T.);
#7502=ADVANCED_FACE('',(#188),#7148,.T.);
#7503=ADVANCED_FACE('',(#189),#7149,.T.);
#7504=ADVANCED_FACE('',(#190),#7150,.T.);
#7505=ADVANCED_FACE('',(#191),#7151,.T.);
#7506=ADVANCED_FACE('',(#192),#7152,.T.);
#7507=ADVANCED_FACE('',(#193),#7153,.T.);
#7508=ADVANCED_FACE('',(#194),#7154,.T.);
#7509=ADVANCED_FACE('',(#195),#7155,.T.);
#7510=ADVANCED_FACE('',(#196),#7156,.T.);
#7511=ADVANCED_FACE('',(#197),#7157,.T.);
#7512=ADVANCED_FACE('',(#198),#7158,.T.);
#7513=ADVANCED_FACE('',(#199),#7159,.T.);
#7514=ADVANCED_FACE('',(#200),#7160,.T.);
#7515=ADVANCED_FACE('',(#201),#7161,.T.);
#7516=ADVANCED_FACE('',(#202),#7162,.T.);
#7517=ADVANCED_FACE('',(#203),#7163,.T.);
#7518=ADVANCED_FACE('',(#204),#7164,.T.);
#7519=ADVANCED_FACE('',(#205),#7165,.T.);
#7520=ADVANCED_FACE('',(#206),#7166,.T.);
#7521=ADVANCED_FACE('',(#207),#7167,.T.);
#7522=ADVANCED_FACE('',(#208),#7168,.T.);
#7523=ADVANCED_FACE('',(#209),#7169,.T.);
#7524=ADVANCED_FACE('',(#210),#7170,.T.);
#7525=ADVANCED_FACE('',(#211),#7171,.T.);
#7526=ADVANCED_FACE('',(#212),#7172,.T.);
#7527=ADVANCED_FACE('',(#213),#7173,.T.);
#7528=ADVANCED_FACE('',(#214),#7174,.T.);
#7529=ADVANCED_FACE('',(#215),#7175,.T.);
#7530=ADVANCED_FACE('',(#216),#7176,.T.);
#7531=ADVANCED_FACE('',(#217),#7177,.T.);
#7532=ADVANCED_FACE('',(#218),#7178,.T.);
#7533=ADVANCED_FACE('',(#219),#7179,.T.);
#7534=ADVANCED_FACE('',(#220),#7180,.T.);
#7535=ADVANCED_FACE('',(#221),#7181,.T.);
#7536=ADVANCED_FACE('',(#222),#7182,.T.);
#7537=ADVANCED_FACE('',(#223),#7183,.T.);
#7538=ADVANCED_FACE('',(#224),#7184,.T.);
#7539=ADVANCED_FACE('',(#225),#7185,.T.);
#7540=ADVANCED_FACE('',(#226),#7186,.T.);
#7541=ADVANCED_FACE('',(#227),#7187,.T.);
#7542=ADVANCED_FACE('',(#228),#7188,.T.);
#7543=ADVANCED_FACE('',(#229),#7189,.T.);
#7544=ADVANCED_FACE('',(#230),#7190,.T.);
#7545=ADVANCED_FACE('',(#231),#7191,.T.);
#7546=ADVANCED_FACE('',(#232),#7192,.T.);
#7547=ADVANCED_FACE('',(#233),#7193,.T.);
#7548=ADVANCED_FACE('',(#234),#7194,.T.);
#7549=ADVANCED_FACE('',(#235),#7195,.T.);
#7550=ADVANCED_FACE('',(#236),#7196,.T.);
#7551=ADVANCED_FACE('',(#237),#7197,.T.);
#7552=ADVANCED_FACE('',(#238),#7198,.T.);
#7553=ADVANCED_FACE('',(#239),#7199,.T.);
#7554=ADVANCED_FACE('',(#240),#7200,.T.);
#7555=ADVANCED_FACE('',(#241),#7201,.T.);
#7556=ADVANCED_FACE('',(#242),#7202,.T.);
#7557=ADVANCED_FACE('',(#243),#7203,.T.);
#7558=ADVANCED_FACE('',(#244),#7204,.T.);
#7559=ADVANCED_FACE('',(#245),#7205,.T.);
#7560=ADVANCED_FACE('',(#246),#7206,.T.);
#7561=ADVANCED_FACE('',(#247),#7207,.T.);
#7562=ADVANCED_FACE('',(#248),#7208,.T.);
#7563=ADVANCED_FACE('',(#249),#7209,.T.);
#7564=ADVANCED_FACE('',(#250),#7210,.T.);
#7565=ADVANCED_FACE('',(#251),#7211,.T.);
#7566=ADVANCED_FACE('',(#252),#7212,.T.);
#7567=ADVANCED_FACE('',(#253),#7213,.T.);
#7568=ADVANCED_FACE('',(#254),#7214,.T.);
#7569=ADVANCED_FACE('',(#255),#7215,.T.);
#7570=ADVANCED_FACE('',(#256),#7216,.T.);
#7571=ADVANCED_FACE('',(#257),#7217,.T.);
#7572=ADVANCED_FACE('',(#258),#7218,.T.);
#7573=ADVANCED_FACE('',(#259),#7219,.T.);
#7574=ADVANCED_FACE('',(#260),#7220,.T.);
#7575=ADVANCED_FACE('',(#261),#7221,.T.);
#7576=ADVANCED_FACE('',(#262),#7222,.T.);
#7577=ADVANCED_FACE('',(#263),#7223,.T.);
#7578=ADVANCED_FACE('',(#264),#7224,.T.);
#7579=ADVANCED_FACE('',(#265),#7225,.T.);
#7580=ADVANCED_FACE('',(#266),#7226,.T.);
#7581=ADVANCED_FACE('',(#267),#7227,.T.);
#7582=ADVANCED_FACE('',(#268),#7228,.T.);
#7583=ADVANCED_FACE('',(#269),#7229,.T.);
#7584=ADVANCED_FACE('',(#270),#7230,.T.);
#7585=ADVANCED_FACE('',(#271),#7231,.T.);
#7586=ADVANCED_FACE('',(#272),#7232,.T.);
#7587=ADVANCED_FACE('',(#273),#7233,.T.);
#7588=ADVANCED_FACE('',(#274),#7234,.T.);
#7589=ADVANCED_FACE('',(#275),#7235,.T.);
#7590=ADVANCED_FACE('',(#276),#7236,.T.);
#7591=ADVANCED_FACE('',(#277),#7237,.T.);
#7592=ADVANCED_FACE('',(#278),#7238,.T.);
#7593=ADVANCED_FACE('',(#279),#7239,.T.);
#7594=ADVANCED_FACE('',(#280),#7240,.T.);
#7595=ADVANCED_FACE('',(#281),#7241,.T.);
#7596=ADVANCED_FACE('',(#282),#7242,.T.);
#7597=ADVANCED_FACE('',(#283),#7243,.T.);
#7598=ADVANCED_FACE('',(#284),#7244,.T.);
#7599=ADVANCED_FACE('',(#285),#7245,.T.);
#7600=ADVANCED_FACE('',(#286),#7246,.T.);
#7601=ADVANCED_FACE('',(#287),#7247,.T.);
#7602=ADVANCED_FACE('',(#288),#7248,.T.);
#7603=ADVANCED_FACE('',(#289),#7249,.T.);
#7604=ADVANCED_FACE('',(#290),#7250,.T.);
#7605=ADVANCED_FACE('',(#291),#7251,.T.);
#7606=ADVANCED_FACE('',(#292),#7252,.T.);
#7607=ADVANCED_FACE('',(#293),#7253,.T.);
#7608=ADVANCED_FACE('',(#294),#7254,.T.);
#7609=ADVANCED_FACE('',(#295),#7255,.T.);
#7610=ADVANCED_FACE('',(#296),#7256,.T.);
#7611=ADVANCED_FACE('',(#297),#7257,.T.);
#7612=ADVANCED_FACE('',(#298),#7258,.T.);
#7613=ADVANCED_FACE('',(#299),#7259,.T.);
#7614=ADVANCED_FACE('',(#300),#7260,.T.);
#7615=ADVANCED_FACE('',(#301),#7261,.T.);
#7616=ADVANCED_FACE('',(#302),#7262,.T.);
#7617=ADVANCED_FACE('',(#303),#7263,.T.);
#7618=ADVANCED_FACE('',(#304),#7264,.T.);
#7619=ADVANCED_FACE('',(#305),#7265,.T.);
#7620=ADVANCED_FACE('',(#306),#7266,.T.);
#7621=ADVANCED_FACE('',(#307),#7267,.T.);
#7622=ADVANCED_FACE('',(#308),#7268,.T.);
#7623=ADVANCED_FACE('',(#309),#7269,.T.);
#7624=ADVANCED_FACE('',(#310),#7270,.T.);
#7625=ADVANCED_FACE('',(#311),#7271,.T.);
#7626=ADVANCED_FACE('',(#312),#7272,.T.);
#7627=ADVANCED_FACE('',(#313),#7273,.T.);
#7628=ADVANCED_FACE('',(#314),#7274,.T.);
#7629=ADVANCED_FACE('',(#315),#7275,.T.);
#7630=ADVANCED_FACE('',(#316),#7276,.T.);
#7631=ADVANCED_FACE('',(#317),#7277,.T.);
#7632=ADVANCED_FACE('',(#318),#7278,.T.);
#7633=ADVANCED_FACE('',(#319),#7279,.T.);
#7634=ADVANCED_FACE('',(#320),#7280,.T.);
#7635=ADVANCED_FACE('',(#321),#7281,.T.);
#7636=ADVANCED_FACE('',(#322),#7282,.T.);
#7637=ADVANCED_FACE('',(#323),#7283,.T.);
#7638=ADVANCED_FACE('',(#324),#7284,.T.);
#7639=ADVANCED_FACE('',(#325),#7285,.T.);
#7640=ADVANCED_FACE('',(#326),#7286,.T.);
#7641=ADVANCED_FACE('',(#327),#7287,.T.);
#7642=ADVANCED_FACE('',(#328),#7288,.T.);
#7643=ADVANCED_FACE('',(#329),#7289,.T.);
#7644=ADVANCED_FACE('',(#330),#7290,.T.);
#7645=ADVANCED_FACE('',(#331),#7291,.T.);
#7646=ADVANCED_FACE('',(#332),#7292,.T.);
#7647=ADVANCED_FACE('',(#333),#7293,.T.);
#7648=ADVANCED_FACE('',(#334),#7294,.T.);
#7649=ADVANCED_FACE('',(#335),#7295,.T.);
#7650=ADVANCED_FACE('',(#336),#7296,.T.);
#7651=ADVANCED_FACE('',(#337),#7297,.T.);
#7652=ADVANCED_FACE('',(#338),#7298,.T.);
#7653=ADVANCED_FACE('',(#339),#7299,.T.);
#7654=ADVANCED_FACE('',(#340),#7300,.T.);
#7655=ADVANCED_FACE('',(#341),#7301,.T.);
#7656=ADVANCED_FACE('',(#342),#7302,.T.);
#7657=ADVANCED_FACE('',(#343),#7303,.T.);
#7658=ADVANCED_FACE('',(#344),#7304,.T.);
#7659=ADVANCED_FACE('',(#345),#7305,.T.);
#7660=ADVANCED_FACE('',(#346),#7306,.T.);
#7661=ADVANCED_FACE('',(#347),#7307,.T.);
#7662=ADVANCED_FACE('',(#348),#7308,.T.);
#7663=ADVANCED_FACE('',(#349),#7309,.T.);
#7664=ADVANCED_FACE('',(#350),#7310,.T.);
#7665=ADVANCED_FACE('',(#351),#7311,.T.);
#7666=ADVANCED_FACE('',(#352),#7312,.T.);
#7667=ADVANCED_FACE('',(#353),#7313,.T.);
#7668=ADVANCED_FACE('',(#354),#7314,.T.);
#7669=ADVANCED_FACE('',(#355),#7315,.T.);
#7670=ADVANCED_FACE('',(#356),#7316,.T.);
#7671=ADVANCED_FACE('',(#357),#7317,.T.);
#7672=ADVANCED_FACE('',(#358),#7318,.T.);
#7673=ADVANCED_FACE('',(#359),#7319,.T.);
#7674=ADVANCED_FACE('',(#360),#7320,.T.);
#7675=ADVANCED_FACE('',(#361),#7321,.T.);
#7676=ADVANCED_FACE('',(#362),#7322,.T.);
#7677=ADVANCED_FACE('',(#363),#7323,.T.);
#7678=ADVANCED_FACE('',(#364),#7324,.T.);
#7679=ADVANCED_FACE('',(#365),#7325,.T.);
#7680=ADVANCED_FACE('',(#366),#7326,.T.);
#7681=ADVANCED_FACE('',(#367),#7327,.T.);
#7682=ADVANCED_FACE('',(#368),#7328,.T.);
#7683=ADVANCED_FACE('',(#369),#7329,.T.);
#7684=ADVANCED_FACE('',(#370),#7330,.T.);
#7685=ADVANCED_FACE('',(#371),#7331,.T.);
#7686=ADVANCED_FACE('',(#372),#7332,.T.);
#7687=ADVANCED_FACE('',(#373),#7333,.T.);
#7688=ADVANCED_FACE('',(#374),#7334,.T.);
#7689=ADVANCED_FACE('',(#375),#7335,.T.);
#7690=ADVANCED_FACE('',(#376),#7336,.T.);
#7691=ADVANCED_FACE('',(#377),#7337,.T.);
#7692=ADVANCED_FACE('',(#378),#7338,.T.);
#7693=ADVANCED_FACE('',(#379),#7339,.T.);
#7694=ADVANCED_FACE('',(#380),#7340,.T.);
#7695=ADVANCED_FACE('',(#381),#7341,.T.);
#7696=ADVANCED_FACE('',(#382),#7342,.T.);
#7697=ADVANCED_FACE('',(#383),#7343,.T.);
#7698=ADVANCED_FACE('',(#384),#7344,.T.);
#7699=ADVANCED_FACE('',(#385),#7345,.T.);
#7700=ADVANCED_FACE('',(#386),#7346,.T.);
#7701=ADVANCED_FACE('',(#387),#7347,.T.);
#7702=ADVANCED_FACE('',(#388),#7348,.T.);
#7703=ADVANCED_FACE('',(#389),#7349,.T.);
#7704=ADVANCED_FACE('',(#390),#7350,.T.);
#7705=ADVANCED_FACE('',(#391),#7351,.T.);
#7706=ADVANCED_FACE('',(#392),#7352,.T.);
#7707=ADVANCED_FACE('',(#393),#7353,.T.);
#7708=ADVANCED_FACE('',(#394),#7354,.T.);
#7709=ADVANCED_FACE('',(#395),#7355,.T.);
#7710=ADVANCED_FACE('',(#396),#7356,.T.);
#7711=ADVANCED_FACE('',(#397),#7357,.T.);
#7712=ADVANCED_FACE('',(#398),#7358,.T.);
#7713=ADVANCED_FACE('',(#399),#7359,.T.);
#7714=ADVANCED_FACE('',(#400),#7360,.T.);
#7715=ADVANCED_FACE('',(#401),#7361,.T.);
#7716=ADVANCED_FACE('',(#402),#7362,.T.);
#7717=ADVANCED_FACE('',(#403),#7363,.T.);
#7718=ADVANCED_FACE('',(#404),#7364,.T.);
#7719=ADVANCED_FACE('',(#405),#7365,.T.);
#7720=ADVANCED_FACE('',(#406),#7366,.T.);
#7721=ADVANCED_FACE('',(#407),#7367,.T.);
#7722=ADVANCED_FACE('',(#408),#7368,.T.);
#7723=ADVANCED_FACE('',(#409),#7369,.T.);
#7724=ADVANCED_FACE('',(#410),#7370,.T.);
#7725=ADVANCED_FACE('',(#411),#7371,.T.);
#7726=ADVANCED_FACE('',(#412),#7372,.T.);
#7727=ADVANCED_FACE('',(#413),#7373,.T.);
#7728=ADVANCED_FACE('',(#414,#63,#64,#65,#66,#67,#68,#69,#70,#71,#72,#73,
#74,#75,#76),#7374,.F.);
#7729=ADVANCED_FACE('',(#415),#29,.T.);
#7730=ADVANCED_FACE('',(#416),#30,.T.);
#7731=ADVANCED_FACE('',(#417),#31,.T.);
#7732=ADVANCED_FACE('',(#418),#32,.T.);
#7733=ADVANCED_FACE('',(#419),#33,.T.);
#7734=ADVANCED_FACE('',(#420),#34,.T.);
#7735=ADVANCED_FACE('',(#421),#35,.T.);
#7736=ADVANCED_FACE('',(#422),#36,.T.);
#7737=ADVANCED_FACE('',(#423),#37,.T.);
#7738=ADVANCED_FACE('',(#424),#38,.T.);
#7739=ADVANCED_FACE('',(#425),#39,.T.);
#7740=ADVANCED_FACE('',(#426),#40,.T.);
#7741=ADVANCED_FACE('',(#427),#41,.T.);
#7742=ADVANCED_FACE('',(#428),#42,.T.);
#7743=ADVANCED_FACE('',(#429),#43,.T.);
#7744=ADVANCED_FACE('',(#430),#44,.T.);
#7745=ADVANCED_FACE('',(#431,#77),#7375,.T.);
#7746=ADVANCED_FACE('',(#432),#7376,.T.);
#7747=ADVANCED_FACE('',(#433),#7377,.T.);
#7748=ADVANCED_FACE('',(#434),#7378,.T.);
#7749=ADVANCED_FACE('',(#435),#7379,.T.);
#7750=ADVANCED_FACE('',(#436),#7380,.T.);
#7751=ADVANCED_FACE('',(#437),#7381,.T.);
#7752=ADVANCED_FACE('',(#438),#7382,.T.);
#7753=ADVANCED_FACE('',(#439),#7383,.T.);
#7754=ADVANCED_FACE('',(#440),#7384,.T.);
#7755=ADVANCED_FACE('',(#441),#7385,.T.);
#7756=ADVANCED_FACE('',(#442),#7386,.T.);
#7757=ADVANCED_FACE('',(#443),#7387,.T.);
#7758=ADVANCED_FACE('',(#444),#7388,.T.);
#7759=ADVANCED_FACE('',(#445),#7389,.T.);
#7760=ADVANCED_FACE('',(#446),#7390,.T.);
#7761=ADVANCED_FACE('',(#447),#7391,.T.);
#7762=ADVANCED_FACE('',(#448,#78),#7392,.F.);
#7763=CLOSED_SHELL('',(#7393,#7394,#7395,#7396,#7397,#7398,#7399,#7400,
#7401,#7402,#7403,#7404,#7405,#7406,#7407,#7408,#7409,#7410,#7411,#7412,
#7413,#7414,#7415,#7416,#7417,#7418,#7419,#7420,#7421,#7422,#7423,#7424,
#7425,#7426,#7427,#7428,#7429,#7430,#7431,#7432,#7433,#7434,#7435,#7436,
#7437,#7438,#7439,#7440,#7441,#7442,#7443,#7444,#7445,#7446,#7447,#7448,
#7449,#7450,#7451,#7452,#7453,#7454,#7455,#7456,#7457,#7458,#7459,#7460,
#7461,#7462,#7463,#7464,#7465,#7466,#7467,#7468,#7469,#7470,#7471,#7472,
#7473,#7474,#7475,#7476,#7477,#7478,#7479,#7480,#7481,#7482,#7483,#7484,
#7485,#7486,#7487,#7488,#7489,#7490,#7491,#7492,#7493,#7494,#7495,#7496,
#7497,#7498,#7499,#7500,#7501,#7502,#7503,#7504,#7505,#7506,#7507,#7508,
#7509,#7510,#7511,#7512,#7513,#7514,#7515,#7516,#7517,#7518,#7519,#7520,
#7521,#7522,#7523,#7524,#7525,#7526,#7527,#7528,#7529,#7530,#7531,#7532,
#7533,#7534,#7535,#7536,#7537,#7538,#7539,#7540,#7541,#7542,#7543,#7544,
#7545,#7546,#7547,#7548,#7549,#7550,#7551,#7552,#7553,#7554,#7555,#7556,
#7557,#7558,#7559,#7560,#7561,#7562,#7563,#7564,#7565,#7566,#7567,#7568,
#7569,#7570,#7571,#7572,#7573,#7574,#7575,#7576,#7577,#7578,#7579,#7580,
#7581,#7582,#7583,#7584,#7585,#7586,#7587,#7588,#7589,#7590,#7591,#7592,
#7593,#7594,#7595,#7596,#7597,#7598,#7599,#7600,#7601,#7602,#7603,#7604,
#7605,#7606,#7607,#7608,#7609,#7610,#7611,#7612,#7613,#7614,#7615,#7616,
#7617,#7618,#7619,#7620,#7621,#7622,#7623,#7624,#7625,#7626,#7627,#7628,
#7629,#7630,#7631,#7632,#7633,#7634,#7635,#7636,#7637,#7638,#7639,#7640,
#7641,#7642,#7643,#7644,#7645,#7646,#7647,#7648,#7649,#7650,#7651,#7652,
#7653,#7654,#7655,#7656,#7657,#7658,#7659,#7660,#7661,#7662,#7663,#7664,
#7665,#7666,#7667,#7668,#7669,#7670,#7671,#7672,#7673,#7674,#7675,#7676,
#7677,#7678,#7679,#7680,#7681,#7682,#7683,#7684,#7685,#7686,#7687,#7688,
#7689,#7690,#7691,#7692,#7693,#7694,#7695,#7696,#7697,#7698,#7699,#7700,
#7701,#7702,#7703,#7704,#7705,#7706,#7707,#7708,#7709,#7710,#7711,#7712,
#7713,#7714,#7715,#7716,#7717,#7718,#7719,#7720,#7721,#7722,#7723,#7724,
#7725,#7726,#7727,#7728));
#7764=CLOSED_SHELL('',(#7729,#7730,#7731,#7732,#7733,#7734,#7735,#7736,
#7737,#7738,#7739,#7740,#7741,#7742,#7743,#7744,#7745,#7746,#7747,#7748,
#7749,#7750,#7751,#7752,#7753,#7754,#7755,#7756,#7757,#7758,#7759,#7760,
#7761,#7762));
#7765=DERIVED_UNIT_ELEMENT(#7767,1.);
#7766=DERIVED_UNIT_ELEMENT(#12226,-3.);
#7767=(
MASS_UNIT()
NAMED_UNIT(*)
SI_UNIT(.KILO.,.GRAM.)
);
#7768=DERIVED_UNIT((#7765,#7766));
#7769=MEASURE_REPRESENTATION_ITEM('density measure',
POSITIVE_RATIO_MEASURE(7850.),#7768);
#7770=PROPERTY_DEFINITION_REPRESENTATION(#7775,#7772);
#7771=PROPERTY_DEFINITION_REPRESENTATION(#7776,#7773);
#7772=REPRESENTATION('material name',(#7774),#12223);
#7773=REPRESENTATION('density',(#7769),#12223);
#7774=DESCRIPTIVE_REPRESENTATION_ITEM('Steel','Steel');
#7775=PROPERTY_DEFINITION('material property','material name',#12233);
#7776=PROPERTY_DEFINITION('material property','density of part',#12233);
#7777=AXIS2_PLACEMENT_3D('',#10020,#8164,#8165);
#7778=AXIS2_PLACEMENT_3D('',#10021,#8166,#8167);
#7779=AXIS2_PLACEMENT_3D('',#10030,#8172,#8173);
#7780=AXIS2_PLACEMENT_3D('',#10039,#8178,#8179);
#7781=AXIS2_PLACEMENT_3D('',#10042,#8182,#8183);
#7782=AXIS2_PLACEMENT_3D('',#10704,#8515,#8516);
#7783=AXIS2_PLACEMENT_3D('',#10708,#8519,#8520);
#7784=AXIS2_PLACEMENT_3D('',#10714,#8524,#8525);
#7785=AXIS2_PLACEMENT_3D('',#10718,#8528,#8529);
#7786=AXIS2_PLACEMENT_3D('',#10722,#8532,#8533);
#7787=AXIS2_PLACEMENT_3D('',#10726,#8536,#8537);
#7788=AXIS2_PLACEMENT_3D('',#10730,#8540,#8541);
#7789=AXIS2_PLACEMENT_3D('',#10734,#8544,#8545);
#7790=AXIS2_PLACEMENT_3D('',#10738,#8548,#8549);
#7791=AXIS2_PLACEMENT_3D('',#10742,#8552,#8553);
#7792=AXIS2_PLACEMENT_3D('',#10746,#8556,#8557);
#7793=AXIS2_PLACEMENT_3D('',#10750,#8560,#8561);
#7794=AXIS2_PLACEMENT_3D('',#10754,#8564,#8565);
#7795=AXIS2_PLACEMENT_3D('',#10758,#8568,#8569);
#7796=AXIS2_PLACEMENT_3D('',#10762,#8572,#8573);
#7797=AXIS2_PLACEMENT_3D('',#10766,#8576,#8577);
#7798=AXIS2_PLACEMENT_3D('',#10770,#8580,#8581);
#7799=AXIS2_PLACEMENT_3D('',#10772,#8583,#8584);
#7800=AXIS2_PLACEMENT_3D('',#10778,#8588,#8589);
#7801=AXIS2_PLACEMENT_3D('',#10782,#8592,#8593);
#7802=AXIS2_PLACEMENT_3D('',#10786,#8596,#8597);
#7803=AXIS2_PLACEMENT_3D('',#10790,#8600,#8601);
#7804=AXIS2_PLACEMENT_3D('',#10794,#8604,#8605);
#7805=AXIS2_PLACEMENT_3D('',#10798,#8608,#8609);
#7806=AXIS2_PLACEMENT_3D('',#10802,#8612,#8613);
#7807=AXIS2_PLACEMENT_3D('',#10806,#8616,#8617);
#7808=AXIS2_PLACEMENT_3D('',#10810,#8620,#8621);
#7809=AXIS2_PLACEMENT_3D('',#10814,#8624,#8625);
#7810=AXIS2_PLACEMENT_3D('',#10818,#8628,#8629);
#7811=AXIS2_PLACEMENT_3D('',#10822,#8632,#8633);
#7812=AXIS2_PLACEMENT_3D('',#10826,#8636,#8637);
#7813=AXIS2_PLACEMENT_3D('',#10830,#8640,#8641);
#7814=AXIS2_PLACEMENT_3D('',#10834,#8644,#8645);
#7815=AXIS2_PLACEMENT_3D('',#10836,#8647,#8648);
#7816=AXIS2_PLACEMENT_3D('',#10842,#8652,#8653);
#7817=AXIS2_PLACEMENT_3D('',#10846,#8656,#8657);
#7818=AXIS2_PLACEMENT_3D('',#10850,#8660,#8661);
#7819=AXIS2_PLACEMENT_3D('',#10854,#8664,#8665);
#7820=AXIS2_PLACEMENT_3D('',#10858,#8668,#8669);
#7821=AXIS2_PLACEMENT_3D('',#10862,#8672,#8673);
#7822=AXIS2_PLACEMENT_3D('',#10866,#8676,#8677);
#7823=AXIS2_PLACEMENT_3D('',#10870,#8680,#8681);
#7824=AXIS2_PLACEMENT_3D('',#10874,#8684,#8685);
#7825=AXIS2_PLACEMENT_3D('',#10878,#8688,#8689);
#7826=AXIS2_PLACEMENT_3D('',#10882,#8692,#8693);
#7827=AXIS2_PLACEMENT_3D('',#10886,#8696,#8697);
#7828=AXIS2_PLACEMENT_3D('',#10890,#8700,#8701);
#7829=AXIS2_PLACEMENT_3D('',#10894,#8704,#8705);
#7830=AXIS2_PLACEMENT_3D('',#10898,#8708,#8709);
#7831=AXIS2_PLACEMENT_3D('',#10900,#8711,#8712);
#7832=AXIS2_PLACEMENT_3D('',#10906,#8716,#8717);
#7833=AXIS2_PLACEMENT_3D('',#10910,#8720,#8721);
#7834=AXIS2_PLACEMENT_3D('',#10914,#8724,#8725);
#7835=AXIS2_PLACEMENT_3D('',#10918,#8728,#8729);
#7836=AXIS2_PLACEMENT_3D('',#10922,#8732,#8733);
#7837=AXIS2_PLACEMENT_3D('',#10926,#8736,#8737);
#7838=AXIS2_PLACEMENT_3D('',#10930,#8740,#8741);
#7839=AXIS2_PLACEMENT_3D('',#10934,#8744,#8745);
#7840=AXIS2_PLACEMENT_3D('',#10938,#8748,#8749);
#7841=AXIS2_PLACEMENT_3D('',#10942,#8752,#8753);
#7842=AXIS2_PLACEMENT_3D('',#10946,#8756,#8757);
#7843=AXIS2_PLACEMENT_3D('',#10950,#8760,#8761);
#7844=AXIS2_PLACEMENT_3D('',#10954,#8764,#8765);
#7845=AXIS2_PLACEMENT_3D('',#10958,#8768,#8769);
#7846=AXIS2_PLACEMENT_3D('',#10962,#8772,#8773);
#7847=AXIS2_PLACEMENT_3D('',#10966,#8776,#8777);
#7848=AXIS2_PLACEMENT_3D('',#10970,#8780,#8781);
#7849=AXIS2_PLACEMENT_3D('',#10974,#8784,#8785);
#7850=AXIS2_PLACEMENT_3D('',#10978,#8788,#8789);
#7851=AXIS2_PLACEMENT_3D('',#10980,#8791,#8792);
#7852=AXIS2_PLACEMENT_3D('',#10986,#8796,#8797);
#7853=AXIS2_PLACEMENT_3D('',#10990,#8800,#8801);
#7854=AXIS2_PLACEMENT_3D('',#10994,#8804,#8805);
#7855=AXIS2_PLACEMENT_3D('',#10998,#8808,#8809);
#7856=AXIS2_PLACEMENT_3D('',#11002,#8812,#8813);
#7857=AXIS2_PLACEMENT_3D('',#11006,#8816,#8817);
#7858=AXIS2_PLACEMENT_3D('',#11010,#8820,#8821);
#7859=AXIS2_PLACEMENT_3D('',#11014,#8824,#8825);
#7860=AXIS2_PLACEMENT_3D('',#11018,#8828,#8829);
#7861=AXIS2_PLACEMENT_3D('',#11022,#8832,#8833);
#7862=AXIS2_PLACEMENT_3D('',#11026,#8836,#8837);
#7863=AXIS2_PLACEMENT_3D('',#11030,#8840,#8841);
#7864=AXIS2_PLACEMENT_3D('',#11034,#8844,#8845);
#7865=AXIS2_PLACEMENT_3D('',#11038,#8848,#8849);
#7866=AXIS2_PLACEMENT_3D('',#11042,#8852,#8853);
#7867=AXIS2_PLACEMENT_3D('',#11046,#8856,#8857);
#7868=AXIS2_PLACEMENT_3D('',#11050,#8860,#8861);
#7869=AXIS2_PLACEMENT_3D('',#11054,#8864,#8865);
#7870=AXIS2_PLACEMENT_3D('',#11058,#8868,#8869);
#7871=AXIS2_PLACEMENT_3D('',#11062,#8872,#8873);
#7872=AXIS2_PLACEMENT_3D('',#11066,#8876,#8877);
#7873=AXIS2_PLACEMENT_3D('',#11070,#8880,#8881);
#7874=AXIS2_PLACEMENT_3D('',#11074,#8884,#8885);
#7875=AXIS2_PLACEMENT_3D('',#11078,#8888,#8889);
#7876=AXIS2_PLACEMENT_3D('',#11082,#8892,#8893);
#7877=AXIS2_PLACEMENT_3D('',#11086,#8896,#8897);
#7878=AXIS2_PLACEMENT_3D('',#11088,#8899,#8900);
#7879=AXIS2_PLACEMENT_3D('',#11094,#8904,#8905);
#7880=AXIS2_PLACEMENT_3D('',#11098,#8908,#8909);
#7881=AXIS2_PLACEMENT_3D('',#11102,#8912,#8913);
#7882=AXIS2_PLACEMENT_3D('',#11106,#8916,#8917);
#7883=AXIS2_PLACEMENT_3D('',#11110,#8920,#8921);
#7884=AXIS2_PLACEMENT_3D('',#11114,#8924,#8925);
#7885=AXIS2_PLACEMENT_3D('',#11118,#8928,#8929);
#7886=AXIS2_PLACEMENT_3D('',#11122,#8932,#8933);
#7887=AXIS2_PLACEMENT_3D('',#11126,#8936,#8937);
#7888=AXIS2_PLACEMENT_3D('',#11130,#8940,#8941);
#7889=AXIS2_PLACEMENT_3D('',#11134,#8944,#8945);
#7890=AXIS2_PLACEMENT_3D('',#11138,#8948,#8949);
#7891=AXIS2_PLACEMENT_3D('',#11142,#8952,#8953);
#7892=AXIS2_PLACEMENT_3D('',#11146,#8956,#8957);
#7893=AXIS2_PLACEMENT_3D('',#11150,#8960,#8961);
#7894=AXIS2_PLACEMENT_3D('',#11152,#8963,#8964);
#7895=AXIS2_PLACEMENT_3D('',#11158,#8968,#8969);
#7896=AXIS2_PLACEMENT_3D('',#11162,#8972,#8973);
#7897=AXIS2_PLACEMENT_3D('',#11166,#8976,#8977);
#7898=AXIS2_PLACEMENT_3D('',#11170,#8980,#8981);
#7899=AXIS2_PLACEMENT_3D('',#11174,#8984,#8985);
#7900=AXIS2_PLACEMENT_3D('',#11178,#8988,#8989);
#7901=AXIS2_PLACEMENT_3D('',#11182,#8992,#8993);
#7902=AXIS2_PLACEMENT_3D('',#11186,#8996,#8997);
#7903=AXIS2_PLACEMENT_3D('',#11190,#9000,#9001);
#7904=AXIS2_PLACEMENT_3D('',#11194,#9004,#9005);
#7905=AXIS2_PLACEMENT_3D('',#11198,#9008,#9009);
#7906=AXIS2_PLACEMENT_3D('',#11202,#9012,#9013);
#7907=AXIS2_PLACEMENT_3D('',#11206,#9016,#9017);
#7908=AXIS2_PLACEMENT_3D('',#11210,#9020,#9021);
#7909=AXIS2_PLACEMENT_3D('',#11214,#9024,#9025);
#7910=AXIS2_PLACEMENT_3D('',#11216,#9027,#9028);
#7911=AXIS2_PLACEMENT_3D('',#11222,#9032,#9033);
#7912=AXIS2_PLACEMENT_3D('',#11226,#9036,#9037);
#7913=AXIS2_PLACEMENT_3D('',#11230,#9040,#9041);
#7914=AXIS2_PLACEMENT_3D('',#11234,#9044,#9045);
#7915=AXIS2_PLACEMENT_3D('',#11238,#9048,#9049);
#7916=AXIS2_PLACEMENT_3D('',#11242,#9052,#9053);
#7917=AXIS2_PLACEMENT_3D('',#11246,#9056,#9057);
#7918=AXIS2_PLACEMENT_3D('',#11250,#9060,#9061);
#7919=AXIS2_PLACEMENT_3D('',#11254,#9064,#9065);
#7920=AXIS2_PLACEMENT_3D('',#11258,#9068,#9069);
#7921=AXIS2_PLACEMENT_3D('',#11262,#9072,#9073);
#7922=AXIS2_PLACEMENT_3D('',#11266,#9076,#9077);
#7923=AXIS2_PLACEMENT_3D('',#11270,#9080,#9081);
#7924=AXIS2_PLACEMENT_3D('',#11274,#9084,#9085);
#7925=AXIS2_PLACEMENT_3D('',#11278,#9088,#9089);
#7926=AXIS2_PLACEMENT_3D('',#11282,#9092,#9093);
#7927=AXIS2_PLACEMENT_3D('',#11286,#9096,#9097);
#7928=AXIS2_PLACEMENT_3D('',#11290,#9100,#9101);
#7929=AXIS2_PLACEMENT_3D('',#11294,#9104,#9105);
#7930=AXIS2_PLACEMENT_3D('',#11298,#9108,#9109);
#7931=AXIS2_PLACEMENT_3D('',#11302,#9112,#9113);
#7932=AXIS2_PLACEMENT_3D('',#11306,#9116,#9117);
#7933=AXIS2_PLACEMENT_3D('',#11310,#9120,#9121);
#7934=AXIS2_PLACEMENT_3D('',#11314,#9124,#9125);
#7935=AXIS2_PLACEMENT_3D('',#11318,#9128,#9129);
#7936=AXIS2_PLACEMENT_3D('',#11322,#9132,#9133);
#7937=AXIS2_PLACEMENT_3D('',#11326,#9136,#9137);
#7938=AXIS2_PLACEMENT_3D('',#11330,#9140,#9141);
#7939=AXIS2_PLACEMENT_3D('',#11334,#9144,#9145);
#7940=AXIS2_PLACEMENT_3D('',#11338,#9148,#9149);
#7941=AXIS2_PLACEMENT_3D('',#11342,#9152,#9153);
#7942=AXIS2_PLACEMENT_3D('',#11346,#9156,#9157);
#7943=AXIS2_PLACEMENT_3D('',#11350,#9160,#9161);
#7944=AXIS2_PLACEMENT_3D('',#11354,#9164,#9165);
#7945=AXIS2_PLACEMENT_3D('',#11358,#9168,#9169);
#7946=AXIS2_PLACEMENT_3D('',#11362,#9172,#9173);
#7947=AXIS2_PLACEMENT_3D('',#11364,#9175,#9176);
#7948=AXIS2_PLACEMENT_3D('',#11370,#9180,#9181);
#7949=AXIS2_PLACEMENT_3D('',#11374,#9184,#9185);
#7950=AXIS2_PLACEMENT_3D('',#11378,#9188,#9189);
#7951=AXIS2_PLACEMENT_3D('',#11382,#9192,#9193);
#7952=AXIS2_PLACEMENT_3D('',#11386,#9196,#9197);
#7953=AXIS2_PLACEMENT_3D('',#11390,#9200,#9201);
#7954=AXIS2_PLACEMENT_3D('',#11394,#9204,#9205);
#7955=AXIS2_PLACEMENT_3D('',#11398,#9208,#9209);
#7956=AXIS2_PLACEMENT_3D('',#11402,#9212,#9213);
#7957=AXIS2_PLACEMENT_3D('',#11406,#9216,#9217);
#7958=AXIS2_PLACEMENT_3D('',#11410,#9220,#9221);
#7959=AXIS2_PLACEMENT_3D('',#11414,#9224,#9225);
#7960=AXIS2_PLACEMENT_3D('',#11418,#9228,#9229);
#7961=AXIS2_PLACEMENT_3D('',#11422,#9232,#9233);
#7962=AXIS2_PLACEMENT_3D('',#11426,#9236,#9237);
#7963=AXIS2_PLACEMENT_3D('',#11430,#9240,#9241);
#7964=AXIS2_PLACEMENT_3D('',#11434,#9244,#9245);
#7965=AXIS2_PLACEMENT_3D('',#11438,#9248,#9249);
#7966=AXIS2_PLACEMENT_3D('',#11442,#9252,#9253);
#7967=AXIS2_PLACEMENT_3D('',#11446,#9256,#9257);
#7968=AXIS2_PLACEMENT_3D('',#11450,#9260,#9261);
#7969=AXIS2_PLACEMENT_3D('',#11454,#9264,#9265);
#7970=AXIS2_PLACEMENT_3D('',#11458,#9268,#9269);
#7971=AXIS2_PLACEMENT_3D('',#11462,#9272,#9273);
#7972=AXIS2_PLACEMENT_3D('',#11466,#9276,#9277);
#7973=AXIS2_PLACEMENT_3D('',#11470,#9280,#9281);
#7974=AXIS2_PLACEMENT_3D('',#11474,#9284,#9285);
#7975=AXIS2_PLACEMENT_3D('',#11478,#9288,#9289);
#7976=AXIS2_PLACEMENT_3D('',#11482,#9292,#9293);
#7977=AXIS2_PLACEMENT_3D('',#11486,#9296,#9297);
#7978=AXIS2_PLACEMENT_3D('',#11490,#9300,#9301);
#7979=AXIS2_PLACEMENT_3D('',#11494,#9304,#9305);
#7980=AXIS2_PLACEMENT_3D('',#11498,#9308,#9309);
#7981=AXIS2_PLACEMENT_3D('',#11502,#9312,#9313);
#7982=AXIS2_PLACEMENT_3D('',#11506,#9316,#9317);
#7983=AXIS2_PLACEMENT_3D('',#11510,#9320,#9321);
#7984=AXIS2_PLACEMENT_3D('',#11514,#9324,#9325);
#7985=AXIS2_PLACEMENT_3D('',#11518,#9328,#9329);
#7986=AXIS2_PLACEMENT_3D('',#11522,#9332,#9333);
#7987=AXIS2_PLACEMENT_3D('',#11526,#9336,#9337);
#7988=AXIS2_PLACEMENT_3D('',#11530,#9340,#9341);
#7989=AXIS2_PLACEMENT_3D('',#11534,#9344,#9345);
#7990=AXIS2_PLACEMENT_3D('',#11538,#9348,#9349);
#7991=AXIS2_PLACEMENT_3D('',#11542,#9352,#9353);
#7992=AXIS2_PLACEMENT_3D('',#11546,#9356,#9357);
#7993=AXIS2_PLACEMENT_3D('',#11550,#9360,#9361);
#7994=AXIS2_PLACEMENT_3D('',#11554,#9364,#9365);
#7995=AXIS2_PLACEMENT_3D('',#11558,#9368,#9369);
#7996=AXIS2_PLACEMENT_3D('',#11562,#9372,#9373);
#7997=AXIS2_PLACEMENT_3D('',#11566,#9376,#9377);
#7998=AXIS2_PLACEMENT_3D('',#11570,#9380,#9381);
#7999=AXIS2_PLACEMENT_3D('',#11574,#9384,#9385);
#8000=AXIS2_PLACEMENT_3D('',#11578,#9388,#9389);
#8001=AXIS2_PLACEMENT_3D('',#11582,#9392,#9393);
#8002=AXIS2_PLACEMENT_3D('',#11586,#9396,#9397);
#8003=AXIS2_PLACEMENT_3D('',#11590,#9400,#9401);
#8004=AXIS2_PLACEMENT_3D('',#11594,#9404,#9405);
#8005=AXIS2_PLACEMENT_3D('',#11598,#9408,#9409);
#8006=AXIS2_PLACEMENT_3D('',#11602,#9412,#9413);
#8007=AXIS2_PLACEMENT_3D('',#11606,#9416,#9417);
#8008=AXIS2_PLACEMENT_3D('',#11610,#9420,#9421);
#8009=AXIS2_PLACEMENT_3D('',#11614,#9424,#9425);
#8010=AXIS2_PLACEMENT_3D('',#11618,#9428,#9429);
#8011=AXIS2_PLACEMENT_3D('',#11620,#9431,#9432);
#8012=AXIS2_PLACEMENT_3D('',#11626,#9436,#9437);
#8013=AXIS2_PLACEMENT_3D('',#11630,#9440,#9441);
#8014=AXIS2_PLACEMENT_3D('',#11634,#9444,#9445);
#8015=AXIS2_PLACEMENT_3D('',#11638,#9448,#9449);
#8016=AXIS2_PLACEMENT_3D('',#11642,#9452,#9453);
#8017=AXIS2_PLACEMENT_3D('',#11646,#9456,#9457);
#8018=AXIS2_PLACEMENT_3D('',#11650,#9460,#9461);
#8019=AXIS2_PLACEMENT_3D('',#11654,#9464,#9465);
#8020=AXIS2_PLACEMENT_3D('',#11658,#9468,#9469);
#8021=AXIS2_PLACEMENT_3D('',#11662,#9472,#9473);
#8022=AXIS2_PLACEMENT_3D('',#11666,#9476,#9477);
#8023=AXIS2_PLACEMENT_3D('',#11670,#9480,#9481);
#8024=AXIS2_PLACEMENT_3D('',#11674,#9484,#9485);
#8025=AXIS2_PLACEMENT_3D('',#11678,#9488,#9489);
#8026=AXIS2_PLACEMENT_3D('',#11682,#9492,#9493);
#8027=AXIS2_PLACEMENT_3D('',#11684,#9495,#9496);
#8028=AXIS2_PLACEMENT_3D('',#11690,#9500,#9501);
#8029=AXIS2_PLACEMENT_3D('',#11694,#9504,#9505);
#8030=AXIS2_PLACEMENT_3D('',#11698,#9508,#9509);
#8031=AXIS2_PLACEMENT_3D('',#11702,#9512,#9513);
#8032=AXIS2_PLACEMENT_3D('',#11706,#9516,#9517);
#8033=AXIS2_PLACEMENT_3D('',#11710,#9520,#9521);
#8034=AXIS2_PLACEMENT_3D('',#11714,#9524,#9525);
#8035=AXIS2_PLACEMENT_3D('',#11718,#9528,#9529);
#8036=AXIS2_PLACEMENT_3D('',#11722,#9532,#9533);
#8037=AXIS2_PLACEMENT_3D('',#11726,#9536,#9537);
#8038=AXIS2_PLACEMENT_3D('',#11730,#9540,#9541);
#8039=AXIS2_PLACEMENT_3D('',#11734,#9544,#9545);
#8040=AXIS2_PLACEMENT_3D('',#11738,#9548,#9549);
#8041=AXIS2_PLACEMENT_3D('',#11742,#9552,#9553);
#8042=AXIS2_PLACEMENT_3D('',#11746,#9556,#9557);
#8043=AXIS2_PLACEMENT_3D('',#11750,#9560,#9561);
#8044=AXIS2_PLACEMENT_3D('',#11754,#9564,#9565);
#8045=AXIS2_PLACEMENT_3D('',#11758,#9568,#9569);
#8046=AXIS2_PLACEMENT_3D('',#11762,#9572,#9573);
#8047=AXIS2_PLACEMENT_3D('',#11766,#9576,#9577);
#8048=AXIS2_PLACEMENT_3D('',#11770,#9580,#9581);
#8049=AXIS2_PLACEMENT_3D('',#11774,#9584,#9585);
#8050=AXIS2_PLACEMENT_3D('',#11778,#9588,#9589);
#8051=AXIS2_PLACEMENT_3D('',#11782,#9592,#9593);
#8052=AXIS2_PLACEMENT_3D('',#11786,#9596,#9597);
#8053=AXIS2_PLACEMENT_3D('',#11790,#9600,#9601);
#8054=AXIS2_PLACEMENT_3D('',#11794,#9604,#9605);
#8055=AXIS2_PLACEMENT_3D('',#11798,#9608,#9609);
#8056=AXIS2_PLACEMENT_3D('',#11802,#9612,#9613);
#8057=AXIS2_PLACEMENT_3D('',#11806,#9616,#9617);
#8058=AXIS2_PLACEMENT_3D('',#11810,#9620,#9621);
#8059=AXIS2_PLACEMENT_3D('',#11814,#9624,#9625);
#8060=AXIS2_PLACEMENT_3D('',#11818,#9628,#9629);
#8061=AXIS2_PLACEMENT_3D('',#11820,#9631,#9632);
#8062=AXIS2_PLACEMENT_3D('',#11826,#9636,#9637);
#8063=AXIS2_PLACEMENT_3D('',#11830,#9640,#9641);
#8064=AXIS2_PLACEMENT_3D('',#11834,#9644,#9645);
#8065=AXIS2_PLACEMENT_3D('',#11838,#9648,#9649);
#8066=AXIS2_PLACEMENT_3D('',#11842,#9652,#9653);
#8067=AXIS2_PLACEMENT_3D('',#11846,#9656,#9657);
#8068=AXIS2_PLACEMENT_3D('',#11850,#9660,#9661);
#8069=AXIS2_PLACEMENT_3D('',#11854,#9664,#9665);
#8070=AXIS2_PLACEMENT_3D('',#11858,#9668,#9669);
#8071=AXIS2_PLACEMENT_3D('',#11862,#9672,#9673);
#8072=AXIS2_PLACEMENT_3D('',#11866,#9676,#9677);
#8073=AXIS2_PLACEMENT_3D('',#11870,#9680,#9681);
#8074=AXIS2_PLACEMENT_3D('',#11874,#9684,#9685);
#8075=AXIS2_PLACEMENT_3D('',#11878,#9688,#9689);
#8076=AXIS2_PLACEMENT_3D('',#11882,#9692,#9693);
#8077=AXIS2_PLACEMENT_3D('',#11884,#9695,#9696);
#8078=AXIS2_PLACEMENT_3D('',#11890,#9700,#9701);
#8079=AXIS2_PLACEMENT_3D('',#11894,#9704,#9705);
#8080=AXIS2_PLACEMENT_3D('',#11898,#9708,#9709);
#8081=AXIS2_PLACEMENT_3D('',#11902,#9712,#9713);
#8082=AXIS2_PLACEMENT_3D('',#11906,#9716,#9717);
#8083=AXIS2_PLACEMENT_3D('',#11910,#9720,#9721);
#8084=AXIS2_PLACEMENT_3D('',#11914,#9724,#9725);
#8085=AXIS2_PLACEMENT_3D('',#11918,#9728,#9729);
#8086=AXIS2_PLACEMENT_3D('',#11922,#9732,#9733);
#8087=AXIS2_PLACEMENT_3D('',#11926,#9736,#9737);
#8088=AXIS2_PLACEMENT_3D('',#11930,#9740,#9741);
#8089=AXIS2_PLACEMENT_3D('',#11934,#9744,#9745);
#8090=AXIS2_PLACEMENT_3D('',#11938,#9748,#9749);
#8091=AXIS2_PLACEMENT_3D('',#11942,#9752,#9753);
#8092=AXIS2_PLACEMENT_3D('',#11946,#9756,#9757);
#8093=AXIS2_PLACEMENT_3D('',#11948,#9759,#9760);
#8094=AXIS2_PLACEMENT_3D('',#11954,#9764,#9765);
#8095=AXIS2_PLACEMENT_3D('',#11958,#9768,#9769);
#8096=AXIS2_PLACEMENT_3D('',#11962,#9772,#9773);
#8097=AXIS2_PLACEMENT_3D('',#11966,#9776,#9777);
#8098=AXIS2_PLACEMENT_3D('',#11970,#9780,#9781);
#8099=AXIS2_PLACEMENT_3D('',#11974,#9784,#9785);
#8100=AXIS2_PLACEMENT_3D('',#11978,#9788,#9789);
#8101=AXIS2_PLACEMENT_3D('',#11982,#9792,#9793);
#8102=AXIS2_PLACEMENT_3D('',#11986,#9796,#9797);
#8103=AXIS2_PLACEMENT_3D('',#11990,#9800,#9801);
#8104=AXIS2_PLACEMENT_3D('',#11994,#9804,#9805);
#8105=AXIS2_PLACEMENT_3D('',#11998,#9808,#9809);
#8106=AXIS2_PLACEMENT_3D('',#12002,#9812,#9813);
#8107=AXIS2_PLACEMENT_3D('',#12006,#9816,#9817);
#8108=AXIS2_PLACEMENT_3D('',#12010,#9820,#9821);
#8109=AXIS2_PLACEMENT_3D('',#12012,#9823,#9824);
#8110=AXIS2_PLACEMENT_3D('',#12016,#9827,#9828);
#8111=AXIS2_PLACEMENT_3D('',#12020,#9831,#9832);
#8112=AXIS2_PLACEMENT_3D('',#12024,#9835,#9836);
#8113=AXIS2_PLACEMENT_3D('',#12026,#9838,#9839);
#8114=AXIS2_PLACEMENT_3D('',#12027,#9840,#9841);
#8115=AXIS2_PLACEMENT_3D('',#12032,#9843,#9844);
#8116=AXIS2_PLACEMENT_3D('',#12035,#9846,#9847);
#8117=AXIS2_PLACEMENT_3D('',#12036,#9848,#9849);
#8118=AXIS2_PLACEMENT_3D('',#12040,#9851,#9852);
#8119=AXIS2_PLACEMENT_3D('',#12042,#9854,#9855);
#8120=AXIS2_PLACEMENT_3D('',#12046,#9857,#9858);
#8121=AXIS2_PLACEMENT_3D('',#12048,#9860,#9861);
#8122=AXIS2_PLACEMENT_3D('',#12052,#9863,#9864);
#8123=AXIS2_PLACEMENT_3D('',#12054,#9866,#9867);
#8124=AXIS2_PLACEMENT_3D('',#12058,#9869,#9870);
#8125=AXIS2_PLACEMENT_3D('',#12060,#9872,#9873);
#8126=AXIS2_PLACEMENT_3D('',#12064,#9875,#9876);
#8127=AXIS2_PLACEMENT_3D('',#12066,#9878,#9879);
#8128=AXIS2_PLACEMENT_3D('',#12070,#9881,#9882);
#8129=AXIS2_PLACEMENT_3D('',#12072,#9884,#9885);
#8130=AXIS2_PLACEMENT_3D('',#12076,#9887,#9888);
#8131=AXIS2_PLACEMENT_3D('',#12078,#9890,#9891);
#8132=AXIS2_PLACEMENT_3D('',#12082,#9893,#9894);
#8133=AXIS2_PLACEMENT_3D('',#12084,#9896,#9897);
#8134=AXIS2_PLACEMENT_3D('',#12089,#9900,#9901);
#8135=AXIS2_PLACEMENT_3D('',#12090,#9902,#9903);
#8136=AXIS2_PLACEMENT_3D('',#12095,#9906,#9907);
#8137=AXIS2_PLACEMENT_3D('',#12096,#9908,#9909);
#8138=AXIS2_PLACEMENT_3D('',#12101,#9912,#9913);
#8139=AXIS2_PLACEMENT_3D('',#12102,#9914,#9915);
#8140=AXIS2_PLACEMENT_3D('',#12107,#9918,#9919);
#8141=AXIS2_PLACEMENT_3D('',#12108,#9920,#9921);
#8142=AXIS2_PLACEMENT_3D('',#12113,#9924,#9925);
#8143=AXIS2_PLACEMENT_3D('',#12114,#9926,#9927);
#8144=AXIS2_PLACEMENT_3D('',#12119,#9930,#9931);
#8145=AXIS2_PLACEMENT_3D('',#12120,#9932,#9933);
#8146=AXIS2_PLACEMENT_3D('',#12123,#9936,#9937);
#8147=AXIS2_PLACEMENT_3D('',#12156,#9954,#9955);
#8148=AXIS2_PLACEMENT_3D('',#12162,#9959,#9960);
#8149=AXIS2_PLACEMENT_3D('',#12166,#9963,#9964);
#8150=AXIS2_PLACEMENT_3D('',#12170,#9967,#9968);
#8151=AXIS2_PLACEMENT_3D('',#12174,#9971,#9972);
#8152=AXIS2_PLACEMENT_3D('',#12178,#9975,#9976);
#8153=AXIS2_PLACEMENT_3D('',#12182,#9979,#9980);
#8154=AXIS2_PLACEMENT_3D('',#12186,#9983,#9984);
#8155=AXIS2_PLACEMENT_3D('',#12190,#9987,#9988);
#8156=AXIS2_PLACEMENT_3D('',#12194,#9991,#9992);
#8157=AXIS2_PLACEMENT_3D('',#12198,#9995,#9996);
#8158=AXIS2_PLACEMENT_3D('',#12202,#9999,#10000);
#8159=AXIS2_PLACEMENT_3D('',#12206,#10003,#10004);
#8160=AXIS2_PLACEMENT_3D('',#12210,#10007,#10008);
#8161=AXIS2_PLACEMENT_3D('',#12214,#10011,#10012);
#8162=AXIS2_PLACEMENT_3D('',#12218,#10015,#10016);
#8163=AXIS2_PLACEMENT_3D('',#12220,#10018,#10019);
#8164=DIRECTION('axis',(0.,0.,1.));
#8165=DIRECTION('refdir',(1.,0.,0.));
#8166=DIRECTION('center_axis',(1.,0.,0.));
#8167=DIRECTION('ref_axis',(0.,1.,0.));
#8168=DIRECTION('',(0.,0.,1.));
#8169=DIRECTION('',(0.,-1.,0.));
#8170=DIRECTION('',(0.,0.,1.));
#8171=DIRECTION('',(0.,1.,0.));
#8172=DIRECTION('center_axis',(-1.,0.,0.));
#8173=DIRECTION('ref_axis',(0.,-1.,0.));
#8174=DIRECTION('',(0.,0.,-1.));
#8175=DIRECTION('',(0.,-1.,0.));
#8176=DIRECTION('',(0.,0.,1.));
#8177=DIRECTION('',(0.,1.,0.));
#8178=DIRECTION('center_axis',(0.,1.,0.));
#8179=DIRECTION('ref_axis',(-1.,0.,0.));
#8180=DIRECTION('',(1.,0.,0.));
#8181=DIRECTION('',(-1.,0.,0.));
#8182=DIRECTION('center_axis',(0.,0.,1.));
#8183=DIRECTION('ref_axis',(1.,0.,0.));
#8184=DIRECTION('',(-1.,0.,0.));
#8185=DIRECTION('',(0.,-1.,0.));
#8186=DIRECTION('',(1.,0.,0.));
#8187=DIRECTION('',(0.,1.,0.));
#8188=DIRECTION('',(-1.,0.,0.));
#8189=DIRECTION('',(1.,0.,0.));
#8190=DIRECTION('',(0.980787134598089,-0.195081000117565,0.));
#8191=DIRECTION('',(0.707106781186354,-0.707106781186741,0.));
#8192=DIRECTION('',(0.195081000118295,-0.980787134597944,0.));
#8193=DIRECTION('',(0.,-1.,0.));
#8194=DIRECTION('',(-0.195081000118295,-0.980787134597944,0.));
#8195=DIRECTION('',(-0.707106781186548,-0.707106781186548,0.));
#8196=DIRECTION('',(-0.980787134597944,-0.195081000118295,0.));
#8197=DIRECTION('',(-1.,0.,0.));
#8198=DIRECTION('',(-0.980787134597944,0.195081000118295,0.));
#8199=DIRECTION('',(-0.707106781186741,0.707106781186354,0.));
#8200=DIRECTION('',(-0.195081000117565,0.980787134598089,0.));
#8201=DIRECTION('',(0.,1.,0.));
#8202=DIRECTION('',(0.195081000117565,0.980787134598089,0.));
#8203=DIRECTION('',(0.707106781186547,0.707106781186547,0.));
#8204=DIRECTION('',(0.980787134598089,0.195081000117565,0.));
#8205=DIRECTION('',(1.,0.,0.));
#8206=DIRECTION('',(0.980787134597973,-0.19508100011815,0.));
#8207=DIRECTION('',(0.707106781186161,-0.707106781186934,0.));
#8208=DIRECTION('',(0.19508100011844,-0.980787134597915,0.));
#8209=DIRECTION('',(0.,-1.,0.));
#8210=DIRECTION('',(-0.19508100011815,-0.980787134597973,0.));
#8211=DIRECTION('',(-0.707106781186354,-0.707106781186741,0.));
#8212=DIRECTION('',(-0.980787134598118,-0.19508100011742,0.));
#8213=DIRECTION('',(-1.,0.,0.));
#8214=DIRECTION('',(-0.980787134598089,0.195081000117565,0.));
#8215=DIRECTION('',(-0.707106781186741,0.707106781186354,0.));
#8216=DIRECTION('',(-0.19508100011742,0.980787134598118,0.));
#8217=DIRECTION('',(0.,1.,0.));
#8218=DIRECTION('',(0.19508100011771,0.98078713459806,0.));
#8219=DIRECTION('',(0.707106781186547,0.707106781186547,0.));
#8220=DIRECTION('',(0.980787134597944,0.195081000118295,0.));
#8221=DIRECTION('',(1.,0.,0.));
#8222=DIRECTION('',(0.980787134598089,-0.195081000117565,0.));
#8223=DIRECTION('',(0.707106781186547,-0.707106781186547,0.));
#8224=DIRECTION('',(0.195081000116835,-0.980787134598235,0.));
#8225=DIRECTION('',(0.,-1.,0.));
#8226=DIRECTION('',(-0.195081000116835,-0.980787134598235,0.));
#8227=DIRECTION('',(-0.707106781186741,-0.707106781186354,0.));
#8228=DIRECTION('',(-0.980787134597944,-0.195081000118295,0.));
#8229=DIRECTION('',(-1.,0.,0.));
#8230=DIRECTION('',(-0.980787134597944,0.195081000118295,0.));
#8231=DIRECTION('',(-0.707106781186741,0.707106781186354,0.));
#8232=DIRECTION('',(-0.195081000117565,0.980787134598089,0.));
#8233=DIRECTION('',(0.,1.,0.));
#8234=DIRECTION('',(0.195081000117565,0.980787134598089,0.));
#8235=DIRECTION('',(0.707106781186547,0.707106781186547,0.));
#8236=DIRECTION('',(0.980787134598089,0.195081000117565,0.));
#8237=DIRECTION('',(1.,0.,0.));
#8238=DIRECTION('',(0.923882889656938,-0.382675327397972,0.));
#8239=DIRECTION('',(0.707106781186365,-0.70710678118673,0.));
#8240=DIRECTION('',(0.382675327397946,-0.923882889656949,0.));
#8241=DIRECTION('',(0.0980247646058034,-0.995183975717041,0.));
#8242=DIRECTION('',(0.,-1.,0.));
#8243=DIRECTION('',(1.,0.,0.));
#8244=DIRECTION('',(0.,1.,0.));
#8245=DIRECTION('',(0.0980247646058034,0.995183975717041,0.));
#8246=DIRECTION('',(0.382675327397635,0.923882889657078,0.));
#8247=DIRECTION('',(0.707106781186547,0.707106781186547,0.));
#8248=DIRECTION('',(0.923882889656885,0.382675327398101,0.));
#8249=DIRECTION('',(1.,0.,0.));
#8250=DIRECTION('',(0.923882889656885,-0.382675327398101,0.));
#8251=DIRECTION('',(0.707106781186547,-0.707106781186547,0.));
#8252=DIRECTION('',(0.382675327397635,-0.923882889657078,0.));
#8253=DIRECTION('',(0.0980247646058034,-0.995183975717041,0.));
#8254=DIRECTION('',(0.,-1.,0.));
#8255=DIRECTION('',(-0.0980247646056974,-0.995183975717052,0.));
#8256=DIRECTION('',(-0.382675327397699,-0.923882889657052,0.));
#8257=DIRECTION('',(-0.707106781186456,-0.707106781186639,0.));
#8258=DIRECTION('',(-0.923882889656821,-0.382675327398257,0.));
#8259=DIRECTION('',(-0.995183975717193,-0.0980247646042614,0.));
#8260=DIRECTION('',(-1.,0.,0.));
#8261=DIRECTION('',(-0.995183975717186,0.0980247646043322,0.));
#8262=DIRECTION('',(-0.923882889656874,0.382675327398128,0.));
#8263=DIRECTION('',(-0.707106781186274,0.707106781186821,0.));
#8264=DIRECTION('',(-0.38267532739801,0.923882889656923,0.));
#8265=DIRECTION('',(-0.0980247646056974,0.995183975717052,0.));
#8266=DIRECTION('',(0.,1.,0.));
#8267=DIRECTION('',(0.0980247646058034,0.995183975717041,0.));
#8268=DIRECTION('',(0.382675327397946,0.923882889656949,0.));
#8269=DIRECTION('',(0.707106781186365,0.70710678118673,0.));
#8270=DIRECTION('',(0.923882889656938,0.382675327397972,0.));
#8271=DIRECTION('',(1.,0.,0.));
#8272=DIRECTION('',(0.980787134597944,-0.195081000118295,0.));
#8273=DIRECTION('',(0.707106781186741,-0.707106781186354,0.));
#8274=DIRECTION('',(0.195081000117855,-0.980787134598032,0.));
#8275=DIRECTION('',(0.,-1.,0.));
#8276=DIRECTION('',(-0.19508100011771,-0.98078713459806,0.));
#8277=DIRECTION('',(-0.707106781186547,-0.707106781186547,0.));
#8278=DIRECTION('',(-0.980787134597944,-0.195081000118295,0.));
#8279=DIRECTION('',(-1.,0.,0.));
#8280=DIRECTION('',(-0.980787134597915,0.19508100011844,0.));
#8281=DIRECTION('',(-0.707106781186547,0.707106781186547,0.));
#8282=DIRECTION('',(-0.19508100011844,0.980787134597915,0.));
#8283=DIRECTION('',(0.,1.,0.));
#8284=DIRECTION('',(0.195081000118585,0.980787134597886,0.));
#8285=DIRECTION('',(0.707106781186741,0.707106781186354,0.));
#8286=DIRECTION('',(0.980787134597915,0.19508100011844,0.));
#8287=DIRECTION('',(1.,0.,0.));
#8288=DIRECTION('',(0.995184723894754,-0.0980171685294095,0.));
#8289=DIRECTION('',(0.980785020576049,-0.195091628251035,0.));
#8290=DIRECTION('',(0.956940665129676,-0.290283591374321,0.));
#8291=DIRECTION('',(0.923878704077858,-0.382685432374185,0.));
#8292=DIRECTION('',(0.881922415208731,-0.471394583711351,0.));
#8293=DIRECTION('',(0.83146981195077,-0.555569934224803,0.));
#8294=DIRECTION('',(0.773009098732801,-0.634394934781404,0.));
#8295=DIRECTION('',(0.707106781186514,-0.707106781186581,0.));
#8296=DIRECTION('',(0.634394934781402,-0.773009098732803,0.));
#8297=DIRECTION('',(0.555569934224818,-0.831469811950759,0.));
#8298=DIRECTION('',(0.471394583711395,-0.881922415208708,0.));
#8299=DIRECTION('',(0.38268543237415,-0.923878704077873,0.));
#8300=DIRECTION('',(0.29028359137436,-0.956940665129664,0.));
#8301=DIRECTION('',(0.195091628251026,-0.98078502057605,0.));
#8302=DIRECTION('',(0.0980171685293852,-0.995184723894756,0.));
#8303=DIRECTION('',(0.,-1.,0.));
#8304=DIRECTION('',(-0.0980171685293831,-0.995184723894756,0.));
#8305=DIRECTION('',(-0.195091628251026,-0.98078502057605,0.));
#8306=DIRECTION('',(-0.290283591374366,-0.956940665129662,0.));
#8307=DIRECTION('',(-0.382685432374174,-0.923878704077863,0.));
#8308=DIRECTION('',(-0.471394583711367,-0.881922415208723,0.));
#8309=DIRECTION('',(-0.555569934224798,-0.831469811950773,0.));
#8310=DIRECTION('',(-0.634394934781424,-0.773009098732785,0.));
#8311=DIRECTION('',(-0.707106781186548,-0.707106781186548,0.));
#8312=DIRECTION('',(-0.773009098732769,-0.634394934781444,0.));
#8313=DIRECTION('',(-0.83146981195077,-0.555569934224803,0.));
#8314=DIRECTION('',(-0.881922415208713,-0.471394583711386,0.));
#8315=DIRECTION('',(-0.923878704077898,-0.38268543237409,0.));
#8316=DIRECTION('',(-0.956940665129657,-0.290283591374382,0.));
#8317=DIRECTION('',(-0.980785020576049,-0.195091628251035,0.));
#8318=DIRECTION('',(-0.995184723894754,-0.0980171685294095,0.));
#8319=DIRECTION('',(-1.,0.,0.));
#8320=DIRECTION('',(-0.995184723894754,0.0980171685294095,0.));
#8321=DIRECTION('',(-0.980785020576049,0.195091628251035,0.));
#8322=DIRECTION('',(-0.956940665129657,0.290283591374382,0.));
#8323=DIRECTION('',(-0.923878704077898,0.38268543237409,0.));
#8324=DIRECTION('',(-0.881922415208713,0.471394583711386,0.));
#8325=DIRECTION('',(-0.83146981195077,0.555569934224803,0.));
#8326=DIRECTION('',(-0.773009098732769,0.634394934781444,0.));
#8327=DIRECTION('',(-0.70710678118657,0.707106781186525,0.));
#8328=DIRECTION('',(-0.634394934781397,0.773009098732807,0.));
#8329=DIRECTION('',(-0.555569934224828,0.831469811950753,0.));
#8330=DIRECTION('',(-0.471394583711333,0.881922415208741,0.));
#8331=DIRECTION('',(-0.382685432374174,0.923878704077863,0.));
#8332=DIRECTION('',(-0.290283591374366,0.956940665129662,0.));
#8333=DIRECTION('',(-0.195091628251026,0.98078502057605,0.));
#8334=DIRECTION('',(-0.0980171685293831,0.995184723894756,0.));
#8335=DIRECTION('',(0.,1.,0.));
#8336=DIRECTION('',(0.0980171685293852,0.995184723894756,0.));
#8337=DIRECTION('',(0.195091628251026,0.98078502057605,0.));
#8338=DIRECTION('',(0.29028359137436,0.956940665129664,0.));
#8339=DIRECTION('',(0.38268543237415,0.923878704077873,0.));
#8340=DIRECTION('',(0.47139458371136,0.881922415208726,0.));
#8341=DIRECTION('',(0.555569934224849,0.831469811950739,0.));
#8342=DIRECTION('',(0.634394934781375,0.773009098732825,0.));
#8343=DIRECTION('',(0.707106781186536,0.707106781186559,0.));
#8344=DIRECTION('',(0.773009098732801,0.634394934781404,0.));
#8345=DIRECTION('',(0.83146981195077,0.555569934224803,0.));
#8346=DIRECTION('',(0.881922415208731,0.471394583711351,0.));
#8347=DIRECTION('',(0.923878704077858,0.382685432374185,0.));
#8348=DIRECTION('',(0.956940665129676,0.290283591374321,0.));
#8349=DIRECTION('',(0.980785020576049,0.195091628251035,0.));
#8350=DIRECTION('',(0.995184723894754,0.0980171685294095,0.));
#8351=DIRECTION('',(1.,0.,0.));
#8352=DIRECTION('',(0.995183975717052,-0.0980247646056974,0.));
#8353=DIRECTION('',(0.923882889656885,-0.382675327398101,0.));
#8354=DIRECTION('',(0.707106781186547,-0.707106781186547,0.));
#8355=DIRECTION('',(0.382675327398128,-0.923882889656874,0.));
#8356=DIRECTION('',(0.,-1.,0.));
#8357=DIRECTION('',(-0.382675327398257,-0.923882889656821,0.));
#8358=DIRECTION('',(-0.707106781186365,-0.70710678118673,0.));
#8359=DIRECTION('',(-0.923882889656885,-0.382675327398101,0.));
#8360=DIRECTION('',(-0.995183975717122,-0.0980247646049794,0.));
#8361=DIRECTION('',(-1.,0.,0.));
#8362=DIRECTION('',(-0.995183975717116,0.0980247646050501,0.));
#8363=DIRECTION('',(-0.923882889656885,0.382675327398101,0.));
#8364=DIRECTION('',(-0.707106781186548,0.707106781186548,0.));
#8365=DIRECTION('',(0.,-1.,0.));
#8366=DIRECTION('',(-0.0980247646057327,-0.995183975717048,0.));
#8367=DIRECTION('',(-0.382675327397817,-0.923882889657003,0.));
#8368=DIRECTION('',(-0.707106781186547,-0.707106781186547,0.));
#8369=DIRECTION('',(-0.923882889656874,-0.382675327398128,0.));
#8370=DIRECTION('',(-1.,0.,0.));
#8371=DIRECTION('',(-0.923882889656874,0.382675327398128,0.));
#8372=DIRECTION('',(-0.707106781186547,0.707106781186547,0.));
#8373=DIRECTION('',(-0.382675327397817,0.923882889657003,0.));
#8374=DIRECTION('',(-0.0980247646057327,0.995183975717048,0.));
#8375=DIRECTION('',(0.,1.,0.));
#8376=DIRECTION('',(0.0980247646058034,0.995183975717041,0.));
#8377=DIRECTION('',(0.382675327397817,0.923882889657003,0.));
#8378=DIRECTION('',(0.707106781186547,0.707106781186547,0.));
#8379=DIRECTION('',(0.923882889656938,0.382675327397972,0.));
#8380=DIRECTION('',(1.,0.,0.));
#8381=DIRECTION('',(0.923882889656938,-0.382675327397972,0.));
#8382=DIRECTION('',(0.707106781186547,-0.707106781186547,0.));
#8383=DIRECTION('',(0.382753461641168,-0.923850522325827,0.));
#8384=DIRECTION('',(0.382753461635724,0.923850522328082,0.));
#8385=DIRECTION('',(0.70710678118673,0.707106781186365,0.));
#8386=DIRECTION('',(0.923882889656885,0.382675327398101,0.));
#8387=DIRECTION('',(0.995183975717045,0.0980247646057681,0.));
#8388=DIRECTION('',(1.,0.,0.));
#8389=DIRECTION('',(0.980787134598235,-0.195081000116835,0.));
#8390=DIRECTION('',(0.707106781186548,-0.707106781186548,0.));
#8391=DIRECTION('',(0.195081000118295,-0.980787134597944,0.));
#8392=DIRECTION('',(0.,-1.,0.));
#8393=DIRECTION('',(-0.195081000118295,-0.980787134597944,0.));
#8394=DIRECTION('',(-0.707106781186548,-0.707106781186548,0.));
#8395=DIRECTION('',(-0.980787134598235,-0.195081000116835,0.));
#8396=DIRECTION('',(-1.,0.,0.));
#8397=DIRECTION('',(-0.980787134598235,0.195081000116835,0.));
#8398=DIRECTION('',(-0.707106781186741,0.707106781186354,0.));
#8399=DIRECTION('',(-0.195081000117565,0.980787134598089,0.));
#8400=DIRECTION('',(0.,1.,0.));
#8401=DIRECTION('',(0.195081000117565,0.980787134598089,0.));
#8402=DIRECTION('',(0.707106781186741,0.707106781186354,0.));
#8403=DIRECTION('',(0.980787134598235,0.195081000116835,0.));
#8404=DIRECTION('',(1.,0.,0.));
#8405=DIRECTION('',(0.980787134598118,-0.19508100011742,0.));
#8406=DIRECTION('',(0.707106781186161,-0.707106781186934,0.));
#8407=DIRECTION('',(0.195081000118295,-0.980787134597944,0.));
#8408=DIRECTION('',(0.,-1.,0.));
#8409=DIRECTION('',(-0.195081000118295,-0.980787134597944,0.));
#8410=DIRECTION('',(-0.707106781186354,-0.707106781186741,0.));
#8411=DIRECTION('',(-0.980787134598263,-0.19508100011669,0.));
#8412=DIRECTION('',(-1.,0.,0.));
#8413=DIRECTION('',(-0.980787134598263,0.19508100011669,0.));
#8414=DIRECTION('',(-0.707106781186741,0.707106781186354,0.));
#8415=DIRECTION('',(-0.195081000116835,0.980787134598235,0.));
#8416=DIRECTION('',(0.,1.,0.));
#8417=DIRECTION('',(0.195081000116835,0.980787134598235,0.));
#8418=DIRECTION('',(0.707106781186547,0.707106781186547,0.));
#8419=DIRECTION('',(0.980787134598118,0.19508100011742,0.));
#8420=DIRECTION('',(1.,0.,0.));
#8421=DIRECTION('',(0.995183975717052,-0.0980247646056974,0.));
#8422=DIRECTION('',(0.923882889656885,-0.382675327398101,0.));
#8423=DIRECTION('',(0.70710678118673,-0.707106781186365,0.));
#8424=DIRECTION('',(0.382675327397506,-0.923882889657132,0.));
#8425=DIRECTION('',(0.0980247646058034,-0.995183975717041,0.));
#8426=DIRECTION('',(0.,-1.,0.));
#8427=DIRECTION('',(-0.0980247646057327,-0.995183975717048,0.));
#8428=DIRECTION('',(-0.382675327397506,-0.923882889657132,0.));
#8429=DIRECTION('',(-0.70710678118673,-0.707106781186365,0.));
#8430=DIRECTION('',(-0.923882889656821,-0.382675327398257,0.));
#8431=DIRECTION('',(-1.,0.,0.));
#8432=DIRECTION('',(-0.923882889656821,0.382675327398257,0.));
#8433=DIRECTION('',(-0.70710678118673,0.707106781186365,0.));
#8434=DIRECTION('',(-0.382675327397506,0.923882889657132,0.));
#8435=DIRECTION('',(-0.0980247646057327,0.995183975717048,0.));
#8436=DIRECTION('',(0.,1.,0.));
#8437=DIRECTION('',(-1.,0.,0.));
#8438=DIRECTION('',(-0.995183975717122,0.0980247646049794,0.));
#8439=DIRECTION('',(-0.923882889656885,0.382675327398101,0.));
#8440=DIRECTION('',(-0.707106781186547,0.707106781186547,0.));
#8441=DIRECTION('',(-0.382675327397946,0.923882889656949,0.));
#8442=DIRECTION('',(0.,1.,0.));
#8443=DIRECTION('',(0.382675327397817,0.923882889657003,0.));
#8444=DIRECTION('',(0.70710678118673,0.707106781186365,0.));
#8445=DIRECTION('',(0.923882889656885,0.382675327398101,0.));
#8446=DIRECTION('',(0.995183975717052,0.0980247646056974,0.));
#8447=DIRECTION('',(1.,0.,0.));
#8448=DIRECTION('',(0.995183975717045,-0.0980247646057681,0.));
#8449=DIRECTION('',(0.923882889656885,-0.382675327398101,0.));
#8450=DIRECTION('',(0.70710678118673,-0.707106781186365,0.));
#8451=DIRECTION('',(0.382675327397817,-0.923882889657003,0.));
#8452=DIRECTION('',(0.,-1.,0.));
#8453=DIRECTION('',(-0.382675327397946,-0.923882889656949,0.));
#8454=DIRECTION('',(-0.707106781186547,-0.707106781186547,0.));
#8455=DIRECTION('',(-0.923882889656885,-0.382675327398101,0.));
#8456=DIRECTION('',(-0.995183975717116,-0.0980247646050501,0.));
#8457=DIRECTION('',(-1.,0.,0.));
#8458=DIRECTION('',(-0.995183975717116,0.0980247646050501,0.));
#8459=DIRECTION('',(-0.923882889656885,0.382675327398101,0.));
#8460=DIRECTION('',(-0.707106781186547,0.707106781186547,0.));
#8461=DIRECTION('',(-0.382675327397946,0.923882889656949,0.));
#8462=DIRECTION('',(0.,1.,0.));
#8463=DIRECTION('',(0.382675327397817,0.923882889657003,0.));
#8464=DIRECTION('',(0.70710678118673,0.707106781186365,0.));
#8465=DIRECTION('',(0.923882889656885,0.382675327398101,0.));
#8466=DIRECTION('',(0.995183975717045,0.0980247646057681,0.));
#8467=DIRECTION('',(1.,0.,0.));
#8468=DIRECTION('',(0.980787134598118,-0.19508100011742,0.));
#8469=DIRECTION('',(0.707106781186547,-0.707106781186547,0.));
#8470=DIRECTION('',(0.195081000116835,-0.980787134598235,0.));
#8471=DIRECTION('',(0.,-1.,0.));
#8472=DIRECTION('',(-0.195081000116835,-0.980787134598235,0.));
#8473=DIRECTION('',(-0.707106781186741,-0.707106781186354,0.));
#8474=DIRECTION('',(-0.980787134598263,-0.19508100011669,0.));
#8475=DIRECTION('',(-1.,0.,0.));
#8476=DIRECTION('',(-0.980787134598263,0.19508100011669,0.));
#8477=DIRECTION('',(-0.707106781186354,0.707106781186741,0.));
#8478=DIRECTION('',(-0.195081000118295,0.980787134597944,0.));
#8479=DIRECTION('',(0.,1.,0.));
#8480=DIRECTION('',(0.195081000118295,0.980787134597944,0.));
#8481=DIRECTION('',(0.707106781186161,0.707106781186934,0.));
#8482=DIRECTION('',(0.980787134598118,0.19508100011742,0.));
#8483=DIRECTION('',(1.,0.,0.));
#8484=DIRECTION('',(0.980787134598235,-0.195081000116835,0.));
#8485=DIRECTION('',(0.707106781186934,-0.707106781186161,0.));
#8486=DIRECTION('',(0.195081000116835,-0.980787134598235,0.));
#8487=DIRECTION('',(0.,-1.,0.));
#8488=DIRECTION('',(-0.195081000116835,-0.980787134598235,0.));
#8489=DIRECTION('',(-0.707106781186934,-0.707106781186161,0.));
#8490=DIRECTION('',(-0.980787134598235,-0.195081000116835,0.));
#8491=DIRECTION('',(-1.,0.,0.));
#8492=DIRECTION('',(-0.980787134598235,0.195081000116835,0.));
#8493=DIRECTION('',(-0.707106781186741,0.707106781186354,0.));
#8494=DIRECTION('',(-0.195081000117565,0.980787134598089,0.));
#8495=DIRECTION('',(0.,1.,0.));
#8496=DIRECTION('',(0.195081000117565,0.980787134598089,0.));
#8497=DIRECTION('',(0.707106781186741,0.707106781186354,0.));
#8498=DIRECTION('',(0.980787134598235,0.195081000116835,0.));
#8499=DIRECTION('',(1.,0.,0.));
#8500=DIRECTION('',(0.980787134598089,-0.195081000117565,0.));
#8501=DIRECTION('',(0.707106781186547,-0.707106781186547,0.));
#8502=DIRECTION('',(0.195081000117565,-0.980787134598089,0.));
#8503=DIRECTION('',(0.,-1.,0.));
#8504=DIRECTION('',(-0.195081000117565,-0.980787134598089,0.));
#8505=DIRECTION('',(-0.707106781186547,-0.707106781186547,0.));
#8506=DIRECTION('',(-0.980787134598235,-0.195081000116835,0.));
#8507=DIRECTION('',(-1.,0.,0.));
#8508=DIRECTION('',(-0.980787134598206,0.19508100011698,0.));
#8509=DIRECTION('',(-0.707106781186547,0.707106781186547,0.));
#8510=DIRECTION('',(-0.195081000118295,0.980787134597944,0.));
#8511=DIRECTION('',(0.,1.,0.));
#8512=DIRECTION('',(0.195081000118295,0.980787134597944,0.));
#8513=DIRECTION('',(0.707106781186547,0.707106781186547,0.));
#8514=DIRECTION('',(0.98078713459806,0.19508100011771,0.));
#8515=DIRECTION('center_axis',(0.,1.,0.));
#8516=DIRECTION('ref_axis',(-1.,0.,0.));
#8517=DIRECTION('',(-1.,0.,0.));
#8518=DIRECTION('',(0.,0.,1.));
#8519=DIRECTION('center_axis',(0.19508100011771,-0.980787134598061,0.));
#8520=DIRECTION('ref_axis',(0.98078713459806,0.19508100011771,0.));
#8521=DIRECTION('',(0.98078713459806,0.19508100011771,0.));
#8522=DIRECTION('',(0.,0.,1.));
#8523=DIRECTION('',(0.,0.,1.));
#8524=DIRECTION('center_axis',(0.707106781186548,-0.707106781186548,0.));
#8525=DIRECTION('ref_axis',(0.707106781186548,0.707106781186548,0.));
#8526=DIRECTION('',(0.707106781186547,0.707106781186547,0.));
#8527=DIRECTION('',(0.,0.,1.));
#8528=DIRECTION('center_axis',(0.980787134597944,-0.195081000118295,0.));
#8529=DIRECTION('ref_axis',(0.195081000118295,0.980787134597944,0.));
#8530=DIRECTION('',(0.195081000118295,0.980787134597944,0.));
#8531=DIRECTION('',(0.,0.,1.));
#8532=DIRECTION('center_axis',(1.,0.,0.));
#8533=DIRECTION('ref_axis',(0.,1.,0.));
#8534=DIRECTION('',(0.,1.,0.));
#8535=DIRECTION('',(0.,0.,1.));
#8536=DIRECTION('center_axis',(0.980787134597944,0.195081000118295,0.));
#8537=DIRECTION('ref_axis',(-0.195081000118295,0.980787134597944,0.));
#8538=DIRECTION('',(-0.195081000118295,0.980787134597944,0.));
#8539=DIRECTION('',(0.,0.,1.));
#8540=DIRECTION('center_axis',(0.707106781186548,0.707106781186548,0.));
#8541=DIRECTION('ref_axis',(-0.707106781186548,0.707106781186548,0.));
#8542=DIRECTION('',(-0.707106781186547,0.707106781186547,0.));
#8543=DIRECTION('',(0.,0.,1.));
#8544=DIRECTION('center_axis',(0.19508100011698,0.980787134598206,0.));
#8545=DIRECTION('ref_axis',(-0.980787134598206,0.19508100011698,0.));
#8546=DIRECTION('',(-0.980787134598206,0.19508100011698,0.));
#8547=DIRECTION('',(0.,0.,1.));
#8548=DIRECTION('center_axis',(0.,1.,0.));
#8549=DIRECTION('ref_axis',(-1.,0.,0.));
#8550=DIRECTION('',(-1.,0.,0.));
#8551=DIRECTION('',(0.,0.,1.));
#8552=DIRECTION('center_axis',(-0.195081000116835,0.980787134598235,0.));
#8553=DIRECTION('ref_axis',(-0.980787134598235,-0.195081000116835,0.));
#8554=DIRECTION('',(-0.980787134598235,-0.195081000116835,0.));
#8555=DIRECTION('',(0.,0.,1.));
#8556=DIRECTION('center_axis',(-0.707106781186548,0.707106781186548,0.));
#8557=DIRECTION('ref_axis',(-0.707106781186548,-0.707106781186548,0.));
#8558=DIRECTION('',(-0.707106781186547,-0.707106781186547,0.));
#8559=DIRECTION('',(0.,0.,1.));
#8560=DIRECTION('center_axis',(-0.980787134598089,0.195081000117565,0.));
#8561=DIRECTION('ref_axis',(-0.195081000117565,-0.980787134598089,0.));
#8562=DIRECTION('',(-0.195081000117565,-0.980787134598089,0.));
#8563=DIRECTION('',(0.,0.,1.));
#8564=DIRECTION('center_axis',(-1.,0.,0.));
#8565=DIRECTION('ref_axis',(0.,-1.,0.));
#8566=DIRECTION('',(0.,-1.,0.));
#8567=DIRECTION('',(0.,0.,1.));
#8568=DIRECTION('center_axis',(-0.980787134598089,-0.195081000117565,0.));
#8569=DIRECTION('ref_axis',(0.195081000117565,-0.980787134598089,0.));
#8570=DIRECTION('',(0.195081000117565,-0.980787134598089,0.));
#8571=DIRECTION('',(0.,0.,1.));
#8572=DIRECTION('center_axis',(-0.707106781186548,-0.707106781186548,0.));
#8573=DIRECTION('ref_axis',(0.707106781186548,-0.707106781186548,0.));
#8574=DIRECTION('',(0.707106781186547,-0.707106781186547,0.));
#8575=DIRECTION('',(0.,0.,1.));
#8576=DIRECTION('center_axis',(-0.195081000117565,-0.980787134598089,0.));
#8577=DIRECTION('ref_axis',(0.980787134598089,-0.195081000117565,0.));
#8578=DIRECTION('',(0.980787134598089,-0.195081000117565,0.));
#8579=DIRECTION('',(0.,0.,1.));
#8580=DIRECTION('center_axis',(0.,-1.,0.));
#8581=DIRECTION('ref_axis',(1.,0.,0.));
#8582=DIRECTION('',(1.,0.,0.));
#8583=DIRECTION('center_axis',(0.195081000116835,-0.980787134598235,0.));
#8584=DIRECTION('ref_axis',(0.980787134598235,0.195081000116835,0.));
#8585=DIRECTION('',(0.980787134598235,0.195081000116835,0.));
#8586=DIRECTION('',(0.,0.,1.));
#8587=DIRECTION('',(0.,0.,1.));
#8588=DIRECTION('center_axis',(0.707106781186354,-0.707106781186741,0.));
#8589=DIRECTION('ref_axis',(0.707106781186741,0.707106781186354,0.));
#8590=DIRECTION('',(0.707106781186741,0.707106781186354,0.));
#8591=DIRECTION('',(0.,0.,1.));
#8592=DIRECTION('center_axis',(0.980787134598089,-0.195081000117565,0.));
#8593=DIRECTION('ref_axis',(0.195081000117565,0.980787134598089,0.));
#8594=DIRECTION('',(0.195081000117565,0.980787134598089,0.));
#8595=DIRECTION('',(0.,0.,1.));
#8596=DIRECTION('center_axis',(1.,0.,0.));
#8597=DIRECTION('ref_axis',(0.,1.,0.));
#8598=DIRECTION('',(0.,1.,0.));
#8599=DIRECTION('',(0.,0.,1.));
#8600=DIRECTION('center_axis',(0.980787134598089,0.195081000117565,0.));
#8601=DIRECTION('ref_axis',(-0.195081000117565,0.980787134598089,0.));
#8602=DIRECTION('',(-0.195081000117565,0.980787134598089,0.));
#8603=DIRECTION('',(0.,0.,1.));
#8604=DIRECTION('center_axis',(0.707106781186354,0.707106781186741,0.));
#8605=DIRECTION('ref_axis',(-0.707106781186741,0.707106781186354,0.));
#8606=DIRECTION('',(-0.707106781186741,0.707106781186354,0.));
#8607=DIRECTION('',(0.,0.,1.));
#8608=DIRECTION('center_axis',(0.195081000116835,0.980787134598235,0.));
#8609=DIRECTION('ref_axis',(-0.980787134598235,0.195081000116835,0.));
#8610=DIRECTION('',(-0.980787134598235,0.195081000116835,0.));
#8611=DIRECTION('',(0.,0.,1.));
#8612=DIRECTION('center_axis',(0.,1.,0.));
#8613=DIRECTION('ref_axis',(-1.,0.,0.));
#8614=DIRECTION('',(-1.,0.,0.));
#8615=DIRECTION('',(0.,0.,1.));
#8616=DIRECTION('center_axis',(-0.195081000116835,0.980787134598235,0.));
#8617=DIRECTION('ref_axis',(-0.980787134598235,-0.195081000116835,0.));
#8618=DIRECTION('',(-0.980787134598235,-0.195081000116835,0.));
#8619=DIRECTION('',(0.,0.,1.));
#8620=DIRECTION('center_axis',(-0.707106781186161,0.707106781186934,0.));
#8621=DIRECTION('ref_axis',(-0.707106781186934,-0.707106781186161,0.));
#8622=DIRECTION('',(-0.707106781186934,-0.707106781186161,0.));
#8623=DIRECTION('',(0.,0.,1.));
#8624=DIRECTION('center_axis',(-0.980787134598235,0.195081000116835,0.));
#8625=DIRECTION('ref_axis',(-0.195081000116835,-0.980787134598235,0.));
#8626=DIRECTION('',(-0.195081000116835,-0.980787134598235,0.));
#8627=DIRECTION('',(0.,0.,1.));
#8628=DIRECTION('center_axis',(-1.,0.,0.));
#8629=DIRECTION('ref_axis',(0.,-1.,0.));
#8630=DIRECTION('',(0.,-1.,0.));
#8631=DIRECTION('',(0.,0.,1.));
#8632=DIRECTION('center_axis',(-0.980787134598235,-0.195081000116835,0.));
#8633=DIRECTION('ref_axis',(0.195081000116835,-0.980787134598235,0.));
#8634=DIRECTION('',(0.195081000116835,-0.980787134598235,0.));
#8635=DIRECTION('',(0.,0.,1.));
#8636=DIRECTION('center_axis',(-0.707106781186161,-0.707106781186934,0.));
#8637=DIRECTION('ref_axis',(0.707106781186934,-0.707106781186161,0.));
#8638=DIRECTION('',(0.707106781186934,-0.707106781186161,0.));
#8639=DIRECTION('',(0.,0.,1.));
#8640=DIRECTION('center_axis',(-0.195081000116835,-0.980787134598235,0.));
#8641=DIRECTION('ref_axis',(0.980787134598235,-0.195081000116835,0.));
#8642=DIRECTION('',(0.980787134598235,-0.195081000116835,0.));
#8643=DIRECTION('',(0.,0.,1.));
#8644=DIRECTION('center_axis',(0.,-1.,0.));
#8645=DIRECTION('ref_axis',(1.,0.,0.));
#8646=DIRECTION('',(1.,0.,0.));
#8647=DIRECTION('center_axis',(0.19508100011742,-0.980787134598118,0.));
#8648=DIRECTION('ref_axis',(0.980787134598118,0.19508100011742,0.));
#8649=DIRECTION('',(0.980787134598118,0.19508100011742,0.));
#8650=DIRECTION('',(0.,0.,1.));
#8651=DIRECTION('',(0.,0.,1.));
#8652=DIRECTION('center_axis',(0.707106781186934,-0.707106781186161,0.));
#8653=DIRECTION('ref_axis',(0.707106781186161,0.707106781186934,0.));
#8654=DIRECTION('',(0.707106781186161,0.707106781186934,0.));
#8655=DIRECTION('',(0.,0.,1.));
#8656=DIRECTION('center_axis',(0.980787134597944,-0.195081000118295,0.));
#8657=DIRECTION('ref_axis',(0.195081000118295,0.980787134597944,0.));
#8658=DIRECTION('',(0.195081000118295,0.980787134597944,0.));
#8659=DIRECTION('',(0.,0.,1.));
#8660=DIRECTION('center_axis',(1.,0.,0.));
#8661=DIRECTION('ref_axis',(0.,1.,0.));
#8662=DIRECTION('',(0.,1.,0.));
#8663=DIRECTION('',(0.,0.,1.));
#8664=DIRECTION('center_axis',(0.980787134597944,0.195081000118295,0.));
#8665=DIRECTION('ref_axis',(-0.195081000118295,0.980787134597944,0.));
#8666=DIRECTION('',(-0.195081000118295,0.980787134597944,0.));
#8667=DIRECTION('',(0.,0.,1.));
#8668=DIRECTION('center_axis',(0.707106781186741,0.707106781186354,0.));
#8669=DIRECTION('ref_axis',(-0.707106781186354,0.707106781186741,0.));
#8670=DIRECTION('',(-0.707106781186354,0.707106781186741,0.));
#8671=DIRECTION('',(0.,0.,1.));
#8672=DIRECTION('center_axis',(0.19508100011669,0.980787134598263,0.));
#8673=DIRECTION('ref_axis',(-0.980787134598263,0.19508100011669,0.));
#8674=DIRECTION('',(-0.980787134598263,0.19508100011669,0.));
#8675=DIRECTION('',(0.,0.,1.));
#8676=DIRECTION('center_axis',(0.,1.,0.));
#8677=DIRECTION('ref_axis',(-1.,0.,0.));
#8678=DIRECTION('',(-1.,0.,0.));
#8679=DIRECTION('',(0.,0.,1.));
#8680=DIRECTION('center_axis',(-0.19508100011669,0.980787134598263,0.));
#8681=DIRECTION('ref_axis',(-0.980787134598263,-0.19508100011669,0.));
#8682=DIRECTION('',(-0.980787134598263,-0.19508100011669,0.));
#8683=DIRECTION('',(0.,0.,1.));
#8684=DIRECTION('center_axis',(-0.707106781186354,0.707106781186741,0.));
#8685=DIRECTION('ref_axis',(-0.707106781186741,-0.707106781186354,0.));
#8686=DIRECTION('',(-0.707106781186741,-0.707106781186354,0.));
#8687=DIRECTION('',(0.,0.,1.));
#8688=DIRECTION('center_axis',(-0.980787134598235,0.195081000116835,0.));
#8689=DIRECTION('ref_axis',(-0.195081000116835,-0.980787134598235,0.));
#8690=DIRECTION('',(-0.195081000116835,-0.980787134598235,0.));
#8691=DIRECTION('',(0.,0.,1.));
#8692=DIRECTION('center_axis',(-1.,0.,0.));
#8693=DIRECTION('ref_axis',(0.,-1.,0.));
#8694=DIRECTION('',(0.,-1.,0.));
#8695=DIRECTION('',(0.,0.,1.));
#8696=DIRECTION('center_axis',(-0.980787134598235,-0.195081000116835,0.));
#8697=DIRECTION('ref_axis',(0.195081000116835,-0.980787134598235,0.));
#8698=DIRECTION('',(0.195081000116835,-0.980787134598235,0.));
#8699=DIRECTION('',(0.,0.,1.));
#8700=DIRECTION('center_axis',(-0.707106781186548,-0.707106781186548,0.));
#8701=DIRECTION('ref_axis',(0.707106781186548,-0.707106781186548,0.));
#8702=DIRECTION('',(0.707106781186547,-0.707106781186547,0.));
#8703=DIRECTION('',(0.,0.,1.));
#8704=DIRECTION('center_axis',(-0.19508100011742,-0.980787134598118,0.));
#8705=DIRECTION('ref_axis',(0.980787134598118,-0.19508100011742,0.));
#8706=DIRECTION('',(0.980787134598118,-0.19508100011742,0.));
#8707=DIRECTION('',(0.,0.,1.));
#8708=DIRECTION('center_axis',(0.,-1.,0.));
#8709=DIRECTION('ref_axis',(1.,0.,0.));
#8710=DIRECTION('',(1.,0.,0.));
#8711=DIRECTION('center_axis',(0.0980247646057681,-0.995183975717045,0.));
#8712=DIRECTION('ref_axis',(0.995183975717045,0.0980247646057681,0.));
#8713=DIRECTION('',(0.995183975717045,0.0980247646057681,0.));
#8714=DIRECTION('',(0.,0.,1.));
#8715=DIRECTION('',(0.,0.,1.));
#8716=DIRECTION('center_axis',(0.382675327398101,-0.923882889656885,0.));
#8717=DIRECTION('ref_axis',(0.923882889656885,0.382675327398101,0.));
#8718=DIRECTION('',(0.923882889656885,0.382675327398101,0.));
#8719=DIRECTION('',(0.,0.,1.));
#8720=DIRECTION('center_axis',(0.707106781186365,-0.70710678118673,0.));
#8721=DIRECTION('ref_axis',(0.70710678118673,0.707106781186365,0.));
#8722=DIRECTION('',(0.70710678118673,0.707106781186365,0.));
#8723=DIRECTION('',(0.,0.,1.));
#8724=DIRECTION('center_axis',(0.923882889657003,-0.382675327397817,0.));
#8725=DIRECTION('ref_axis',(0.382675327397817,0.923882889657003,0.));
#8726=DIRECTION('',(0.382675327397817,0.923882889657003,0.));
#8727=DIRECTION('',(0.,0.,1.));
#8728=DIRECTION('center_axis',(1.,0.,0.));
#8729=DIRECTION('ref_axis',(0.,1.,0.));
#8730=DIRECTION('',(0.,1.,0.));
#8731=DIRECTION('',(0.,0.,1.));
#8732=DIRECTION('center_axis',(0.92388288965695,0.382675327397946,0.));
#8733=DIRECTION('ref_axis',(-0.382675327397946,0.923882889656949,0.));
#8734=DIRECTION('',(-0.382675327397946,0.923882889656949,0.));
#8735=DIRECTION('',(0.,0.,1.));
#8736=DIRECTION('center_axis',(0.707106781186548,0.707106781186548,0.));
#8737=DIRECTION('ref_axis',(-0.707106781186548,0.707106781186548,0.));
#8738=DIRECTION('',(-0.707106781186547,0.707106781186547,0.));
#8739=DIRECTION('',(0.,0.,1.));
#8740=DIRECTION('center_axis',(0.382675327398101,0.923882889656885,0.));
#8741=DIRECTION('ref_axis',(-0.923882889656885,0.382675327398101,0.));
#8742=DIRECTION('',(-0.923882889656885,0.382675327398101,0.));
#8743=DIRECTION('',(0.,0.,1.));
#8744=DIRECTION('center_axis',(0.0980247646050501,0.995183975717116,0.));
#8745=DIRECTION('ref_axis',(-0.995183975717116,0.0980247646050501,0.));
#8746=DIRECTION('',(-0.995183975717116,0.0980247646050501,0.));
#8747=DIRECTION('',(0.,0.,1.));
#8748=DIRECTION('center_axis',(0.,1.,0.));
#8749=DIRECTION('ref_axis',(-1.,0.,0.));
#8750=DIRECTION('',(-1.,0.,0.));
#8751=DIRECTION('',(0.,0.,1.));
#8752=DIRECTION('center_axis',(-0.0980247646050501,0.995183975717116,0.));
#8753=DIRECTION('ref_axis',(-0.995183975717116,-0.0980247646050501,0.));
#8754=DIRECTION('',(-0.995183975717116,-0.0980247646050501,0.));
#8755=DIRECTION('',(0.,0.,1.));
#8756=DIRECTION('center_axis',(-0.382675327398101,0.923882889656885,0.));
#8757=DIRECTION('ref_axis',(-0.923882889656885,-0.382675327398101,0.));
#8758=DIRECTION('',(-0.923882889656885,-0.382675327398101,0.));
#8759=DIRECTION('',(0.,0.,1.));
#8760=DIRECTION('center_axis',(-0.707106781186548,0.707106781186548,0.));
#8761=DIRECTION('ref_axis',(-0.707106781186548,-0.707106781186548,0.));
#8762=DIRECTION('',(-0.707106781186547,-0.707106781186547,0.));
#8763=DIRECTION('',(0.,0.,1.));
#8764=DIRECTION('center_axis',(-0.92388288965695,0.382675327397946,0.));
#8765=DIRECTION('ref_axis',(-0.382675327397946,-0.923882889656949,0.));
#8766=DIRECTION('',(-0.382675327397946,-0.923882889656949,0.));
#8767=DIRECTION('',(0.,0.,1.));
#8768=DIRECTION('center_axis',(-1.,0.,0.));
#8769=DIRECTION('ref_axis',(0.,-1.,0.));
#8770=DIRECTION('',(0.,-1.,0.));
#8771=DIRECTION('',(0.,0.,1.));
#8772=DIRECTION('center_axis',(-0.923882889657003,-0.382675327397817,0.));
#8773=DIRECTION('ref_axis',(0.382675327397817,-0.923882889657003,0.));
#8774=DIRECTION('',(0.382675327397817,-0.923882889657003,0.));
#8775=DIRECTION('',(0.,0.,1.));
#8776=DIRECTION('center_axis',(-0.707106781186365,-0.70710678118673,0.));
#8777=DIRECTION('ref_axis',(0.70710678118673,-0.707106781186365,0.));
#8778=DIRECTION('',(0.70710678118673,-0.707106781186365,0.));
#8779=DIRECTION('',(0.,0.,1.));
#8780=DIRECTION('center_axis',(-0.382675327398101,-0.923882889656885,0.));
#8781=DIRECTION('ref_axis',(0.923882889656885,-0.382675327398101,0.));
#8782=DIRECTION('',(0.923882889656885,-0.382675327398101,0.));
#8783=DIRECTION('',(0.,0.,1.));
#8784=DIRECTION('center_axis',(-0.0980247646057681,-0.995183975717045,0.));
#8785=DIRECTION('ref_axis',(0.995183975717045,-0.0980247646057681,0.));
#8786=DIRECTION('',(0.995183975717045,-0.0980247646057681,0.));
#8787=DIRECTION('',(0.,0.,1.));
#8788=DIRECTION('center_axis',(0.,-1.,0.));
#8789=DIRECTION('ref_axis',(1.,0.,0.));
#8790=DIRECTION('',(1.,0.,0.));
#8791=DIRECTION('center_axis',(0.0980247646056974,-0.995183975717052,0.));
#8792=DIRECTION('ref_axis',(0.995183975717052,0.0980247646056974,0.));
#8793=DIRECTION('',(0.995183975717052,0.0980247646056974,0.));
#8794=DIRECTION('',(0.,0.,1.));
#8795=DIRECTION('',(0.,0.,1.));
#8796=DIRECTION('center_axis',(0.382675327398101,-0.923882889656885,0.));
#8797=DIRECTION('ref_axis',(0.923882889656885,0.382675327398101,0.));
#8798=DIRECTION('',(0.923882889656885,0.382675327398101,0.));
#8799=DIRECTION('',(0.,0.,1.));
#8800=DIRECTION('center_axis',(0.707106781186365,-0.70710678118673,0.));
#8801=DIRECTION('ref_axis',(0.70710678118673,0.707106781186365,0.));
#8802=DIRECTION('',(0.70710678118673,0.707106781186365,0.));
#8803=DIRECTION('',(0.,0.,1.));
#8804=DIRECTION('center_axis',(0.923882889657003,-0.382675327397817,0.));
#8805=DIRECTION('ref_axis',(0.382675327397817,0.923882889657003,0.));
#8806=DIRECTION('',(0.382675327397817,0.923882889657003,0.));
#8807=DIRECTION('',(0.,0.,1.));
#8808=DIRECTION('center_axis',(1.,0.,0.));
#8809=DIRECTION('ref_axis',(0.,1.,0.));
#8810=DIRECTION('',(0.,1.,0.));
#8811=DIRECTION('',(0.,0.,1.));
#8812=DIRECTION('center_axis',(0.92388288965695,0.382675327397946,0.));
#8813=DIRECTION('ref_axis',(-0.382675327397946,0.923882889656949,0.));
#8814=DIRECTION('',(-0.382675327397946,0.923882889656949,0.));
#8815=DIRECTION('',(0.,0.,1.));
#8816=DIRECTION('center_axis',(0.707106781186548,0.707106781186548,0.));
#8817=DIRECTION('ref_axis',(-0.707106781186548,0.707106781186548,0.));
#8818=DIRECTION('',(-0.707106781186547,0.707106781186547,0.));
#8819=DIRECTION('',(0.,0.,1.));
#8820=DIRECTION('center_axis',(0.382675327398101,0.923882889656885,0.));
#8821=DIRECTION('ref_axis',(-0.923882889656885,0.382675327398101,0.));
#8822=DIRECTION('',(-0.923882889656885,0.382675327398101,0.));
#8823=DIRECTION('',(0.,0.,1.));
#8824=DIRECTION('center_axis',(0.0980247646049794,0.995183975717123,0.));
#8825=DIRECTION('ref_axis',(-0.995183975717122,0.0980247646049794,0.));
#8826=DIRECTION('',(-0.995183975717122,0.0980247646049794,0.));
#8827=DIRECTION('',(0.,0.,1.));
#8828=DIRECTION('center_axis',(0.,1.,0.));
#8829=DIRECTION('ref_axis',(-1.,0.,0.));
#8830=DIRECTION('',(-1.,0.,0.));
#8831=DIRECTION('',(0.,0.,1.));
#8832=DIRECTION('center_axis',(1.,0.,0.));
#8833=DIRECTION('ref_axis',(0.,1.,0.));
#8834=DIRECTION('',(0.,1.,0.));
#8835=DIRECTION('',(0.,0.,1.));
#8836=DIRECTION('center_axis',(0.995183975717048,0.0980247646057327,0.));
#8837=DIRECTION('ref_axis',(-0.0980247646057327,0.995183975717048,0.));
#8838=DIRECTION('',(-0.0980247646057327,0.995183975717048,0.));
#8839=DIRECTION('',(0.,0.,1.));
#8840=DIRECTION('center_axis',(0.923882889657132,0.382675327397506,0.));
#8841=DIRECTION('ref_axis',(-0.382675327397506,0.923882889657132,0.));
#8842=DIRECTION('',(-0.382675327397506,0.923882889657132,0.));
#8843=DIRECTION('',(0.,0.,1.));
#8844=DIRECTION('center_axis',(0.707106781186365,0.70710678118673,0.));
#8845=DIRECTION('ref_axis',(-0.70710678118673,0.707106781186365,0.));
#8846=DIRECTION('',(-0.70710678118673,0.707106781186365,0.));
#8847=DIRECTION('',(0.,0.,1.));
#8848=DIRECTION('center_axis',(0.382675327398257,0.923882889656821,0.));
#8849=DIRECTION('ref_axis',(-0.923882889656821,0.382675327398257,0.));
#8850=DIRECTION('',(-0.923882889656821,0.382675327398257,0.));
#8851=DIRECTION('',(0.,0.,1.));
#8852=DIRECTION('center_axis',(0.,1.,0.));
#8853=DIRECTION('ref_axis',(-1.,0.,0.));
#8854=DIRECTION('',(-1.,0.,0.));
#8855=DIRECTION('',(0.,0.,1.));
#8856=DIRECTION('center_axis',(-0.382675327398257,0.923882889656821,0.));
#8857=DIRECTION('ref_axis',(-0.923882889656821,-0.382675327398257,0.));
#8858=DIRECTION('',(-0.923882889656821,-0.382675327398257,0.));
#8859=DIRECTION('',(0.,0.,1.));
#8860=DIRECTION('center_axis',(-0.707106781186365,0.70710678118673,0.));
#8861=DIRECTION('ref_axis',(-0.70710678118673,-0.707106781186365,0.));
#8862=DIRECTION('',(-0.70710678118673,-0.707106781186365,0.));
#8863=DIRECTION('',(0.,0.,1.));
#8864=DIRECTION('center_axis',(-0.923882889657132,0.382675327397506,0.));
#8865=DIRECTION('ref_axis',(-0.382675327397506,-0.923882889657132,0.));
#8866=DIRECTION('',(-0.382675327397506,-0.923882889657132,0.));
#8867=DIRECTION('',(0.,0.,1.));
#8868=DIRECTION('center_axis',(-0.995183975717048,0.0980247646057327,0.));
#8869=DIRECTION('ref_axis',(-0.0980247646057327,-0.995183975717048,0.));
#8870=DIRECTION('',(-0.0980247646057327,-0.995183975717048,0.));
#8871=DIRECTION('',(0.,0.,1.));
#8872=DIRECTION('center_axis',(-1.,0.,0.));
#8873=DIRECTION('ref_axis',(0.,-1.,0.));
#8874=DIRECTION('',(0.,-1.,0.));
#8875=DIRECTION('',(0.,0.,1.));
#8876=DIRECTION('center_axis',(-0.995183975717041,-0.0980247646058035,0.));
#8877=DIRECTION('ref_axis',(0.0980247646058034,-0.995183975717041,0.));
#8878=DIRECTION('',(0.0980247646058034,-0.995183975717041,0.));
#8879=DIRECTION('',(0.,0.,1.));
#8880=DIRECTION('center_axis',(-0.923882889657132,-0.382675327397506,0.));
#8881=DIRECTION('ref_axis',(0.382675327397506,-0.923882889657132,0.));
#8882=DIRECTION('',(0.382675327397506,-0.923882889657132,0.));
#8883=DIRECTION('',(0.,0.,1.));
#8884=DIRECTION('center_axis',(-0.707106781186365,-0.70710678118673,0.));
#8885=DIRECTION('ref_axis',(0.70710678118673,-0.707106781186365,0.));
#8886=DIRECTION('',(0.70710678118673,-0.707106781186365,0.));
#8887=DIRECTION('',(0.,0.,1.));
#8888=DIRECTION('center_axis',(-0.382675327398101,-0.923882889656885,0.));
#8889=DIRECTION('ref_axis',(0.923882889656885,-0.382675327398101,0.));
#8890=DIRECTION('',(0.923882889656885,-0.382675327398101,0.));
#8891=DIRECTION('',(0.,0.,1.));
#8892=DIRECTION('center_axis',(-0.0980247646056974,-0.995183975717052,0.));
#8893=DIRECTION('ref_axis',(0.995183975717052,-0.0980247646056974,0.));
#8894=DIRECTION('',(0.995183975717052,-0.0980247646056974,0.));
#8895=DIRECTION('',(0.,0.,1.));
#8896=DIRECTION('center_axis',(0.,-1.,0.));
#8897=DIRECTION('ref_axis',(1.,0.,0.));
#8898=DIRECTION('',(1.,0.,0.));
#8899=DIRECTION('center_axis',(0.19508100011742,-0.980787134598118,0.));
#8900=DIRECTION('ref_axis',(0.980787134598118,0.19508100011742,0.));
#8901=DIRECTION('',(0.980787134598118,0.19508100011742,0.));
#8902=DIRECTION('',(0.,0.,1.));
#8903=DIRECTION('',(0.,0.,1.));
#8904=DIRECTION('center_axis',(0.707106781186548,-0.707106781186548,0.));
#8905=DIRECTION('ref_axis',(0.707106781186548,0.707106781186548,0.));
#8906=DIRECTION('',(0.707106781186547,0.707106781186547,0.));
#8907=DIRECTION('',(0.,0.,1.));
#8908=DIRECTION('center_axis',(0.980787134598235,-0.195081000116835,0.));
#8909=DIRECTION('ref_axis',(0.195081000116835,0.980787134598235,0.));
#8910=DIRECTION('',(0.195081000116835,0.980787134598235,0.));
#8911=DIRECTION('',(0.,0.,1.));
#8912=DIRECTION('center_axis',(1.,0.,0.));
#8913=DIRECTION('ref_axis',(0.,1.,0.));
#8914=DIRECTION('',(0.,1.,0.));
#8915=DIRECTION('',(0.,0.,1.));
#8916=DIRECTION('center_axis',(0.980787134598235,0.195081000116835,0.));
#8917=DIRECTION('ref_axis',(-0.195081000116835,0.980787134598235,0.));
#8918=DIRECTION('',(-0.195081000116835,0.980787134598235,0.));
#8919=DIRECTION('',(0.,0.,1.));
#8920=DIRECTION('center_axis',(0.707106781186354,0.707106781186741,0.));
#8921=DIRECTION('ref_axis',(-0.707106781186741,0.707106781186354,0.));
#8922=DIRECTION('',(-0.707106781186741,0.707106781186354,0.));
#8923=DIRECTION('',(0.,0.,1.));
#8924=DIRECTION('center_axis',(0.19508100011669,0.980787134598263,0.));
#8925=DIRECTION('ref_axis',(-0.980787134598263,0.19508100011669,0.));
#8926=DIRECTION('',(-0.980787134598263,0.19508100011669,0.));
#8927=DIRECTION('',(0.,0.,1.));
#8928=DIRECTION('center_axis',(0.,1.,0.));
#8929=DIRECTION('ref_axis',(-1.,0.,0.));
#8930=DIRECTION('',(-1.,0.,0.));
#8931=DIRECTION('',(0.,0.,1.));
#8932=DIRECTION('center_axis',(-0.19508100011669,0.980787134598263,0.));
#8933=DIRECTION('ref_axis',(-0.980787134598263,-0.19508100011669,0.));
#8934=DIRECTION('',(-0.980787134598263,-0.19508100011669,0.));
#8935=DIRECTION('',(0.,0.,1.));
#8936=DIRECTION('center_axis',(-0.707106781186741,0.707106781186354,0.));
#8937=DIRECTION('ref_axis',(-0.707106781186354,-0.707106781186741,0.));
#8938=DIRECTION('',(-0.707106781186354,-0.707106781186741,0.));
#8939=DIRECTION('',(0.,0.,1.));
#8940=DIRECTION('center_axis',(-0.980787134597944,0.195081000118295,0.));
#8941=DIRECTION('ref_axis',(-0.195081000118295,-0.980787134597944,0.));
#8942=DIRECTION('',(-0.195081000118295,-0.980787134597944,0.));
#8943=DIRECTION('',(0.,0.,1.));
#8944=DIRECTION('center_axis',(-1.,0.,0.));
#8945=DIRECTION('ref_axis',(0.,-1.,0.));
#8946=DIRECTION('',(0.,-1.,0.));
#8947=DIRECTION('',(0.,0.,1.));
#8948=DIRECTION('center_axis',(-0.980787134597944,-0.195081000118295,0.));
#8949=DIRECTION('ref_axis',(0.195081000118295,-0.980787134597944,0.));
#8950=DIRECTION('',(0.195081000118295,-0.980787134597944,0.));
#8951=DIRECTION('',(0.,0.,1.));
#8952=DIRECTION('center_axis',(-0.707106781186934,-0.707106781186161,0.));
#8953=DIRECTION('ref_axis',(0.707106781186161,-0.707106781186934,0.));
#8954=DIRECTION('',(0.707106781186161,-0.707106781186934,0.));
#8955=DIRECTION('',(0.,0.,1.));
#8956=DIRECTION('center_axis',(-0.19508100011742,-0.980787134598118,0.));
#8957=DIRECTION('ref_axis',(0.980787134598118,-0.19508100011742,0.));
#8958=DIRECTION('',(0.980787134598118,-0.19508100011742,0.));
#8959=DIRECTION('',(0.,0.,1.));
#8960=DIRECTION('center_axis',(0.,-1.,0.));
#8961=DIRECTION('ref_axis',(1.,0.,0.));
#8962=DIRECTION('',(1.,0.,0.));
#8963=DIRECTION('center_axis',(0.195081000116835,-0.980787134598235,0.));
#8964=DIRECTION('ref_axis',(0.980787134598235,0.195081000116835,0.));
#8965=DIRECTION('',(0.980787134598235,0.195081000116835,0.));
#8966=DIRECTION('',(0.,0.,1.));
#8967=DIRECTION('',(0.,0.,1.));
#8968=DIRECTION('center_axis',(0.707106781186354,-0.707106781186741,0.));
#8969=DIRECTION('ref_axis',(0.707106781186741,0.707106781186354,0.));
#8970=DIRECTION('',(0.707106781186741,0.707106781186354,0.));
#8971=DIRECTION('',(0.,0.,1.));
#8972=DIRECTION('center_axis',(0.980787134598089,-0.195081000117565,0.));
#8973=DIRECTION('ref_axis',(0.195081000117565,0.980787134598089,0.));
#8974=DIRECTION('',(0.195081000117565,0.980787134598089,0.));
#8975=DIRECTION('',(0.,0.,1.));
#8976=DIRECTION('center_axis',(1.,0.,0.));
#8977=DIRECTION('ref_axis',(0.,1.,0.));
#8978=DIRECTION('',(0.,1.,0.));
#8979=DIRECTION('',(0.,0.,1.));
#8980=DIRECTION('center_axis',(0.980787134598089,0.195081000117565,0.));
#8981=DIRECTION('ref_axis',(-0.195081000117565,0.980787134598089,0.));
#8982=DIRECTION('',(-0.195081000117565,0.980787134598089,0.));
#8983=DIRECTION('',(0.,0.,1.));
#8984=DIRECTION('center_axis',(0.707106781186354,0.707106781186741,0.));
#8985=DIRECTION('ref_axis',(-0.707106781186741,0.707106781186354,0.));
#8986=DIRECTION('',(-0.707106781186741,0.707106781186354,0.));
#8987=DIRECTION('',(0.,0.,1.));
#8988=DIRECTION('center_axis',(0.195081000116835,0.980787134598235,0.));
#8989=DIRECTION('ref_axis',(-0.980787134598235,0.195081000116835,0.));
#8990=DIRECTION('',(-0.980787134598235,0.195081000116835,0.));
#8991=DIRECTION('',(0.,0.,1.));
#8992=DIRECTION('center_axis',(0.,1.,0.));
#8993=DIRECTION('ref_axis',(-1.,0.,0.));
#8994=DIRECTION('',(-1.,0.,0.));
#8995=DIRECTION('',(0.,0.,1.));
#8996=DIRECTION('center_axis',(-0.195081000116835,0.980787134598235,0.));
#8997=DIRECTION('ref_axis',(-0.980787134598235,-0.195081000116835,0.));
#8998=DIRECTION('',(-0.980787134598235,-0.195081000116835,0.));
#8999=DIRECTION('',(0.,0.,1.));
#9000=DIRECTION('center_axis',(-0.707106781186548,0.707106781186548,0.));
#9001=DIRECTION('ref_axis',(-0.707106781186548,-0.707106781186548,0.));
#9002=DIRECTION('',(-0.707106781186548,-0.707106781186548,0.));
#9003=DIRECTION('',(0.,0.,1.));
#9004=DIRECTION('center_axis',(-0.980787134597944,0.195081000118295,0.));
#9005=DIRECTION('ref_axis',(-0.195081000118295,-0.980787134597944,0.));
#9006=DIRECTION('',(-0.195081000118295,-0.980787134597944,0.));
#9007=DIRECTION('',(0.,0.,1.));
#9008=DIRECTION('center_axis',(-1.,0.,0.));
#9009=DIRECTION('ref_axis',(0.,-1.,0.));
#9010=DIRECTION('',(0.,-1.,0.));
#9011=DIRECTION('',(0.,0.,1.));
#9012=DIRECTION('center_axis',(-0.980787134597944,-0.195081000118295,0.));
#9013=DIRECTION('ref_axis',(0.195081000118295,-0.980787134597944,0.));
#9014=DIRECTION('',(0.195081000118295,-0.980787134597944,0.));
#9015=DIRECTION('',(0.,0.,1.));
#9016=DIRECTION('center_axis',(-0.707106781186548,-0.707106781186548,0.));
#9017=DIRECTION('ref_axis',(0.707106781186548,-0.707106781186548,0.));
#9018=DIRECTION('',(0.707106781186548,-0.707106781186548,0.));
#9019=DIRECTION('',(0.,0.,1.));
#9020=DIRECTION('center_axis',(-0.195081000116835,-0.980787134598235,0.));
#9021=DIRECTION('ref_axis',(0.980787134598235,-0.195081000116835,0.));
#9022=DIRECTION('',(0.980787134598235,-0.195081000116835,0.));
#9023=DIRECTION('',(0.,0.,1.));
#9024=DIRECTION('center_axis',(0.,-1.,0.));
#9025=DIRECTION('ref_axis',(1.,0.,0.));
#9026=DIRECTION('',(1.,0.,0.));
#9027=DIRECTION('center_axis',(0.0980247646057681,-0.995183975717045,0.));
#9028=DIRECTION('ref_axis',(0.995183975717045,0.0980247646057681,0.));
#9029=DIRECTION('',(0.995183975717045,0.0980247646057681,0.));
#9030=DIRECTION('',(0.,0.,1.));
#9031=DIRECTION('',(0.,0.,1.));
#9032=DIRECTION('center_axis',(0.382675327398101,-0.923882889656885,0.));
#9033=DIRECTION('ref_axis',(0.923882889656885,0.382675327398101,0.));
#9034=DIRECTION('',(0.923882889656885,0.382675327398101,0.));
#9035=DIRECTION('',(0.,0.,1.));
#9036=DIRECTION('center_axis',(0.707106781186365,-0.70710678118673,0.));
#9037=DIRECTION('ref_axis',(0.70710678118673,0.707106781186365,0.));
#9038=DIRECTION('',(0.70710678118673,0.707106781186365,0.));
#9039=DIRECTION('',(0.,0.,1.));
#9040=DIRECTION('center_axis',(0.923850522328082,-0.382753461635724,0.));
#9041=DIRECTION('ref_axis',(0.382753461635724,0.923850522328082,0.));
#9042=DIRECTION('',(0.382753461635724,0.923850522328082,0.));
#9043=DIRECTION('',(0.,0.,1.));
#9044=DIRECTION('center_axis',(-0.923850522325827,-0.382753461641168,0.));
#9045=DIRECTION('ref_axis',(0.382753461641168,-0.923850522325827,0.));
#9046=DIRECTION('',(0.382753461641168,-0.923850522325827,0.));
#9047=DIRECTION('',(0.,0.,1.));
#9048=DIRECTION('center_axis',(-0.707106781186548,-0.707106781186548,0.));
#9049=DIRECTION('ref_axis',(0.707106781186548,-0.707106781186548,0.));
#9050=DIRECTION('',(0.707106781186547,-0.707106781186547,0.));
#9051=DIRECTION('',(0.,0.,1.));
#9052=DIRECTION('center_axis',(-0.382675327397972,-0.923882889656938,0.));
#9053=DIRECTION('ref_axis',(0.923882889656938,-0.382675327397972,0.));
#9054=DIRECTION('',(0.923882889656938,-0.382675327397972,0.));
#9055=DIRECTION('',(0.,0.,1.));
#9056=DIRECTION('center_axis',(0.,-1.,0.));
#9057=DIRECTION('ref_axis',(1.,0.,0.));
#9058=DIRECTION('',(1.,0.,0.));
#9059=DIRECTION('',(0.,0.,1.));
#9060=DIRECTION('center_axis',(0.382675327397972,-0.923882889656938,0.));
#9061=DIRECTION('ref_axis',(0.923882889656938,0.382675327397972,0.));
#9062=DIRECTION('',(0.923882889656938,0.382675327397972,0.));
#9063=DIRECTION('',(0.,0.,1.));
#9064=DIRECTION('center_axis',(0.707106781186548,-0.707106781186548,0.));
#9065=DIRECTION('ref_axis',(0.707106781186548,0.707106781186548,0.));
#9066=DIRECTION('',(0.707106781186547,0.707106781186547,0.));
#9067=DIRECTION('',(0.,0.,1.));
#9068=DIRECTION('center_axis',(0.923882889657003,-0.382675327397817,0.));
#9069=DIRECTION('ref_axis',(0.382675327397817,0.923882889657003,0.));
#9070=DIRECTION('',(0.382675327397817,0.923882889657003,0.));
#9071=DIRECTION('',(0.,0.,1.));
#9072=DIRECTION('center_axis',(0.995183975717041,-0.0980247646058035,0.));
#9073=DIRECTION('ref_axis',(0.0980247646058034,0.995183975717041,0.));
#9074=DIRECTION('',(0.0980247646058034,0.995183975717041,0.));
#9075=DIRECTION('',(0.,0.,1.));
#9076=DIRECTION('center_axis',(1.,0.,0.));
#9077=DIRECTION('ref_axis',(0.,1.,0.));
#9078=DIRECTION('',(0.,1.,0.));
#9079=DIRECTION('',(0.,0.,1.));
#9080=DIRECTION('center_axis',(0.995183975717048,0.0980247646057327,0.));
#9081=DIRECTION('ref_axis',(-0.0980247646057327,0.995183975717048,0.));
#9082=DIRECTION('',(-0.0980247646057327,0.995183975717048,0.));
#9083=DIRECTION('',(0.,0.,1.));
#9084=DIRECTION('center_axis',(0.923882889657003,0.382675327397817,0.));
#9085=DIRECTION('ref_axis',(-0.382675327397817,0.923882889657003,0.));
#9086=DIRECTION('',(-0.382675327397817,0.923882889657003,0.));
#9087=DIRECTION('',(0.,0.,1.));
#9088=DIRECTION('center_axis',(0.707106781186548,0.707106781186548,0.));
#9089=DIRECTION('ref_axis',(-0.707106781186548,0.707106781186548,0.));
#9090=DIRECTION('',(-0.707106781186547,0.707106781186547,0.));
#9091=DIRECTION('',(0.,0.,1.));
#9092=DIRECTION('center_axis',(0.382675327398128,0.923882889656874,0.));
#9093=DIRECTION('ref_axis',(-0.923882889656874,0.382675327398128,0.));
#9094=DIRECTION('',(-0.923882889656874,0.382675327398128,0.));
#9095=DIRECTION('',(0.,0.,1.));
#9096=DIRECTION('center_axis',(0.,1.,0.));
#9097=DIRECTION('ref_axis',(-1.,0.,0.));
#9098=DIRECTION('',(-1.,0.,0.));
#9099=DIRECTION('',(0.,0.,1.));
#9100=DIRECTION('center_axis',(-0.382675327398128,0.923882889656874,0.));
#9101=DIRECTION('ref_axis',(-0.923882889656874,-0.382675327398128,0.));
#9102=DIRECTION('',(-0.923882889656874,-0.382675327398128,0.));
#9103=DIRECTION('',(0.,0.,1.));
#9104=DIRECTION('center_axis',(-0.707106781186548,0.707106781186548,0.));
#9105=DIRECTION('ref_axis',(-0.707106781186548,-0.707106781186548,0.));
#9106=DIRECTION('',(-0.707106781186547,-0.707106781186547,0.));
#9107=DIRECTION('',(0.,0.,1.));
#9108=DIRECTION('center_axis',(-0.923882889657003,0.382675327397817,0.));
#9109=DIRECTION('ref_axis',(-0.382675327397817,-0.923882889657003,0.));
#9110=DIRECTION('',(-0.382675327397817,-0.923882889657003,0.));
#9111=DIRECTION('',(0.,0.,1.));
#9112=DIRECTION('center_axis',(-0.995183975717048,0.0980247646057327,0.));
#9113=DIRECTION('ref_axis',(-0.0980247646057327,-0.995183975717048,0.));
#9114=DIRECTION('',(-0.0980247646057327,-0.995183975717048,0.));
#9115=DIRECTION('',(0.,0.,1.));
#9116=DIRECTION('center_axis',(-1.,0.,0.));
#9117=DIRECTION('ref_axis',(0.,-1.,0.));
#9118=DIRECTION('',(0.,-1.,0.));
#9119=DIRECTION('',(0.,0.,1.));
#9120=DIRECTION('center_axis',(0.707106781186548,0.707106781186548,0.));
#9121=DIRECTION('ref_axis',(-0.707106781186548,0.707106781186548,0.));
#9122=DIRECTION('',(-0.707106781186548,0.707106781186548,0.));
#9123=DIRECTION('',(0.,0.,1.));
#9124=DIRECTION('center_axis',(0.382675327398101,0.923882889656885,0.));
#9125=DIRECTION('ref_axis',(-0.923882889656885,0.382675327398101,0.));
#9126=DIRECTION('',(-0.923882889656885,0.382675327398101,0.));
#9127=DIRECTION('',(0.,0.,1.));
#9128=DIRECTION('center_axis',(0.0980247646050501,0.995183975717116,0.));
#9129=DIRECTION('ref_axis',(-0.995183975717116,0.0980247646050501,0.));
#9130=DIRECTION('',(-0.995183975717116,0.0980247646050501,0.));
#9131=DIRECTION('',(0.,0.,1.));
#9132=DIRECTION('center_axis',(0.,1.,0.));
#9133=DIRECTION('ref_axis',(-1.,0.,0.));
#9134=DIRECTION('',(-1.,0.,0.));
#9135=DIRECTION('',(0.,0.,1.));
#9136=DIRECTION('center_axis',(-0.0980247646049794,0.995183975717123,0.));
#9137=DIRECTION('ref_axis',(-0.995183975717122,-0.0980247646049794,0.));
#9138=DIRECTION('',(-0.995183975717122,-0.0980247646049794,0.));
#9139=DIRECTION('',(0.,0.,1.));
#9140=DIRECTION('center_axis',(-0.382675327398101,0.923882889656885,0.));
#9141=DIRECTION('ref_axis',(-0.923882889656885,-0.382675327398101,0.));
#9142=DIRECTION('',(-0.923882889656885,-0.382675327398101,0.));
#9143=DIRECTION('',(0.,0.,1.));
#9144=DIRECTION('center_axis',(-0.70710678118673,0.707106781186365,0.));
#9145=DIRECTION('ref_axis',(-0.707106781186365,-0.70710678118673,0.));
#9146=DIRECTION('',(-0.707106781186365,-0.70710678118673,0.));
#9147=DIRECTION('',(0.,0.,1.));
#9148=DIRECTION('center_axis',(-0.923882889656821,0.382675327398257,0.));
#9149=DIRECTION('ref_axis',(-0.382675327398257,-0.923882889656821,0.));
#9150=DIRECTION('',(-0.382675327398257,-0.923882889656821,0.));
#9151=DIRECTION('',(0.,0.,1.));
#9152=DIRECTION('center_axis',(-1.,0.,0.));
#9153=DIRECTION('ref_axis',(0.,-1.,0.));
#9154=DIRECTION('',(0.,-1.,0.));
#9155=DIRECTION('',(0.,0.,1.));
#9156=DIRECTION('center_axis',(-0.923882889656874,-0.382675327398128,0.));
#9157=DIRECTION('ref_axis',(0.382675327398128,-0.923882889656874,0.));
#9158=DIRECTION('',(0.382675327398128,-0.923882889656874,0.));
#9159=DIRECTION('',(0.,0.,1.));
#9160=DIRECTION('center_axis',(-0.707106781186548,-0.707106781186548,0.));
#9161=DIRECTION('ref_axis',(0.707106781186548,-0.707106781186548,0.));
#9162=DIRECTION('',(0.707106781186547,-0.707106781186547,0.));
#9163=DIRECTION('',(0.,0.,1.));
#9164=DIRECTION('center_axis',(-0.382675327398101,-0.923882889656885,0.));
#9165=DIRECTION('ref_axis',(0.923882889656885,-0.382675327398101,0.));
#9166=DIRECTION('',(0.923882889656885,-0.382675327398101,0.));
#9167=DIRECTION('',(0.,0.,1.));
#9168=DIRECTION('center_axis',(-0.0980247646056974,-0.995183975717052,0.));
#9169=DIRECTION('ref_axis',(0.995183975717052,-0.0980247646056974,0.));
#9170=DIRECTION('',(0.995183975717052,-0.0980247646056974,0.));
#9171=DIRECTION('',(0.,0.,1.));
#9172=DIRECTION('center_axis',(0.,-1.,0.));
#9173=DIRECTION('ref_axis',(1.,0.,0.));
#9174=DIRECTION('',(1.,0.,0.));
#9175=DIRECTION('center_axis',(0.0980171685294095,-0.995184723894754,0.));
#9176=DIRECTION('ref_axis',(0.995184723894754,0.0980171685294095,0.));
#9177=DIRECTION('',(0.995184723894754,0.0980171685294095,0.));
#9178=DIRECTION('',(0.,0.,1.));
#9179=DIRECTION('',(0.,0.,1.));
#9180=DIRECTION('center_axis',(0.195091628251035,-0.980785020576049,0.));
#9181=DIRECTION('ref_axis',(0.980785020576049,0.195091628251035,0.));
#9182=DIRECTION('',(0.980785020576049,0.195091628251035,0.));
#9183=DIRECTION('',(0.,0.,1.));
#9184=DIRECTION('center_axis',(0.290283591374321,-0.956940665129676,0.));
#9185=DIRECTION('ref_axis',(0.956940665129676,0.290283591374321,0.));
#9186=DIRECTION('',(0.956940665129676,0.290283591374321,0.));
#9187=DIRECTION('',(0.,0.,1.));
#9188=DIRECTION('center_axis',(0.382685432374185,-0.923878704077858,0.));
#9189=DIRECTION('ref_axis',(0.923878704077858,0.382685432374185,0.));
#9190=DIRECTION('',(0.923878704077858,0.382685432374185,0.));
#9191=DIRECTION('',(0.,0.,1.));
#9192=DIRECTION('center_axis',(0.471394583711351,-0.881922415208731,0.));
#9193=DIRECTION('ref_axis',(0.881922415208731,0.471394583711351,0.));
#9194=DIRECTION('',(0.881922415208731,0.471394583711351,0.));
#9195=DIRECTION('',(0.,0.,1.));
#9196=DIRECTION('center_axis',(0.555569934224803,-0.83146981195077,0.));
#9197=DIRECTION('ref_axis',(0.83146981195077,0.555569934224803,0.));
#9198=DIRECTION('',(0.83146981195077,0.555569934224803,0.));
#9199=DIRECTION('',(0.,0.,1.));
#9200=DIRECTION('center_axis',(0.634394934781404,-0.773009098732801,0.));
#9201=DIRECTION('ref_axis',(0.773009098732801,0.634394934781404,0.));
#9202=DIRECTION('',(0.773009098732801,0.634394934781404,0.));
#9203=DIRECTION('',(0.,0.,1.));
#9204=DIRECTION('center_axis',(0.707106781186559,-0.707106781186536,0.));
#9205=DIRECTION('ref_axis',(0.707106781186536,0.707106781186559,0.));
#9206=DIRECTION('',(0.707106781186536,0.707106781186559,0.));
#9207=DIRECTION('',(0.,0.,1.));
#9208=DIRECTION('center_axis',(0.773009098732825,-0.634394934781375,0.));
#9209=DIRECTION('ref_axis',(0.634394934781375,0.773009098732825,0.));
#9210=DIRECTION('',(0.634394934781375,0.773009098732825,0.));
#9211=DIRECTION('',(0.,0.,1.));
#9212=DIRECTION('center_axis',(0.831469811950739,-0.555569934224849,0.));
#9213=DIRECTION('ref_axis',(0.555569934224849,0.831469811950739,0.));
#9214=DIRECTION('',(0.555569934224849,0.831469811950739,0.));
#9215=DIRECTION('',(0.,0.,1.));
#9216=DIRECTION('center_axis',(0.881922415208726,-0.47139458371136,0.));
#9217=DIRECTION('ref_axis',(0.47139458371136,0.881922415208726,0.));
#9218=DIRECTION('',(0.47139458371136,0.881922415208726,0.));
#9219=DIRECTION('',(0.,0.,1.));
#9220=DIRECTION('center_axis',(0.923878704077873,-0.38268543237415,0.));
#9221=DIRECTION('ref_axis',(0.38268543237415,0.923878704077873,0.));
#9222=DIRECTION('',(0.38268543237415,0.923878704077873,0.));
#9223=DIRECTION('',(0.,0.,1.));
#9224=DIRECTION('center_axis',(0.956940665129664,-0.29028359137436,0.));
#9225=DIRECTION('ref_axis',(0.29028359137436,0.956940665129664,0.));
#9226=DIRECTION('',(0.29028359137436,0.956940665129664,0.));
#9227=DIRECTION('',(0.,0.,1.));
#9228=DIRECTION('center_axis',(0.98078502057605,-0.195091628251026,0.));
#9229=DIRECTION('ref_axis',(0.195091628251026,0.98078502057605,0.));
#9230=DIRECTION('',(0.195091628251026,0.98078502057605,0.));
#9231=DIRECTION('',(0.,0.,1.));
#9232=DIRECTION('center_axis',(0.995184723894756,-0.0980171685293852,0.));
#9233=DIRECTION('ref_axis',(0.0980171685293852,0.995184723894756,0.));
#9234=DIRECTION('',(0.0980171685293852,0.995184723894756,0.));
#9235=DIRECTION('',(0.,0.,1.));
#9236=DIRECTION('center_axis',(1.,0.,0.));
#9237=DIRECTION('ref_axis',(0.,1.,0.));
#9238=DIRECTION('',(0.,1.,0.));
#9239=DIRECTION('',(0.,0.,1.));
#9240=DIRECTION('center_axis',(0.995184723894756,0.0980171685293831,0.));
#9241=DIRECTION('ref_axis',(-0.0980171685293831,0.995184723894756,0.));
#9242=DIRECTION('',(-0.0980171685293831,0.995184723894756,0.));
#9243=DIRECTION('',(0.,0.,1.));
#9244=DIRECTION('center_axis',(0.98078502057605,0.195091628251026,0.));
#9245=DIRECTION('ref_axis',(-0.195091628251026,0.98078502057605,0.));
#9246=DIRECTION('',(-0.195091628251026,0.98078502057605,0.));
#9247=DIRECTION('',(0.,0.,1.));
#9248=DIRECTION('center_axis',(0.956940665129662,0.290283591374366,0.));
#9249=DIRECTION('ref_axis',(-0.290283591374366,0.956940665129662,0.));
#9250=DIRECTION('',(-0.290283591374366,0.956940665129662,0.));
#9251=DIRECTION('',(0.,0.,1.));
#9252=DIRECTION('center_axis',(0.923878704077863,0.382685432374174,0.));
#9253=DIRECTION('ref_axis',(-0.382685432374174,0.923878704077863,0.));
#9254=DIRECTION('',(-0.382685432374174,0.923878704077863,0.));
#9255=DIRECTION('',(0.,0.,1.));
#9256=DIRECTION('center_axis',(0.881922415208741,0.471394583711333,0.));
#9257=DIRECTION('ref_axis',(-0.471394583711333,0.881922415208741,0.));
#9258=DIRECTION('',(-0.471394583711333,0.881922415208741,0.));
#9259=DIRECTION('',(0.,0.,1.));
#9260=DIRECTION('center_axis',(0.831469811950753,0.555569934224828,0.));
#9261=DIRECTION('ref_axis',(-0.555569934224828,0.831469811950753,0.));
#9262=DIRECTION('',(-0.555569934224828,0.831469811950753,0.));
#9263=DIRECTION('',(0.,0.,1.));
#9264=DIRECTION('center_axis',(0.773009098732807,0.634394934781397,0.));
#9265=DIRECTION('ref_axis',(-0.634394934781397,0.773009098732807,0.));
#9266=DIRECTION('',(-0.634394934781397,0.773009098732807,0.));
#9267=DIRECTION('',(0.,0.,1.));
#9268=DIRECTION('center_axis',(0.707106781186525,0.70710678118657,0.));
#9269=DIRECTION('ref_axis',(-0.70710678118657,0.707106781186525,0.));
#9270=DIRECTION('',(-0.70710678118657,0.707106781186525,0.));
#9271=DIRECTION('',(0.,0.,1.));
#9272=DIRECTION('center_axis',(0.634394934781444,0.773009098732769,0.));
#9273=DIRECTION('ref_axis',(-0.773009098732769,0.634394934781444,0.));
#9274=DIRECTION('',(-0.773009098732769,0.634394934781444,0.));
#9275=DIRECTION('',(0.,0.,1.));
#9276=DIRECTION('center_axis',(0.555569934224803,0.83146981195077,0.));
#9277=DIRECTION('ref_axis',(-0.83146981195077,0.555569934224803,0.));
#9278=DIRECTION('',(-0.83146981195077,0.555569934224803,0.));
#9279=DIRECTION('',(0.,0.,1.));
#9280=DIRECTION('center_axis',(0.471394583711386,0.881922415208713,0.));
#9281=DIRECTION('ref_axis',(-0.881922415208713,0.471394583711386,0.));
#9282=DIRECTION('',(-0.881922415208713,0.471394583711386,0.));
#9283=DIRECTION('',(0.,0.,1.));
#9284=DIRECTION('center_axis',(0.38268543237409,0.923878704077898,0.));
#9285=DIRECTION('ref_axis',(-0.923878704077898,0.38268543237409,0.));
#9286=DIRECTION('',(-0.923878704077898,0.38268543237409,0.));
#9287=DIRECTION('',(0.,0.,1.));
#9288=DIRECTION('center_axis',(0.290283591374382,0.956940665129657,0.));
#9289=DIRECTION('ref_axis',(-0.956940665129657,0.290283591374382,0.));
#9290=DIRECTION('',(-0.956940665129657,0.290283591374382,0.));
#9291=DIRECTION('',(0.,0.,1.));
#9292=DIRECTION('center_axis',(0.195091628251035,0.980785020576049,0.));
#9293=DIRECTION('ref_axis',(-0.980785020576049,0.195091628251035,0.));
#9294=DIRECTION('',(-0.980785020576049,0.195091628251035,0.));
#9295=DIRECTION('',(0.,0.,1.));
#9296=DIRECTION('center_axis',(0.0980171685294095,0.995184723894754,0.));
#9297=DIRECTION('ref_axis',(-0.995184723894754,0.0980171685294095,0.));
#9298=DIRECTION('',(-0.995184723894754,0.0980171685294095,0.));
#9299=DIRECTION('',(0.,0.,1.));
#9300=DIRECTION('center_axis',(0.,1.,0.));
#9301=DIRECTION('ref_axis',(-1.,0.,0.));
#9302=DIRECTION('',(-1.,0.,0.));
#9303=DIRECTION('',(0.,0.,1.));
#9304=DIRECTION('center_axis',(-0.0980171685294095,0.995184723894754,0.));
#9305=DIRECTION('ref_axis',(-0.995184723894754,-0.0980171685294095,0.));
#9306=DIRECTION('',(-0.995184723894754,-0.0980171685294095,0.));
#9307=DIRECTION('',(0.,0.,1.));
#9308=DIRECTION('center_axis',(-0.195091628251035,0.980785020576049,0.));
#9309=DIRECTION('ref_axis',(-0.980785020576049,-0.195091628251035,0.));
#9310=DIRECTION('',(-0.980785020576049,-0.195091628251035,0.));
#9311=DIRECTION('',(0.,0.,1.));
#9312=DIRECTION('center_axis',(-0.290283591374382,0.956940665129657,0.));
#9313=DIRECTION('ref_axis',(-0.956940665129657,-0.290283591374382,0.));
#9314=DIRECTION('',(-0.956940665129657,-0.290283591374382,0.));
#9315=DIRECTION('',(0.,0.,1.));
#9316=DIRECTION('center_axis',(-0.38268543237409,0.923878704077898,0.));
#9317=DIRECTION('ref_axis',(-0.923878704077898,-0.38268543237409,0.));
#9318=DIRECTION('',(-0.923878704077898,-0.38268543237409,0.));
#9319=DIRECTION('',(0.,0.,1.));
#9320=DIRECTION('center_axis',(-0.471394583711386,0.881922415208713,0.));
#9321=DIRECTION('ref_axis',(-0.881922415208713,-0.471394583711386,0.));
#9322=DIRECTION('',(-0.881922415208713,-0.471394583711386,0.));
#9323=DIRECTION('',(0.,0.,1.));
#9324=DIRECTION('center_axis',(-0.555569934224803,0.83146981195077,0.));
#9325=DIRECTION('ref_axis',(-0.83146981195077,-0.555569934224803,0.));
#9326=DIRECTION('',(-0.83146981195077,-0.555569934224803,0.));
#9327=DIRECTION('',(0.,0.,1.));
#9328=DIRECTION('center_axis',(-0.634394934781444,0.773009098732769,0.));
#9329=DIRECTION('ref_axis',(-0.773009098732769,-0.634394934781444,0.));
#9330=DIRECTION('',(-0.773009098732769,-0.634394934781444,0.));
#9331=DIRECTION('',(0.,0.,1.));
#9332=DIRECTION('center_axis',(-0.707106781186548,0.707106781186548,0.));
#9333=DIRECTION('ref_axis',(-0.707106781186548,-0.707106781186548,0.));
#9334=DIRECTION('',(-0.707106781186548,-0.707106781186548,0.));
#9335=DIRECTION('',(0.,0.,1.));
#9336=DIRECTION('center_axis',(-0.773009098732785,0.634394934781424,0.));
#9337=DIRECTION('ref_axis',(-0.634394934781424,-0.773009098732785,0.));
#9338=DIRECTION('',(-0.634394934781424,-0.773009098732785,0.));
#9339=DIRECTION('',(0.,0.,1.));
#9340=DIRECTION('center_axis',(-0.831469811950773,0.555569934224798,0.));
#9341=DIRECTION('ref_axis',(-0.555569934224798,-0.831469811950773,0.));
#9342=DIRECTION('',(-0.555569934224798,-0.831469811950773,0.));
#9343=DIRECTION('',(0.,0.,1.));
#9344=DIRECTION('center_axis',(-0.881922415208723,0.471394583711367,0.));
#9345=DIRECTION('ref_axis',(-0.471394583711367,-0.881922415208723,0.));
#9346=DIRECTION('',(-0.471394583711367,-0.881922415208723,0.));
#9347=DIRECTION('',(0.,0.,1.));
#9348=DIRECTION('center_axis',(-0.923878704077863,0.382685432374174,0.));
#9349=DIRECTION('ref_axis',(-0.382685432374174,-0.923878704077863,0.));
#9350=DIRECTION('',(-0.382685432374174,-0.923878704077863,0.));
#9351=DIRECTION('',(0.,0.,1.));
#9352=DIRECTION('center_axis',(-0.956940665129662,0.290283591374366,0.));
#9353=DIRECTION('ref_axis',(-0.290283591374366,-0.956940665129662,0.));
#9354=DIRECTION('',(-0.290283591374366,-0.956940665129662,0.));
#9355=DIRECTION('',(0.,0.,1.));
#9356=DIRECTION('center_axis',(-0.98078502057605,0.195091628251026,0.));
#9357=DIRECTION('ref_axis',(-0.195091628251026,-0.98078502057605,0.));
#9358=DIRECTION('',(-0.195091628251026,-0.98078502057605,0.));
#9359=DIRECTION('',(0.,0.,1.));
#9360=DIRECTION('center_axis',(-0.995184723894756,0.0980171685293831,0.));
#9361=DIRECTION('ref_axis',(-0.0980171685293831,-0.995184723894756,0.));
#9362=DIRECTION('',(-0.0980171685293831,-0.995184723894756,0.));
#9363=DIRECTION('',(0.,0.,1.));
#9364=DIRECTION('center_axis',(-1.,0.,0.));
#9365=DIRECTION('ref_axis',(0.,-1.,0.));
#9366=DIRECTION('',(0.,-1.,0.));
#9367=DIRECTION('',(0.,0.,1.));
#9368=DIRECTION('center_axis',(-0.995184723894756,-0.0980171685293852,0.));
#9369=DIRECTION('ref_axis',(0.0980171685293852,-0.995184723894756,0.));
#9370=DIRECTION('',(0.0980171685293852,-0.995184723894756,0.));
#9371=DIRECTION('',(0.,0.,1.));
#9372=DIRECTION('center_axis',(-0.98078502057605,-0.195091628251026,0.));
#9373=DIRECTION('ref_axis',(0.195091628251026,-0.98078502057605,0.));
#9374=DIRECTION('',(0.195091628251026,-0.98078502057605,0.));
#9375=DIRECTION('',(0.,0.,1.));
#9376=DIRECTION('center_axis',(-0.956940665129664,-0.29028359137436,0.));
#9377=DIRECTION('ref_axis',(0.29028359137436,-0.956940665129664,0.));
#9378=DIRECTION('',(0.29028359137436,-0.956940665129664,0.));
#9379=DIRECTION('',(0.,0.,1.));
#9380=DIRECTION('center_axis',(-0.923878704077873,-0.38268543237415,0.));
#9381=DIRECTION('ref_axis',(0.38268543237415,-0.923878704077873,0.));
#9382=DIRECTION('',(0.38268543237415,-0.923878704077873,0.));
#9383=DIRECTION('',(0.,0.,1.));
#9384=DIRECTION('center_axis',(-0.881922415208708,-0.471394583711395,0.));
#9385=DIRECTION('ref_axis',(0.471394583711395,-0.881922415208708,0.));
#9386=DIRECTION('',(0.471394583711395,-0.881922415208708,0.));
#9387=DIRECTION('',(0.,0.,1.));
#9388=DIRECTION('center_axis',(-0.831469811950759,-0.555569934224818,0.));
#9389=DIRECTION('ref_axis',(0.555569934224818,-0.831469811950759,0.));
#9390=DIRECTION('',(0.555569934224818,-0.831469811950759,0.));
#9391=DIRECTION('',(0.,0.,1.));
#9392=DIRECTION('center_axis',(-0.773009098732803,-0.634394934781402,0.));
#9393=DIRECTION('ref_axis',(0.634394934781402,-0.773009098732803,0.));
#9394=DIRECTION('',(0.634394934781402,-0.773009098732803,0.));
#9395=DIRECTION('',(0.,0.,1.));
#9396=DIRECTION('center_axis',(-0.707106781186581,-0.707106781186514,0.));
#9397=DIRECTION('ref_axis',(0.707106781186514,-0.707106781186581,0.));
#9398=DIRECTION('',(0.707106781186514,-0.707106781186581,0.));
#9399=DIRECTION('',(0.,0.,1.));
#9400=DIRECTION('center_axis',(-0.634394934781404,-0.773009098732801,0.));
#9401=DIRECTION('ref_axis',(0.773009098732801,-0.634394934781404,0.));
#9402=DIRECTION('',(0.773009098732801,-0.634394934781404,0.));
#9403=DIRECTION('',(0.,0.,1.));
#9404=DIRECTION('center_axis',(-0.555569934224803,-0.83146981195077,0.));
#9405=DIRECTION('ref_axis',(0.83146981195077,-0.555569934224803,0.));
#9406=DIRECTION('',(0.83146981195077,-0.555569934224803,0.));
#9407=DIRECTION('',(0.,0.,1.));
#9408=DIRECTION('center_axis',(-0.471394583711351,-0.881922415208731,0.));
#9409=DIRECTION('ref_axis',(0.881922415208731,-0.471394583711351,0.));
#9410=DIRECTION('',(0.881922415208731,-0.471394583711351,0.));
#9411=DIRECTION('',(0.,0.,1.));
#9412=DIRECTION('center_axis',(-0.382685432374185,-0.923878704077858,0.));
#9413=DIRECTION('ref_axis',(0.923878704077858,-0.382685432374185,0.));
#9414=DIRECTION('',(0.923878704077858,-0.382685432374185,0.));
#9415=DIRECTION('',(0.,0.,1.));
#9416=DIRECTION('center_axis',(-0.290283591374321,-0.956940665129676,0.));
#9417=DIRECTION('ref_axis',(0.956940665129676,-0.290283591374321,0.));
#9418=DIRECTION('',(0.956940665129676,-0.290283591374321,0.));
#9419=DIRECTION('',(0.,0.,1.));
#9420=DIRECTION('center_axis',(-0.195091628251035,-0.980785020576049,0.));
#9421=DIRECTION('ref_axis',(0.980785020576049,-0.195091628251035,0.));
#9422=DIRECTION('',(0.980785020576049,-0.195091628251035,0.));
#9423=DIRECTION('',(0.,0.,1.));
#9424=DIRECTION('center_axis',(-0.0980171685294095,-0.995184723894754,0.));
#9425=DIRECTION('ref_axis',(0.995184723894754,-0.0980171685294095,0.));
#9426=DIRECTION('',(0.995184723894754,-0.0980171685294095,0.));
#9427=DIRECTION('',(0.,0.,1.));
#9428=DIRECTION('center_axis',(0.,-1.,0.));
#9429=DIRECTION('ref_axis',(1.,0.,0.));
#9430=DIRECTION('',(1.,0.,0.));
#9431=DIRECTION('center_axis',(0.19508100011844,-0.980787134597915,0.));
#9432=DIRECTION('ref_axis',(0.980787134597915,0.19508100011844,0.));
#9433=DIRECTION('',(0.980787134597915,0.19508100011844,0.));
#9434=DIRECTION('',(0.,0.,1.));
#9435=DIRECTION('',(0.,0.,1.));
#9436=DIRECTION('center_axis',(0.707106781186354,-0.707106781186741,0.));
#9437=DIRECTION('ref_axis',(0.707106781186741,0.707106781186354,0.));
#9438=DIRECTION('',(0.707106781186741,0.707106781186354,0.));
#9439=DIRECTION('',(0.,0.,1.));
#9440=DIRECTION('center_axis',(0.980787134597886,-0.195081000118585,0.));
#9441=DIRECTION('ref_axis',(0.195081000118585,0.980787134597886,0.));
#9442=DIRECTION('',(0.195081000118585,0.980787134597886,0.));
#9443=DIRECTION('',(0.,0.,1.));
#9444=DIRECTION('center_axis',(1.,0.,0.));
#9445=DIRECTION('ref_axis',(0.,1.,0.));
#9446=DIRECTION('',(0.,1.,0.));
#9447=DIRECTION('',(0.,0.,1.));
#9448=DIRECTION('center_axis',(0.980787134597915,0.19508100011844,0.));
#9449=DIRECTION('ref_axis',(-0.19508100011844,0.980787134597915,0.));
#9450=DIRECTION('',(-0.19508100011844,0.980787134597915,0.));
#9451=DIRECTION('',(0.,0.,1.));
#9452=DIRECTION('center_axis',(0.707106781186548,0.707106781186548,0.));
#9453=DIRECTION('ref_axis',(-0.707106781186548,0.707106781186548,0.));
#9454=DIRECTION('',(-0.707106781186547,0.707106781186547,0.));
#9455=DIRECTION('',(0.,0.,1.));
#9456=DIRECTION('center_axis',(0.19508100011844,0.980787134597915,0.));
#9457=DIRECTION('ref_axis',(-0.980787134597915,0.19508100011844,0.));
#9458=DIRECTION('',(-0.980787134597915,0.19508100011844,0.));
#9459=DIRECTION('',(0.,0.,1.));
#9460=DIRECTION('center_axis',(0.,1.,0.));
#9461=DIRECTION('ref_axis',(-1.,0.,0.));
#9462=DIRECTION('',(-1.,0.,0.));
#9463=DIRECTION('',(0.,0.,1.));
#9464=DIRECTION('center_axis',(-0.195081000118295,0.980787134597944,0.));
#9465=DIRECTION('ref_axis',(-0.980787134597944,-0.195081000118295,0.));
#9466=DIRECTION('',(-0.980787134597944,-0.195081000118295,0.));
#9467=DIRECTION('',(0.,0.,1.));
#9468=DIRECTION('center_axis',(-0.707106781186548,0.707106781186548,0.));
#9469=DIRECTION('ref_axis',(-0.707106781186548,-0.707106781186548,0.));
#9470=DIRECTION('',(-0.707106781186547,-0.707106781186547,0.));
#9471=DIRECTION('',(0.,0.,1.));
#9472=DIRECTION('center_axis',(-0.980787134598061,0.19508100011771,0.));
#9473=DIRECTION('ref_axis',(-0.19508100011771,-0.98078713459806,0.));
#9474=DIRECTION('',(-0.19508100011771,-0.98078713459806,0.));
#9475=DIRECTION('',(0.,0.,1.));
#9476=DIRECTION('center_axis',(-1.,0.,0.));
#9477=DIRECTION('ref_axis',(0.,-1.,0.));
#9478=DIRECTION('',(0.,-1.,0.));
#9479=DIRECTION('',(0.,0.,1.));
#9480=DIRECTION('center_axis',(-0.980787134598032,-0.195081000117855,0.));
#9481=DIRECTION('ref_axis',(0.195081000117855,-0.980787134598032,0.));
#9482=DIRECTION('',(0.195081000117855,-0.980787134598032,0.));
#9483=DIRECTION('',(0.,0.,1.));
#9484=DIRECTION('center_axis',(-0.707106781186354,-0.707106781186741,0.));
#9485=DIRECTION('ref_axis',(0.707106781186741,-0.707106781186354,0.));
#9486=DIRECTION('',(0.707106781186741,-0.707106781186354,0.));
#9487=DIRECTION('',(0.,0.,1.));
#9488=DIRECTION('center_axis',(-0.195081000118295,-0.980787134597944,0.));
#9489=DIRECTION('ref_axis',(0.980787134597944,-0.195081000118295,0.));
#9490=DIRECTION('',(0.980787134597944,-0.195081000118295,0.));
#9491=DIRECTION('',(0.,0.,1.));
#9492=DIRECTION('center_axis',(0.,-1.,0.));
#9493=DIRECTION('ref_axis',(1.,0.,0.));
#9494=DIRECTION('',(1.,0.,0.));
#9495=DIRECTION('center_axis',(0.382675327397972,-0.923882889656938,0.));
#9496=DIRECTION('ref_axis',(0.923882889656938,0.382675327397972,0.));
#9497=DIRECTION('',(0.923882889656938,0.382675327397972,0.));
#9498=DIRECTION('',(0.,0.,1.));
#9499=DIRECTION('',(0.,0.,1.));
#9500=DIRECTION('center_axis',(0.70710678118673,-0.707106781186365,0.));
#9501=DIRECTION('ref_axis',(0.707106781186365,0.70710678118673,0.));
#9502=DIRECTION('',(0.707106781186365,0.70710678118673,0.));
#9503=DIRECTION('',(0.,0.,1.));
#9504=DIRECTION('center_axis',(0.92388288965695,-0.382675327397946,0.));
#9505=DIRECTION('ref_axis',(0.382675327397946,0.923882889656949,0.));
#9506=DIRECTION('',(0.382675327397946,0.923882889656949,0.));
#9507=DIRECTION('',(0.,0.,1.));
#9508=DIRECTION('center_axis',(0.995183975717041,-0.0980247646058035,0.));
#9509=DIRECTION('ref_axis',(0.0980247646058034,0.995183975717041,0.));
#9510=DIRECTION('',(0.0980247646058034,0.995183975717041,0.));
#9511=DIRECTION('',(0.,0.,1.));
#9512=DIRECTION('center_axis',(1.,0.,0.));
#9513=DIRECTION('ref_axis',(0.,1.,0.));
#9514=DIRECTION('',(0.,1.,0.));
#9515=DIRECTION('',(0.,0.,1.));
#9516=DIRECTION('center_axis',(0.995183975717052,0.0980247646056974,0.));
#9517=DIRECTION('ref_axis',(-0.0980247646056974,0.995183975717052,0.));
#9518=DIRECTION('',(-0.0980247646056974,0.995183975717052,0.));
#9519=DIRECTION('',(0.,0.,1.));
#9520=DIRECTION('center_axis',(0.923882889656923,0.38267532739801,0.));
#9521=DIRECTION('ref_axis',(-0.38267532739801,0.923882889656923,0.));
#9522=DIRECTION('',(-0.38267532739801,0.923882889656923,0.));
#9523=DIRECTION('',(0.,0.,1.));
#9524=DIRECTION('center_axis',(0.707106781186821,0.707106781186274,0.));
#9525=DIRECTION('ref_axis',(-0.707106781186274,0.707106781186821,0.));
#9526=DIRECTION('',(-0.707106781186274,0.707106781186821,0.));
#9527=DIRECTION('',(0.,0.,1.));
#9528=DIRECTION('center_axis',(0.382675327398128,0.923882889656874,0.));
#9529=DIRECTION('ref_axis',(-0.923882889656874,0.382675327398128,0.));
#9530=DIRECTION('',(-0.923882889656874,0.382675327398128,0.));
#9531=DIRECTION('',(0.,0.,1.));
#9532=DIRECTION('center_axis',(0.0980247646043322,0.995183975717186,0.));
#9533=DIRECTION('ref_axis',(-0.995183975717186,0.0980247646043322,0.));
#9534=DIRECTION('',(-0.995183975717186,0.0980247646043322,0.));
#9535=DIRECTION('',(0.,0.,1.));
#9536=DIRECTION('center_axis',(0.,1.,0.));
#9537=DIRECTION('ref_axis',(-1.,0.,0.));
#9538=DIRECTION('',(-1.,0.,0.));
#9539=DIRECTION('',(0.,0.,1.));
#9540=DIRECTION('center_axis',(-0.0980247646042615,0.995183975717193,0.));
#9541=DIRECTION('ref_axis',(-0.995183975717193,-0.0980247646042615,0.));
#9542=DIRECTION('',(-0.995183975717193,-0.0980247646042614,0.));
#9543=DIRECTION('',(0.,0.,1.));
#9544=DIRECTION('center_axis',(-0.382675327398257,0.923882889656821,0.));
#9545=DIRECTION('ref_axis',(-0.923882889656821,-0.382675327398257,0.));
#9546=DIRECTION('',(-0.923882889656821,-0.382675327398257,0.));
#9547=DIRECTION('',(0.,0.,1.));
#9548=DIRECTION('center_axis',(-0.707106781186639,0.707106781186456,0.));
#9549=DIRECTION('ref_axis',(-0.707106781186456,-0.707106781186639,0.));
#9550=DIRECTION('',(-0.707106781186456,-0.707106781186639,0.));
#9551=DIRECTION('',(0.,0.,1.));
#9552=DIRECTION('center_axis',(-0.923882889657052,0.382675327397699,0.));
#9553=DIRECTION('ref_axis',(-0.382675327397699,-0.923882889657052,0.));
#9554=DIRECTION('',(-0.382675327397699,-0.923882889657052,0.));
#9555=DIRECTION('',(0.,0.,1.));
#9556=DIRECTION('center_axis',(-0.995183975717052,0.0980247646056974,0.));
#9557=DIRECTION('ref_axis',(-0.0980247646056974,-0.995183975717052,0.));
#9558=DIRECTION('',(-0.0980247646056974,-0.995183975717052,0.));
#9559=DIRECTION('',(0.,0.,1.));
#9560=DIRECTION('center_axis',(-1.,0.,0.));
#9561=DIRECTION('ref_axis',(0.,-1.,0.));
#9562=DIRECTION('',(0.,-1.,0.));
#9563=DIRECTION('',(0.,0.,1.));
#9564=DIRECTION('center_axis',(-0.995183975717041,-0.0980247646058035,0.));
#9565=DIRECTION('ref_axis',(0.0980247646058034,-0.995183975717041,0.));
#9566=DIRECTION('',(0.0980247646058034,-0.995183975717041,0.));
#9567=DIRECTION('',(0.,0.,1.));
#9568=DIRECTION('center_axis',(-0.923882889657078,-0.382675327397635,0.));
#9569=DIRECTION('ref_axis',(0.382675327397635,-0.923882889657078,0.));
#9570=DIRECTION('',(0.382675327397635,-0.923882889657078,0.));
#9571=DIRECTION('',(0.,0.,1.));
#9572=DIRECTION('center_axis',(-0.707106781186548,-0.707106781186548,0.));
#9573=DIRECTION('ref_axis',(0.707106781186548,-0.707106781186548,0.));
#9574=DIRECTION('',(0.707106781186547,-0.707106781186547,0.));
#9575=DIRECTION('',(0.,0.,1.));
#9576=DIRECTION('center_axis',(-0.382675327398101,-0.923882889656885,0.));
#9577=DIRECTION('ref_axis',(0.923882889656885,-0.382675327398101,0.));
#9578=DIRECTION('',(0.923882889656885,-0.382675327398101,0.));
#9579=DIRECTION('',(0.,0.,1.));
#9580=DIRECTION('center_axis',(0.,-1.,0.));
#9581=DIRECTION('ref_axis',(1.,0.,0.));
#9582=DIRECTION('',(1.,0.,0.));
#9583=DIRECTION('',(0.,0.,1.));
#9584=DIRECTION('center_axis',(0.382675327398101,-0.923882889656885,0.));
#9585=DIRECTION('ref_axis',(0.923882889656885,0.382675327398101,0.));
#9586=DIRECTION('',(0.923882889656885,0.382675327398101,0.));
#9587=DIRECTION('',(0.,0.,1.));
#9588=DIRECTION('center_axis',(0.707106781186548,-0.707106781186548,0.));
#9589=DIRECTION('ref_axis',(0.707106781186548,0.707106781186548,0.));
#9590=DIRECTION('',(0.707106781186547,0.707106781186547,0.));
#9591=DIRECTION('',(0.,0.,1.));
#9592=DIRECTION('center_axis',(0.923882889657078,-0.382675327397635,0.));
#9593=DIRECTION('ref_axis',(0.382675327397635,0.923882889657078,0.));
#9594=DIRECTION('',(0.382675327397635,0.923882889657078,0.));
#9595=DIRECTION('',(0.,0.,1.));
#9596=DIRECTION('center_axis',(0.995183975717041,-0.0980247646058035,0.));
#9597=DIRECTION('ref_axis',(0.0980247646058034,0.995183975717041,0.));
#9598=DIRECTION('',(0.0980247646058034,0.995183975717041,0.));
#9599=DIRECTION('',(0.,0.,1.));
#9600=DIRECTION('center_axis',(1.,0.,0.));
#9601=DIRECTION('ref_axis',(0.,1.,0.));
#9602=DIRECTION('',(0.,1.,0.));
#9603=DIRECTION('',(0.,0.,1.));
#9604=DIRECTION('center_axis',(0.,-1.,0.));
#9605=DIRECTION('ref_axis',(1.,0.,0.));
#9606=DIRECTION('',(1.,0.,0.));
#9607=DIRECTION('',(0.,0.,1.));
#9608=DIRECTION('center_axis',(-1.,0.,0.));
#9609=DIRECTION('ref_axis',(0.,-1.,0.));
#9610=DIRECTION('',(0.,-1.,0.));
#9611=DIRECTION('',(0.,0.,1.));
#9612=DIRECTION('center_axis',(-0.995183975717041,-0.0980247646058035,0.));
#9613=DIRECTION('ref_axis',(0.0980247646058034,-0.995183975717041,0.));
#9614=DIRECTION('',(0.0980247646058034,-0.995183975717041,0.));
#9615=DIRECTION('',(0.,0.,1.));
#9616=DIRECTION('center_axis',(-0.92388288965695,-0.382675327397946,0.));
#9617=DIRECTION('ref_axis',(0.382675327397946,-0.923882889656949,0.));
#9618=DIRECTION('',(0.382675327397946,-0.923882889656949,0.));
#9619=DIRECTION('',(0.,0.,1.));
#9620=DIRECTION('center_axis',(-0.70710678118673,-0.707106781186365,0.));
#9621=DIRECTION('ref_axis',(0.707106781186365,-0.70710678118673,0.));
#9622=DIRECTION('',(0.707106781186365,-0.70710678118673,0.));
#9623=DIRECTION('',(0.,0.,1.));
#9624=DIRECTION('center_axis',(-0.382675327397972,-0.923882889656938,0.));
#9625=DIRECTION('ref_axis',(0.923882889656938,-0.382675327397972,0.));
#9626=DIRECTION('',(0.923882889656938,-0.382675327397972,0.));
#9627=DIRECTION('',(0.,0.,1.));
#9628=DIRECTION('center_axis',(0.,-1.,0.));
#9629=DIRECTION('ref_axis',(1.,0.,0.));
#9630=DIRECTION('',(1.,0.,0.));
#9631=DIRECTION('center_axis',(0.195081000117565,-0.980787134598089,0.));
#9632=DIRECTION('ref_axis',(0.980787134598089,0.195081000117565,0.));
#9633=DIRECTION('',(0.980787134598089,0.195081000117565,0.));
#9634=DIRECTION('',(0.,0.,1.));
#9635=DIRECTION('',(0.,0.,1.));
#9636=DIRECTION('center_axis',(0.707106781186548,-0.707106781186548,0.));
#9637=DIRECTION('ref_axis',(0.707106781186548,0.707106781186548,0.));
#9638=DIRECTION('',(0.707106781186547,0.707106781186547,0.));
#9639=DIRECTION('',(0.,0.,1.));
#9640=DIRECTION('center_axis',(0.980787134598089,-0.195081000117565,0.));
#9641=DIRECTION('ref_axis',(0.195081000117565,0.980787134598089,0.));
#9642=DIRECTION('',(0.195081000117565,0.980787134598089,0.));
#9643=DIRECTION('',(0.,0.,1.));
#9644=DIRECTION('center_axis',(1.,0.,0.));
#9645=DIRECTION('ref_axis',(0.,1.,0.));
#9646=DIRECTION('',(0.,1.,0.));
#9647=DIRECTION('',(0.,0.,1.));
#9648=DIRECTION('center_axis',(0.980787134598089,0.195081000117565,0.));
#9649=DIRECTION('ref_axis',(-0.195081000117565,0.980787134598089,0.));
#9650=DIRECTION('',(-0.195081000117565,0.980787134598089,0.));
#9651=DIRECTION('',(0.,0.,1.));
#9652=DIRECTION('center_axis',(0.707106781186354,0.707106781186741,0.));
#9653=DIRECTION('ref_axis',(-0.707106781186741,0.707106781186354,0.));
#9654=DIRECTION('',(-0.707106781186741,0.707106781186354,0.));
#9655=DIRECTION('',(0.,0.,1.));
#9656=DIRECTION('center_axis',(0.195081000118295,0.980787134597944,0.));
#9657=DIRECTION('ref_axis',(-0.980787134597944,0.195081000118295,0.));
#9658=DIRECTION('',(-0.980787134597944,0.195081000118295,0.));
#9659=DIRECTION('',(0.,0.,1.));
#9660=DIRECTION('center_axis',(0.,1.,0.));
#9661=DIRECTION('ref_axis',(-1.,0.,0.));
#9662=DIRECTION('',(-1.,0.,0.));
#9663=DIRECTION('',(0.,0.,1.));
#9664=DIRECTION('center_axis',(-0.195081000118295,0.980787134597944,0.));
#9665=DIRECTION('ref_axis',(-0.980787134597944,-0.195081000118295,0.));
#9666=DIRECTION('',(-0.980787134597944,-0.195081000118295,0.));
#9667=DIRECTION('',(0.,0.,1.));
#9668=DIRECTION('center_axis',(-0.707106781186354,0.707106781186741,0.));
#9669=DIRECTION('ref_axis',(-0.707106781186741,-0.707106781186354,0.));
#9670=DIRECTION('',(-0.707106781186741,-0.707106781186354,0.));
#9671=DIRECTION('',(0.,0.,1.));
#9672=DIRECTION('center_axis',(-0.980787134598235,0.195081000116835,0.));
#9673=DIRECTION('ref_axis',(-0.195081000116835,-0.980787134598235,0.));
#9674=DIRECTION('',(-0.195081000116835,-0.980787134598235,0.));
#9675=DIRECTION('',(0.,0.,1.));
#9676=DIRECTION('center_axis',(-1.,0.,0.));
#9677=DIRECTION('ref_axis',(0.,-1.,0.));
#9678=DIRECTION('',(0.,-1.,0.));
#9679=DIRECTION('',(0.,0.,1.));
#9680=DIRECTION('center_axis',(-0.980787134598235,-0.195081000116835,0.));
#9681=DIRECTION('ref_axis',(0.195081000116835,-0.980787134598235,0.));
#9682=DIRECTION('',(0.195081000116835,-0.980787134598235,0.));
#9683=DIRECTION('',(0.,0.,1.));
#9684=DIRECTION('center_axis',(-0.707106781186548,-0.707106781186548,0.));
#9685=DIRECTION('ref_axis',(0.707106781186548,-0.707106781186548,0.));
#9686=DIRECTION('',(0.707106781186547,-0.707106781186547,0.));
#9687=DIRECTION('',(0.,0.,1.));
#9688=DIRECTION('center_axis',(-0.195081000117565,-0.980787134598089,0.));
#9689=DIRECTION('ref_axis',(0.980787134598089,-0.195081000117565,0.));
#9690=DIRECTION('',(0.980787134598089,-0.195081000117565,0.));
#9691=DIRECTION('',(0.,0.,1.));
#9692=DIRECTION('center_axis',(0.,-1.,0.));
#9693=DIRECTION('ref_axis',(1.,0.,0.));
#9694=DIRECTION('',(1.,0.,0.));
#9695=DIRECTION('center_axis',(0.195081000118295,-0.980787134597944,0.));
#9696=DIRECTION('ref_axis',(0.980787134597944,0.195081000118295,0.));
#9697=DIRECTION('',(0.980787134597944,0.195081000118295,0.));
#9698=DIRECTION('',(0.,0.,1.));
#9699=DIRECTION('',(0.,0.,1.));
#9700=DIRECTION('center_axis',(0.707106781186548,-0.707106781186548,0.));
#9701=DIRECTION('ref_axis',(0.707106781186548,0.707106781186548,0.));
#9702=DIRECTION('',(0.707106781186547,0.707106781186547,0.));
#9703=DIRECTION('',(0.,0.,1.));
#9704=DIRECTION('center_axis',(0.980787134598061,-0.19508100011771,0.));
#9705=DIRECTION('ref_axis',(0.19508100011771,0.98078713459806,0.));
#9706=DIRECTION('',(0.19508100011771,0.98078713459806,0.));
#9707=DIRECTION('',(0.,0.,1.));
#9708=DIRECTION('center_axis',(1.,0.,0.));
#9709=DIRECTION('ref_axis',(0.,1.,0.));
#9710=DIRECTION('',(0.,1.,0.));
#9711=DIRECTION('',(0.,0.,1.));
#9712=DIRECTION('center_axis',(0.980787134598118,0.19508100011742,0.));
#9713=DIRECTION('ref_axis',(-0.19508100011742,0.980787134598118,0.));
#9714=DIRECTION('',(-0.19508100011742,0.980787134598118,0.));
#9715=DIRECTION('',(0.,0.,1.));
#9716=DIRECTION('center_axis',(0.707106781186354,0.707106781186741,0.));
#9717=DIRECTION('ref_axis',(-0.707106781186741,0.707106781186354,0.));
#9718=DIRECTION('',(-0.707106781186741,0.707106781186354,0.));
#9719=DIRECTION('',(0.,0.,1.));
#9720=DIRECTION('center_axis',(0.195081000117565,0.980787134598089,0.));
#9721=DIRECTION('ref_axis',(-0.980787134598089,0.195081000117565,0.));
#9722=DIRECTION('',(-0.980787134598089,0.195081000117565,0.));
#9723=DIRECTION('',(0.,0.,1.));
#9724=DIRECTION('center_axis',(0.,1.,0.));
#9725=DIRECTION('ref_axis',(-1.,0.,0.));
#9726=DIRECTION('',(-1.,0.,0.));
#9727=DIRECTION('',(0.,0.,1.));
#9728=DIRECTION('center_axis',(-0.19508100011742,0.980787134598118,0.));
#9729=DIRECTION('ref_axis',(-0.980787134598118,-0.19508100011742,0.));
#9730=DIRECTION('',(-0.980787134598118,-0.19508100011742,0.));
#9731=DIRECTION('',(0.,0.,1.));
#9732=DIRECTION('center_axis',(-0.707106781186741,0.707106781186354,0.));
#9733=DIRECTION('ref_axis',(-0.707106781186354,-0.707106781186741,0.));
#9734=DIRECTION('',(-0.707106781186354,-0.707106781186741,0.));
#9735=DIRECTION('',(0.,0.,1.));
#9736=DIRECTION('center_axis',(-0.980787134597973,0.19508100011815,0.));
#9737=DIRECTION('ref_axis',(-0.19508100011815,-0.980787134597973,0.));
#9738=DIRECTION('',(-0.19508100011815,-0.980787134597973,0.));
#9739=DIRECTION('',(0.,0.,1.));
#9740=DIRECTION('center_axis',(-1.,0.,0.));
#9741=DIRECTION('ref_axis',(0.,-1.,0.));
#9742=DIRECTION('',(0.,-1.,0.));
#9743=DIRECTION('',(0.,0.,1.));
#9744=DIRECTION('center_axis',(-0.980787134597915,-0.19508100011844,0.));
#9745=DIRECTION('ref_axis',(0.19508100011844,-0.980787134597915,0.));
#9746=DIRECTION('',(0.19508100011844,-0.980787134597915,0.));
#9747=DIRECTION('',(0.,0.,1.));
#9748=DIRECTION('center_axis',(-0.707106781186934,-0.707106781186161,0.));
#9749=DIRECTION('ref_axis',(0.707106781186161,-0.707106781186934,0.));
#9750=DIRECTION('',(0.707106781186161,-0.707106781186934,0.));
#9751=DIRECTION('',(0.,0.,1.));
#9752=DIRECTION('center_axis',(-0.19508100011815,-0.980787134597973,0.));
#9753=DIRECTION('ref_axis',(0.980787134597973,-0.19508100011815,0.));
#9754=DIRECTION('',(0.980787134597973,-0.19508100011815,0.));
#9755=DIRECTION('',(0.,0.,1.));
#9756=DIRECTION('center_axis',(0.,-1.,0.));
#9757=DIRECTION('ref_axis',(1.,0.,0.));
#9758=DIRECTION('',(1.,0.,0.));
#9759=DIRECTION('center_axis',(0.195081000117565,-0.980787134598089,0.));
#9760=DIRECTION('ref_axis',(0.980787134598089,0.195081000117565,0.));
#9761=DIRECTION('',(0.980787134598089,0.195081000117565,0.));
#9762=DIRECTION('',(0.,0.,1.));
#9763=DIRECTION('',(0.,0.,1.));
#9764=DIRECTION('center_axis',(0.707106781186548,-0.707106781186548,0.));
#9765=DIRECTION('ref_axis',(0.707106781186548,0.707106781186548,0.));
#9766=DIRECTION('',(0.707106781186547,0.707106781186547,0.));
#9767=DIRECTION('',(0.,0.,1.));
#9768=DIRECTION('center_axis',(0.980787134598089,-0.195081000117565,0.));
#9769=DIRECTION('ref_axis',(0.195081000117565,0.980787134598089,0.));
#9770=DIRECTION('',(0.195081000117565,0.980787134598089,0.));
#9771=DIRECTION('',(0.,0.,1.));
#9772=DIRECTION('center_axis',(1.,0.,0.));
#9773=DIRECTION('ref_axis',(0.,1.,0.));
#9774=DIRECTION('',(0.,1.,0.));
#9775=DIRECTION('',(0.,0.,1.));
#9776=DIRECTION('center_axis',(0.980787134598089,0.195081000117565,0.));
#9777=DIRECTION('ref_axis',(-0.195081000117565,0.980787134598089,0.));
#9778=DIRECTION('',(-0.195081000117565,0.980787134598089,0.));
#9779=DIRECTION('',(0.,0.,1.));
#9780=DIRECTION('center_axis',(0.707106781186354,0.707106781186741,0.));
#9781=DIRECTION('ref_axis',(-0.707106781186741,0.707106781186354,0.));
#9782=DIRECTION('',(-0.707106781186741,0.707106781186354,0.));
#9783=DIRECTION('',(0.,0.,1.));
#9784=DIRECTION('center_axis',(0.195081000118295,0.980787134597944,0.));
#9785=DIRECTION('ref_axis',(-0.980787134597944,0.195081000118295,0.));
#9786=DIRECTION('',(-0.980787134597944,0.195081000118295,0.));
#9787=DIRECTION('',(0.,0.,1.));
#9788=DIRECTION('center_axis',(0.,1.,0.));
#9789=DIRECTION('ref_axis',(-1.,0.,0.));
#9790=DIRECTION('',(-1.,0.,0.));
#9791=DIRECTION('',(0.,0.,1.));
#9792=DIRECTION('center_axis',(-0.195081000118295,0.980787134597944,0.));
#9793=DIRECTION('ref_axis',(-0.980787134597944,-0.195081000118295,0.));
#9794=DIRECTION('',(-0.980787134597944,-0.195081000118295,0.));
#9795=DIRECTION('',(0.,0.,1.));
#9796=DIRECTION('center_axis',(-0.707106781186548,0.707106781186548,0.));
#9797=DIRECTION('ref_axis',(-0.707106781186548,-0.707106781186548,0.));
#9798=DIRECTION('',(-0.707106781186548,-0.707106781186548,0.));
#9799=DIRECTION('',(0.,0.,1.));
#9800=DIRECTION('center_axis',(-0.980787134597944,0.195081000118295,0.));
#9801=DIRECTION('ref_axis',(-0.195081000118295,-0.980787134597944,0.));
#9802=DIRECTION('',(-0.195081000118295,-0.980787134597944,0.));
#9803=DIRECTION('',(0.,0.,1.));
#9804=DIRECTION('center_axis',(-1.,0.,0.));
#9805=DIRECTION('ref_axis',(0.,-1.,0.));
#9806=DIRECTION('',(0.,-1.,0.));
#9807=DIRECTION('',(0.,0.,1.));
#9808=DIRECTION('center_axis',(-0.980787134597944,-0.195081000118295,0.));
#9809=DIRECTION('ref_axis',(0.195081000118295,-0.980787134597944,0.));
#9810=DIRECTION('',(0.195081000118295,-0.980787134597944,0.));
#9811=DIRECTION('',(0.,0.,1.));
#9812=DIRECTION('center_axis',(-0.707106781186741,-0.707106781186354,0.));
#9813=DIRECTION('ref_axis',(0.707106781186354,-0.707106781186741,0.));
#9814=DIRECTION('',(0.707106781186354,-0.707106781186741,0.));
#9815=DIRECTION('',(0.,0.,1.));
#9816=DIRECTION('center_axis',(-0.195081000117565,-0.980787134598089,0.));
#9817=DIRECTION('ref_axis',(0.980787134598089,-0.195081000117565,0.));
#9818=DIRECTION('',(0.980787134598089,-0.195081000117565,0.));
#9819=DIRECTION('',(0.,0.,1.));
#9820=DIRECTION('center_axis',(0.,-1.,0.));
#9821=DIRECTION('ref_axis',(1.,0.,0.));
#9822=DIRECTION('',(1.,0.,0.));
#9823=DIRECTION('center_axis',(0.,1.,0.));
#9824=DIRECTION('ref_axis',(-1.,0.,0.));
#9825=DIRECTION('',(0.,0.,1.));
#9826=DIRECTION('',(-1.,0.,0.));
#9827=DIRECTION('center_axis',(1.,0.,0.));
#9828=DIRECTION('ref_axis',(0.,1.,0.));
#9829=DIRECTION('',(0.,1.,0.));
#9830=DIRECTION('',(0.,0.,1.));
#9831=DIRECTION('center_axis',(0.,-1.,0.));
#9832=DIRECTION('ref_axis',(1.,0.,0.));
#9833=DIRECTION('',(1.,0.,0.));
#9834=DIRECTION('',(0.,0.,1.));
#9835=DIRECTION('center_axis',(-1.,0.,0.));
#9836=DIRECTION('ref_axis',(0.,-1.,0.));
#9837=DIRECTION('',(0.,-1.,0.));
#9838=DIRECTION('center_axis',(0.,0.,1.));
#9839=DIRECTION('ref_axis',(1.,0.,0.));
#9840=DIRECTION('center_axis',(0.,-1.,0.));
#9841=DIRECTION('ref_axis',(0.890723542830247,0.,0.454545454545454));
#9842=DIRECTION('',(0.,-1.,0.));
#9843=DIRECTION('center_axis',(0.0980174095659526,0.99518470015469,0.));
#9844=DIRECTION('ref_axis',(-0.99518470015469,0.0980174095659526,0.));
#9845=DIRECTION('',(0.,1.,0.));
#9846=DIRECTION('center_axis',(-0.0980174095661421,0.995184700154671,0.));
#9847=DIRECTION('ref_axis',(-0.995184700154671,-0.098017409566142,0.));
#9848=DIRECTION('center_axis',(-0.195090852697678,-0.980785174843958,0.));
#9849=DIRECTION('ref_axis',(0.873608445692393,-0.17377201548865,0.454545454545455));
#9850=DIRECTION('',(-0.195090852697678,-0.980785174843958,0.));
#9851=DIRECTION('center_axis',(0.471396975419895,0.881921136817219,0.));
#9852=DIRECTION('ref_axis',(-0.881921136817218,0.471396975419895,0.));
#9853=DIRECTION('',(0.195090852697678,0.980785174843958,0.));
#9854=DIRECTION('center_axis',(-0.707106781186082,-0.707106781187013,0.));
#9855=DIRECTION('ref_axis',(0.629836657298188,-0.629836657297358,0.454545454545455));
#9856=DIRECTION('',(-0.707106781186082,-0.707106781187013,0.));
#9857=DIRECTION('center_axis',(0.881921136816991,0.471396975420321,0.));
#9858=DIRECTION('ref_axis',(-0.471396975420321,0.881921136816991,0.));
#9859=DIRECTION('',(0.707106781186082,0.707106781187013,0.));
#9860=DIRECTION('center_axis',(-0.980785174844027,-0.19509085269733,0.));
#9861=DIRECTION('ref_axis',(0.17377201548834,-0.873608445692455,0.454545454545455));
#9862=DIRECTION('',(-0.980785174844027,-0.19509085269733,0.));
#9863=DIRECTION('center_axis',(0.995184700154708,0.0980174095657759,0.));
#9864=DIRECTION('ref_axis',(-0.0980174095657759,0.995184700154708,0.));
#9865=DIRECTION('',(0.980785174844027,0.19509085269733,0.));
#9866=DIRECTION('center_axis',(-1.,0.,0.));
#9867=DIRECTION('ref_axis',(0.,-0.890723542830247,0.454545454545454));
#9868=DIRECTION('',(-1.,0.,0.));
#9869=DIRECTION('center_axis',(0.995184700154689,-0.09801740956596,0.));
#9870=DIRECTION('ref_axis',(0.09801740956596,0.995184700154689,0.));
#9871=DIRECTION('',(1.,0.,0.));
#9872=DIRECTION('center_axis',(-0.980785174843958,0.195090852697679,0.));
#9873=DIRECTION('ref_axis',(-0.173772015488651,-0.873608445692393,0.454545454545454));
#9874=DIRECTION('',(-0.980785174843958,0.195090852697679,0.));
#9875=DIRECTION('center_axis',(0.881921136817372,-0.471396975419607,0.));
#9876=DIRECTION('ref_axis',(0.471396975419607,0.881921136817372,0.));
#9877=DIRECTION('',(0.980785174843958,-0.195090852697679,0.));
#9878=DIRECTION('center_axis',(-0.707106781187476,0.707106781185619,0.));
#9879=DIRECTION('ref_axis',(-0.629836657296947,-0.6298366572986,0.454545454545455));
#9880=DIRECTION('',(-0.707106781187476,0.707106781185619,0.));
#9881=DIRECTION('center_axis',(0.471396975419188,-0.881921136817596,0.));
#9882=DIRECTION('ref_axis',(0.881921136817596,0.471396975419188,0.));
#9883=DIRECTION('',(0.707106781187476,-0.707106781185619,0.));
#9884=DIRECTION('center_axis',(-0.195090852694174,0.980785174844655,0.));
#9885=DIRECTION('ref_axis',(-0.873608445693014,-0.173772015485528,0.454545454545454));
#9886=DIRECTION('',(-0.195090852694174,0.980785174844655,0.));
#9887=DIRECTION('center_axis',(0.0980174095641998,-0.995184700154863,0.));
#9888=DIRECTION('ref_axis',(0.995184700154863,0.0980174095641998,0.));
#9889=DIRECTION('',(0.195090852694174,-0.980785174844655,0.));
#9890=DIRECTION('center_axis',(0.,1.,0.));
#9891=DIRECTION('ref_axis',(-0.890723542830246,0.,0.454545454545455));
#9892=DIRECTION('',(0.,1.,0.));
#9893=DIRECTION('center_axis',(-0.0980174095643732,-0.995184700154846,0.));
#9894=DIRECTION('ref_axis',(0.995184700154846,-0.0980174095643732,0.));
#9895=DIRECTION('',(0.,-1.,0.));
#9896=DIRECTION('center_axis',(0.195090852694525,0.980785174844585,0.));
#9897=DIRECTION('ref_axis',(-0.873608445692952,0.173772015485841,0.454545454545454));
#9898=DIRECTION('',(-0.195090852694525,-0.980785174844585,0.));
#9899=DIRECTION('',(0.195090852694525,0.980785174844585,0.));
#9900=DIRECTION('center_axis',(-0.47139697541862,-0.8819211368179,0.));
#9901=DIRECTION('ref_axis',(0.8819211368179,-0.47139697541862,0.));
#9902=DIRECTION('center_axis',(0.707106781186316,0.70710678118678,0.));
#9903=DIRECTION('ref_axis',(-0.62983665729798,0.629836657297567,0.454545454545455));
#9904=DIRECTION('',(-0.707106781186315,-0.707106781186779,0.));
#9905=DIRECTION('',(0.707106781186316,0.707106781186779,0.));
#9906=DIRECTION('center_axis',(-0.881921136817827,-0.471396975418756,0.));
#9907=DIRECTION('ref_axis',(0.471396975418756,-0.881921136817827,0.));
#9908=DIRECTION('center_axis',(0.980785174844655,0.195090852694175,0.));
#9909=DIRECTION('ref_axis',(-0.173772015485528,0.873608445693014,0.454545454545455));
#9910=DIRECTION('',(-0.980785174844655,-0.195090852694175,0.));
#9911=DIRECTION('',(0.980785174844655,0.195090852694175,0.));
#9912=DIRECTION('center_axis',(-0.995184700154865,-0.0980174095641729,0.));
#9913=DIRECTION('ref_axis',(0.0980174095641728,-0.995184700154865,0.));
#9914=DIRECTION('center_axis',(1.,0.,0.));
#9915=DIRECTION('ref_axis',(0.,0.890723542830247,0.454545454545454));
#9916=DIRECTION('',(-1.,0.,0.));
#9917=DIRECTION('',(1.,0.,0.));
#9918=DIRECTION('center_axis',(-0.995184700154882,0.0980174095640031,0.));
#9919=DIRECTION('ref_axis',(-0.0980174095640031,-0.995184700154882,0.));
#9920=DIRECTION('center_axis',(0.980785174844724,-0.195090852693826,0.));
#9921=DIRECTION('ref_axis',(0.173772015485218,0.873608445693076,0.454545454545454));
#9922=DIRECTION('',(-0.980785174844724,0.195090852693826,0.));
#9923=DIRECTION('',(0.980785174844724,-0.195090852693826,0.));
#9924=DIRECTION('center_axis',(-0.881921136817448,0.471396975419465,0.));
#9925=DIRECTION('ref_axis',(-0.471396975419465,-0.881921136817448,0.));
#9926=DIRECTION('center_axis',(0.707106781184923,-0.707106781188173,0.));
#9927=DIRECTION('ref_axis',(0.62983665729922,0.629836657296327,0.454545454545455));
#9928=DIRECTION('',(-0.707106781184923,0.707106781188173,0.));
#9929=DIRECTION('',(0.707106781184922,-0.707106781188173,0.));
#9930=DIRECTION('center_axis',(-0.471396975419327,0.881921136817522,0.));
#9931=DIRECTION('ref_axis',(-0.881921136817522,-0.471396975419327,0.));
#9932=DIRECTION('center_axis',(0.195090852698029,-0.980785174843888,0.));
#9933=DIRECTION('ref_axis',(0.873608445692331,0.173772015488961,0.454545454545454));
#9934=DIRECTION('',(-0.195090852698029,0.980785174843888,0.));
#9935=DIRECTION('',(0.195090852698029,-0.980785174843888,0.));
#9936=DIRECTION('center_axis',(0.,0.,1.));
#9937=DIRECTION('ref_axis',(1.,0.,0.));
#9938=DIRECTION('',(1.,0.,0.));
#9939=DIRECTION('',(0.980785174844724,-0.195090852693827,0.));
#9940=DIRECTION('',(0.707106781184923,-0.707106781188172,0.));
#9941=DIRECTION('',(0.195090852698028,-0.980785174843888,0.));
#9942=DIRECTION('',(0.,-1.,0.));
#9943=DIRECTION('',(-0.195090852697679,-0.980785174843958,0.));
#9944=DIRECTION('',(-0.707106781186083,-0.707106781187012,0.));
#9945=DIRECTION('',(-0.980785174844027,-0.195090852697331,0.));
#9946=DIRECTION('',(-1.,0.,0.));
#9947=DIRECTION('',(-0.980785174843958,0.195090852697679,0.));
#9948=DIRECTION('',(-0.707106781187476,0.707106781185619,0.));
#9949=DIRECTION('',(-0.195090852694176,0.980785174844655,0.));
#9950=DIRECTION('',(0.,1.,0.));
#9951=DIRECTION('',(0.195090852694524,0.980785174844585,0.));
#9952=DIRECTION('',(0.707106781186315,0.70710678118678,0.));
#9953=DIRECTION('',(0.980785174844655,0.195090852694176,0.));
#9954=DIRECTION('center_axis',(0.195090852694176,-0.980785174844654,0.));
#9955=DIRECTION('ref_axis',(0.980785174844655,0.195090852694176,0.));
#9956=DIRECTION('',(0.980785174844655,0.195090852694176,0.));
#9957=DIRECTION('',(0.,0.,1.));
#9958=DIRECTION('',(0.,0.,1.));
#9959=DIRECTION('center_axis',(0.70710678118678,-0.707106781186315,0.));
#9960=DIRECTION('ref_axis',(0.707106781186315,0.70710678118678,0.));
#9961=DIRECTION('',(0.707106781186315,0.70710678118678,0.));
#9962=DIRECTION('',(0.,0.,1.));
#9963=DIRECTION('center_axis',(0.980785174844585,-0.195090852694524,0.));
#9964=DIRECTION('ref_axis',(0.195090852694524,0.980785174844585,0.));
#9965=DIRECTION('',(0.195090852694524,0.980785174844585,0.));
#9966=DIRECTION('',(0.,0.,1.));
#9967=DIRECTION('center_axis',(1.,0.,0.));
#9968=DIRECTION('ref_axis',(0.,1.,0.));
#9969=DIRECTION('',(0.,1.,0.));
#9970=DIRECTION('',(0.,0.,1.));
#9971=DIRECTION('center_axis',(0.980785174844654,0.195090852694176,0.));
#9972=DIRECTION('ref_axis',(-0.195090852694176,0.980785174844655,0.));
#9973=DIRECTION('',(-0.195090852694176,0.980785174844655,0.));
#9974=DIRECTION('',(0.,0.,1.));
#9975=DIRECTION('center_axis',(0.707106781185619,0.707106781187476,0.));
#9976=DIRECTION('ref_axis',(-0.707106781187476,0.707106781185619,0.));
#9977=DIRECTION('',(-0.707106781187476,0.707106781185619,0.));
#9978=DIRECTION('',(0.,0.,1.));
#9979=DIRECTION('center_axis',(0.195090852697679,0.980785174843958,0.));
#9980=DIRECTION('ref_axis',(-0.980785174843958,0.195090852697679,0.));
#9981=DIRECTION('',(-0.980785174843958,0.195090852697679,0.));
#9982=DIRECTION('',(0.,0.,1.));
#9983=DIRECTION('center_axis',(0.,1.,0.));
#9984=DIRECTION('ref_axis',(-1.,0.,0.));
#9985=DIRECTION('',(-1.,0.,0.));
#9986=DIRECTION('',(0.,0.,1.));
#9987=DIRECTION('center_axis',(-0.195090852697331,0.980785174844027,0.));
#9988=DIRECTION('ref_axis',(-0.980785174844027,-0.195090852697331,0.));
#9989=DIRECTION('',(-0.980785174844027,-0.195090852697331,0.));
#9990=DIRECTION('',(0.,0.,1.));
#9991=DIRECTION('center_axis',(-0.707106781187012,0.707106781186083,0.));
#9992=DIRECTION('ref_axis',(-0.707106781186083,-0.707106781187012,0.));
#9993=DIRECTION('',(-0.707106781186083,-0.707106781187012,0.));
#9994=DIRECTION('',(0.,0.,1.));
#9995=DIRECTION('center_axis',(-0.980785174843958,0.195090852697679,0.));
#9996=DIRECTION('ref_axis',(-0.195090852697679,-0.980785174843958,0.));
#9997=DIRECTION('',(-0.195090852697679,-0.980785174843958,0.));
#9998=DIRECTION('',(0.,0.,1.));
#9999=DIRECTION('center_axis',(-1.,0.,0.));
#10000=DIRECTION('ref_axis',(0.,-1.,0.));
#10001=DIRECTION('',(0.,-1.,0.));
#10002=DIRECTION('',(0.,0.,1.));
#10003=DIRECTION('center_axis',(-0.980785174843888,-0.195090852698028,0.));
#10004=DIRECTION('ref_axis',(0.195090852698028,-0.980785174843888,0.));
#10005=DIRECTION('',(0.195090852698028,-0.980785174843888,0.));
#10006=DIRECTION('',(0.,0.,1.));
#10007=DIRECTION('center_axis',(-0.707106781188172,-0.707106781184923,0.));
#10008=DIRECTION('ref_axis',(0.707106781184923,-0.707106781188172,0.));
#10009=DIRECTION('',(0.707106781184923,-0.707106781188172,0.));
#10010=DIRECTION('',(0.,0.,1.));
#10011=DIRECTION('center_axis',(-0.195090852693827,-0.980785174844724,0.));
#10012=DIRECTION('ref_axis',(0.980785174844724,-0.195090852693827,0.));
#10013=DIRECTION('',(0.980785174844724,-0.195090852693827,0.));
#10014=DIRECTION('',(0.,0.,1.));
#10015=DIRECTION('center_axis',(0.,-1.,0.));
#10016=DIRECTION('ref_axis',(1.,0.,0.));
#10017=DIRECTION('',(1.,0.,0.));
#10018=DIRECTION('center_axis',(0.,0.,1.));
#10019=DIRECTION('ref_axis',(1.,0.,0.));
#10020=CARTESIAN_POINT('',(0.,0.,0.));
#10021=CARTESIAN_POINT('Origin',(-93.000001385808,28.0000004172325,0.));
#10022=CARTESIAN_POINT('',(-93.000001385808,49.475,0.));
#10023=CARTESIAN_POINT('',(-93.000001385808,49.475,3.));
#10024=CARTESIAN_POINT('',(-93.000001385808,49.475,1.11022302462516E-15));
#10025=CARTESIAN_POINT('',(-93.000001385808,49.5198957412823,0.));
#10026=CARTESIAN_POINT('',(-93.000001385808,49.5198957412823,0.));
#10027=CARTESIAN_POINT('',(-93.000001385808,49.5198957412823,3.));
#10028=CARTESIAN_POINT('',(-93.000001385808,49.5198957412823,0.));
#10029=CARTESIAN_POINT('',(-93.000001385808,49.5198957412823,3.));
#10030=CARTESIAN_POINT('Origin',(-115.6751788528,49.5198957412823,0.));
#10031=CARTESIAN_POINT('',(-115.6751788528,49.475,3.));
#10032=CARTESIAN_POINT('',(-115.6751788528,49.475,0.));
#10033=CARTESIAN_POINT('',(-115.6751788528,49.475,1.11022302462516E-15));
#10034=CARTESIAN_POINT('',(-115.6751788528,49.5198957412823,3.));
#10035=CARTESIAN_POINT('',(-115.6751788528,28.0000004172325,3.));
#10036=CARTESIAN_POINT('',(-115.6751788528,49.5198957412823,0.));
#10037=CARTESIAN_POINT('',(-115.6751788528,49.5198957412823,0.));
#10038=CARTESIAN_POINT('',(-115.6751788528,28.0000004172325,0.));
#10039=CARTESIAN_POINT('Origin',(-93.000001385808,49.5198957412823,0.));
#10040=CARTESIAN_POINT('',(-115.6751788528,49.5198957412823,0.));
#10041=CARTESIAN_POINT('',(-115.6751788528,49.5198957412823,3.));
#10042=CARTESIAN_POINT('Origin',(-99.,0.249999999999995,3.));
#10043=CARTESIAN_POINT('',(-134.475,49.475,3.));
#10044=CARTESIAN_POINT('',(-63.525,49.475,3.));
#10045=CARTESIAN_POINT('',(-134.475,-48.975,3.));
#10046=CARTESIAN_POINT('',(-134.475,49.475,3.));
#10047=CARTESIAN_POINT('',(-63.525,-48.975,3.));
#10048=CARTESIAN_POINT('',(-134.475,-48.975,3.));
#10049=CARTESIAN_POINT('',(-63.525,49.475,3.));
#10050=CARTESIAN_POINT('',(-63.525,-48.975,3.));
#10051=CARTESIAN_POINT('',(-63.525,49.475,3.));
#10052=CARTESIAN_POINT('',(-116.605,-11.375,3.));
#10053=CARTESIAN_POINT('',(-102.635,-11.375,3.));
#10054=CARTESIAN_POINT('',(-116.605,-11.375,3.));
#10055=CARTESIAN_POINT('',(-102.612039,-11.379567,3.));
#10056=CARTESIAN_POINT('',(-102.635,-11.375,3.));
#10057=CARTESIAN_POINT('',(-102.579567,-11.412039,3.));
#10058=CARTESIAN_POINT('',(-102.612039,-11.379567,3.));
#10059=CARTESIAN_POINT('',(-102.575,-11.435,3.));
#10060=CARTESIAN_POINT('',(-102.579567,-11.412039,3.));
#10061=CARTESIAN_POINT('',(-102.575,-25.405,3.));
#10062=CARTESIAN_POINT('',(-102.575,-11.435,3.));
#10063=CARTESIAN_POINT('',(-102.579567,-25.427961,3.));
#10064=CARTESIAN_POINT('',(-102.575,-25.405,3.));
#10065=CARTESIAN_POINT('',(-102.612039,-25.460433,3.));
#10066=CARTESIAN_POINT('',(-102.579567,-25.427961,3.));
#10067=CARTESIAN_POINT('',(-102.635,-25.465,3.));
#10068=CARTESIAN_POINT('',(-102.612039,-25.460433,3.));
#10069=CARTESIAN_POINT('',(-116.605,-25.465,3.));
#10070=CARTESIAN_POINT('',(-102.635,-25.465,3.));
#10071=CARTESIAN_POINT('',(-116.627961,-25.460433,3.));
#10072=CARTESIAN_POINT('',(-116.605,-25.465,3.));
#10073=CARTESIAN_POINT('',(-116.660433,-25.427961,3.));
#10074=CARTESIAN_POINT('',(-116.627961,-25.460433,3.));
#10075=CARTESIAN_POINT('',(-116.665,-25.405,3.));
#10076=CARTESIAN_POINT('',(-116.660433,-25.427961,3.));
#10077=CARTESIAN_POINT('',(-116.665,-11.435,3.));
#10078=CARTESIAN_POINT('',(-116.665,-25.405,3.));
#10079=CARTESIAN_POINT('',(-116.660433,-11.412039,3.));
#10080=CARTESIAN_POINT('',(-116.665,-11.435,3.));
#10081=CARTESIAN_POINT('',(-116.627961,-11.379567,3.));
#10082=CARTESIAN_POINT('',(-116.660433,-11.412039,3.));
#10083=CARTESIAN_POINT('',(-116.627961,-11.379567,3.));
#10084=CARTESIAN_POINT('',(-84.565,16.545,3.));
#10085=CARTESIAN_POINT('',(-70.595,16.545,3.));
#10086=CARTESIAN_POINT('',(-84.565,16.545,3.));
#10087=CARTESIAN_POINT('',(-70.572039,16.540433,3.));
#10088=CARTESIAN_POINT('',(-70.595,16.545,3.));
#10089=CARTESIAN_POINT('',(-70.539567,16.507961,3.));
#10090=CARTESIAN_POINT('',(-70.572039,16.540433,3.));
#10091=CARTESIAN_POINT('',(-70.535,16.485,3.));
#10092=CARTESIAN_POINT('',(-70.539567,16.507961,3.));
#10093=CARTESIAN_POINT('',(-70.535,2.515,3.));
#10094=CARTESIAN_POINT('',(-70.535,16.485,3.));
#10095=CARTESIAN_POINT('',(-70.539567,2.49203899999998,3.));
#10096=CARTESIAN_POINT('',(-70.535,2.515,3.));
#10097=CARTESIAN_POINT('',(-70.572039,2.45956699999999,3.));
#10098=CARTESIAN_POINT('',(-70.539567,2.49203899999998,3.));
#10099=CARTESIAN_POINT('',(-70.595,2.455,3.));
#10100=CARTESIAN_POINT('',(-70.572039,2.45956699999999,3.));
#10101=CARTESIAN_POINT('',(-84.565,2.455,3.));
#10102=CARTESIAN_POINT('',(-70.595,2.455,3.));
#10103=CARTESIAN_POINT('',(-84.587961,2.45956699999999,3.));
#10104=CARTESIAN_POINT('',(-84.565,2.455,3.));
#10105=CARTESIAN_POINT('',(-84.620433,2.49203899999998,3.));
#10106=CARTESIAN_POINT('',(-84.587961,2.45956699999999,3.));
#10107=CARTESIAN_POINT('',(-84.625,2.515,3.));
#10108=CARTESIAN_POINT('',(-84.620433,2.49203899999998,3.));
#10109=CARTESIAN_POINT('',(-84.625,16.485,3.));
#10110=CARTESIAN_POINT('',(-84.625,2.515,3.));
#10111=CARTESIAN_POINT('',(-84.620433,16.507961,3.));
#10112=CARTESIAN_POINT('',(-84.625,16.485,3.));
#10113=CARTESIAN_POINT('',(-84.587961,16.540433,3.));
#10114=CARTESIAN_POINT('',(-84.620433,16.507961,3.));
#10115=CARTESIAN_POINT('',(-84.587961,16.540433,3.));
#10116=CARTESIAN_POINT('',(-131.695,-11.375,3.));
#10117=CARTESIAN_POINT('',(-117.725,-11.375,3.));
#10118=CARTESIAN_POINT('',(-131.695,-11.375,3.));
#10119=CARTESIAN_POINT('',(-117.702039,-11.379567,3.));
#10120=CARTESIAN_POINT('',(-117.725,-11.375,3.));
#10121=CARTESIAN_POINT('',(-117.669567,-11.412039,3.));
#10122=CARTESIAN_POINT('',(-117.702039,-11.379567,3.));
#10123=CARTESIAN_POINT('',(-117.665,-11.435,3.));
#10124=CARTESIAN_POINT('',(-117.669567,-11.412039,3.));
#10125=CARTESIAN_POINT('',(-117.665,-25.405,3.));
#10126=CARTESIAN_POINT('',(-117.665,-11.435,3.));
#10127=CARTESIAN_POINT('',(-117.669567,-25.427961,3.));
#10128=CARTESIAN_POINT('',(-117.665,-25.405,3.));
#10129=CARTESIAN_POINT('',(-117.702039,-25.460433,3.));
#10130=CARTESIAN_POINT('',(-117.669567,-25.427961,3.));
#10131=CARTESIAN_POINT('',(-117.725,-25.465,3.));
#10132=CARTESIAN_POINT('',(-117.702039,-25.460433,3.));
#10133=CARTESIAN_POINT('',(-131.695,-25.465,3.));
#10134=CARTESIAN_POINT('',(-117.725,-25.465,3.));
#10135=CARTESIAN_POINT('',(-131.717961,-25.460433,3.));
#10136=CARTESIAN_POINT('',(-131.695,-25.465,3.));
#10137=CARTESIAN_POINT('',(-131.750433,-25.427961,3.));
#10138=CARTESIAN_POINT('',(-131.717961,-25.460433,3.));
#10139=CARTESIAN_POINT('',(-131.755,-25.405,3.));
#10140=CARTESIAN_POINT('',(-131.750433,-25.427961,3.));
#10141=CARTESIAN_POINT('',(-131.755,-11.435,3.));
#10142=CARTESIAN_POINT('',(-131.755,-25.405,3.));
#10143=CARTESIAN_POINT('',(-131.750433,-11.412039,3.));
#10144=CARTESIAN_POINT('',(-131.755,-11.435,3.));
#10145=CARTESIAN_POINT('',(-131.717961,-11.379567,3.));
#10146=CARTESIAN_POINT('',(-131.750433,-11.412039,3.));
#10147=CARTESIAN_POINT('',(-131.717961,-11.379567,3.));
#10148=CARTESIAN_POINT('',(-131.274386,36.552598,3.));
#10149=CARTESIAN_POINT('',(-131.225614,36.552598,3.));
#10150=CARTESIAN_POINT('',(-131.274386,36.552598,3.));
#10151=CARTESIAN_POINT('',(-131.180554,36.533934,3.));
#10152=CARTESIAN_POINT('',(-131.225614,36.552598,3.));
#10153=CARTESIAN_POINT('',(-131.146066,36.499446,3.));
#10154=CARTESIAN_POINT('',(-131.180554,36.533934,3.));
#10155=CARTESIAN_POINT('',(-131.127402,36.454386,3.));
#10156=CARTESIAN_POINT('',(-131.146066,36.499446,3.));
#10157=CARTESIAN_POINT('',(-131.125,36.43,3.));
#10158=CARTESIAN_POINT('',(-131.127402,36.454386,3.));
#10159=CARTESIAN_POINT('',(-131.125,32.725,3.));
#10160=CARTESIAN_POINT('',(-131.125,36.43,3.));
#10161=CARTESIAN_POINT('',(-119.575,32.725,3.));
#10162=CARTESIAN_POINT('',(-131.125,32.725,3.));
#10163=CARTESIAN_POINT('',(-119.575,36.43,3.));
#10164=CARTESIAN_POINT('',(-119.575,32.725,3.));
#10165=CARTESIAN_POINT('',(-119.572598,36.454386,3.));
#10166=CARTESIAN_POINT('',(-119.575,36.43,3.));
#10167=CARTESIAN_POINT('',(-119.553934,36.499446,3.));
#10168=CARTESIAN_POINT('',(-119.572598,36.454386,3.));
#10169=CARTESIAN_POINT('',(-119.519446,36.533934,3.));
#10170=CARTESIAN_POINT('',(-119.553934,36.499446,3.));
#10171=CARTESIAN_POINT('',(-119.474386,36.552598,3.));
#10172=CARTESIAN_POINT('',(-119.519446,36.533934,3.));
#10173=CARTESIAN_POINT('',(-119.425614,36.552598,3.));
#10174=CARTESIAN_POINT('',(-119.474386,36.552598,3.));
#10175=CARTESIAN_POINT('',(-119.380554,36.533934,3.));
#10176=CARTESIAN_POINT('',(-119.425614,36.552598,3.));
#10177=CARTESIAN_POINT('',(-119.346066,36.499446,3.));
#10178=CARTESIAN_POINT('',(-119.380554,36.533934,3.));
#10179=CARTESIAN_POINT('',(-119.327402,36.454386,3.));
#10180=CARTESIAN_POINT('',(-119.346066,36.499446,3.));
#10181=CARTESIAN_POINT('',(-119.325,36.43,3.));
#10182=CARTESIAN_POINT('',(-119.327402,36.454386,3.));
#10183=CARTESIAN_POINT('',(-119.325,32.6,3.));
#10184=CARTESIAN_POINT('',(-119.325,36.43,3.));
#10185=CARTESIAN_POINT('',(-119.327402,32.575614,3.));
#10186=CARTESIAN_POINT('',(-119.325,32.6,3.));
#10187=CARTESIAN_POINT('',(-119.346066,32.530554,3.));
#10188=CARTESIAN_POINT('',(-119.327402,32.575614,3.));
#10189=CARTESIAN_POINT('',(-119.380554,32.496066,3.));
#10190=CARTESIAN_POINT('',(-119.346066,32.530554,3.));
#10191=CARTESIAN_POINT('',(-119.425614,32.477402,3.));
#10192=CARTESIAN_POINT('',(-119.380554,32.496066,3.));
#10193=CARTESIAN_POINT('',(-119.45,32.475,3.));
#10194=CARTESIAN_POINT('',(-119.425614,32.477402,3.));
#10195=CARTESIAN_POINT('',(-131.25,32.475,3.));
#10196=CARTESIAN_POINT('',(-119.45,32.475,3.));
#10197=CARTESIAN_POINT('',(-131.274386,32.477402,3.));
#10198=CARTESIAN_POINT('',(-131.25,32.475,3.));
#10199=CARTESIAN_POINT('',(-131.319446,32.496066,3.));
#10200=CARTESIAN_POINT('',(-131.274386,32.477402,3.));
#10201=CARTESIAN_POINT('',(-131.353934,32.530554,3.));
#10202=CARTESIAN_POINT('',(-131.319446,32.496066,3.));
#10203=CARTESIAN_POINT('',(-131.372598,32.575614,3.));
#10204=CARTESIAN_POINT('',(-131.353934,32.530554,3.));
#10205=CARTESIAN_POINT('',(-131.375,32.6,3.));
#10206=CARTESIAN_POINT('',(-131.372598,32.575614,3.));
#10207=CARTESIAN_POINT('',(-131.375,36.43,3.));
#10208=CARTESIAN_POINT('',(-131.375,32.6,3.));
#10209=CARTESIAN_POINT('',(-131.372598,36.454386,3.));
#10210=CARTESIAN_POINT('',(-131.375,36.43,3.));
#10211=CARTESIAN_POINT('',(-131.353934,36.499446,3.));
#10212=CARTESIAN_POINT('',(-131.372598,36.454386,3.));
#10213=CARTESIAN_POINT('',(-131.319446,36.533934,3.));
#10214=CARTESIAN_POINT('',(-131.353934,36.499446,3.));
#10215=CARTESIAN_POINT('',(-131.319446,36.533934,3.));
#10216=CARTESIAN_POINT('',(-131.675,25.095,3.));
#10217=CARTESIAN_POINT('',(-117.705,25.095,3.));
#10218=CARTESIAN_POINT('',(-131.675,25.095,3.));
#10219=CARTESIAN_POINT('',(-117.682039,25.090433,3.));
#10220=CARTESIAN_POINT('',(-117.705,25.095,3.));
#10221=CARTESIAN_POINT('',(-117.649567,25.057961,3.));
#10222=CARTESIAN_POINT('',(-117.682039,25.090433,3.));
#10223=CARTESIAN_POINT('',(-117.645,25.035,3.));
#10224=CARTESIAN_POINT('',(-117.649567,25.057961,3.));
#10225=CARTESIAN_POINT('',(-117.645,11.065,3.));
#10226=CARTESIAN_POINT('',(-117.645,25.035,3.));
#10227=CARTESIAN_POINT('',(-117.649567,11.042039,3.));
#10228=CARTESIAN_POINT('',(-117.645,11.065,3.));
#10229=CARTESIAN_POINT('',(-117.682039,11.009567,3.));
#10230=CARTESIAN_POINT('',(-117.649567,11.042039,3.));
#10231=CARTESIAN_POINT('',(-117.705,11.005,3.));
#10232=CARTESIAN_POINT('',(-117.682039,11.009567,3.));
#10233=CARTESIAN_POINT('',(-131.675,11.005,3.));
#10234=CARTESIAN_POINT('',(-117.705,11.005,3.));
#10235=CARTESIAN_POINT('',(-131.697961,11.009567,3.));
#10236=CARTESIAN_POINT('',(-131.675,11.005,3.));
#10237=CARTESIAN_POINT('',(-131.730433,11.042039,3.));
#10238=CARTESIAN_POINT('',(-131.697961,11.009567,3.));
#10239=CARTESIAN_POINT('',(-131.735,11.065,3.));
#10240=CARTESIAN_POINT('',(-131.730433,11.042039,3.));
#10241=CARTESIAN_POINT('',(-131.735,25.035,3.));
#10242=CARTESIAN_POINT('',(-131.735,11.065,3.));
#10243=CARTESIAN_POINT('',(-131.730433,25.057961,3.));
#10244=CARTESIAN_POINT('',(-131.735,25.035,3.));
#10245=CARTESIAN_POINT('',(-131.697961,25.090433,3.));
#10246=CARTESIAN_POINT('',(-131.730433,25.057961,3.));
#10247=CARTESIAN_POINT('',(-131.697961,25.090433,3.));
#10248=CARTESIAN_POINT('',(-125.54946,42.660104,3.));
#10249=CARTESIAN_POINT('',(-125.15054,42.660104,3.));
#10250=CARTESIAN_POINT('',(-125.54946,42.660104,3.));
#10251=CARTESIAN_POINT('',(-124.753541,42.621003,3.));
#10252=CARTESIAN_POINT('',(-125.15054,42.660104,3.));
#10253=CARTESIAN_POINT('',(-124.362286,42.543177,3.));
#10254=CARTESIAN_POINT('',(-124.753541,42.621003,3.));
#10255=CARTESIAN_POINT('',(-123.980543,42.427377,3.));
#10256=CARTESIAN_POINT('',(-124.362286,42.543177,3.));
#10257=CARTESIAN_POINT('',(-123.611989,42.274716,3.));
#10258=CARTESIAN_POINT('',(-123.980543,42.427377,3.));
#10259=CARTESIAN_POINT('',(-123.260172,42.086667,3.));
#10260=CARTESIAN_POINT('',(-123.611989,42.274716,3.));
#10261=CARTESIAN_POINT('',(-122.928482,41.865039,3.));
#10262=CARTESIAN_POINT('',(-123.260172,42.086667,3.));
#10263=CARTESIAN_POINT('',(-122.620113,41.611966,3.));
#10264=CARTESIAN_POINT('',(-122.928482,41.865039,3.));
#10265=CARTESIAN_POINT('',(-122.338034,41.329887,3.));
#10266=CARTESIAN_POINT('',(-122.620113,41.611966,3.));
#10267=CARTESIAN_POINT('',(-122.084961,41.021518,3.));
#10268=CARTESIAN_POINT('',(-122.338034,41.329887,3.));
#10269=CARTESIAN_POINT('',(-121.863333,40.689828,3.));
#10270=CARTESIAN_POINT('',(-122.084961,41.021518,3.));
#10271=CARTESIAN_POINT('',(-121.675284,40.338011,3.));
#10272=CARTESIAN_POINT('',(-121.863333,40.689828,3.));
#10273=CARTESIAN_POINT('',(-121.522623,39.969457,3.));
#10274=CARTESIAN_POINT('',(-121.675284,40.338011,3.));
#10275=CARTESIAN_POINT('',(-121.406823,39.587714,3.));
#10276=CARTESIAN_POINT('',(-121.522623,39.969457,3.));
#10277=CARTESIAN_POINT('',(-121.328997,39.196459,3.));
#10278=CARTESIAN_POINT('',(-121.406823,39.587714,3.));
#10279=CARTESIAN_POINT('',(-121.289896,38.79946,3.));
#10280=CARTESIAN_POINT('',(-121.328997,39.196459,3.));
#10281=CARTESIAN_POINT('',(-121.289896,38.40054,3.));
#10282=CARTESIAN_POINT('',(-121.289896,38.79946,3.));
#10283=CARTESIAN_POINT('',(-121.328997,38.003541,3.));
#10284=CARTESIAN_POINT('',(-121.289896,38.40054,3.));
#10285=CARTESIAN_POINT('',(-121.406823,37.612286,3.));
#10286=CARTESIAN_POINT('',(-121.328997,38.003541,3.));
#10287=CARTESIAN_POINT('',(-121.522623,37.230543,3.));
#10288=CARTESIAN_POINT('',(-121.406823,37.612286,3.));
#10289=CARTESIAN_POINT('',(-121.675284,36.861989,3.));
#10290=CARTESIAN_POINT('',(-121.522623,37.230543,3.));
#10291=CARTESIAN_POINT('',(-121.863333,36.510172,3.));
#10292=CARTESIAN_POINT('',(-121.675284,36.861989,3.));
#10293=CARTESIAN_POINT('',(-122.084961,36.178482,3.));
#10294=CARTESIAN_POINT('',(-121.863333,36.510172,3.));
#10295=CARTESIAN_POINT('',(-122.338034,35.870113,3.));
#10296=CARTESIAN_POINT('',(-122.084961,36.178482,3.));
#10297=CARTESIAN_POINT('',(-122.620113,35.588034,3.));
#10298=CARTESIAN_POINT('',(-122.338034,35.870113,3.));
#10299=CARTESIAN_POINT('',(-122.928482,35.334961,3.));
#10300=CARTESIAN_POINT('',(-122.620113,35.588034,3.));
#10301=CARTESIAN_POINT('',(-123.260172,35.113333,3.));
#10302=CARTESIAN_POINT('',(-122.928482,35.334961,3.));
#10303=CARTESIAN_POINT('',(-123.611989,34.925284,3.));
#10304=CARTESIAN_POINT('',(-123.260172,35.113333,3.));
#10305=CARTESIAN_POINT('',(-123.980543,34.772623,3.));
#10306=CARTESIAN_POINT('',(-123.611989,34.925284,3.));
#10307=CARTESIAN_POINT('',(-124.362286,34.656823,3.));
#10308=CARTESIAN_POINT('',(-123.980543,34.772623,3.));
#10309=CARTESIAN_POINT('',(-124.753541,34.578997,3.));
#10310=CARTESIAN_POINT('',(-124.362286,34.656823,3.));
#10311=CARTESIAN_POINT('',(-125.15054,34.539896,3.));
#10312=CARTESIAN_POINT('',(-124.753541,34.578997,3.));
#10313=CARTESIAN_POINT('',(-125.54946,34.539896,3.));
#10314=CARTESIAN_POINT('',(-125.15054,34.539896,3.));
#10315=CARTESIAN_POINT('',(-125.946459,34.578997,3.));
#10316=CARTESIAN_POINT('',(-125.54946,34.539896,3.));
#10317=CARTESIAN_POINT('',(-126.337714,34.656823,3.));
#10318=CARTESIAN_POINT('',(-125.946459,34.578997,3.));
#10319=CARTESIAN_POINT('',(-126.719457,34.772623,3.));
#10320=CARTESIAN_POINT('',(-126.337714,34.656823,3.));
#10321=CARTESIAN_POINT('',(-127.088011,34.925284,3.));
#10322=CARTESIAN_POINT('',(-126.719457,34.772623,3.));
#10323=CARTESIAN_POINT('',(-127.439828,35.113333,3.));
#10324=CARTESIAN_POINT('',(-127.088011,34.925284,3.));
#10325=CARTESIAN_POINT('',(-127.771518,35.334961,3.));
#10326=CARTESIAN_POINT('',(-127.439828,35.113333,3.));
#10327=CARTESIAN_POINT('',(-128.079887,35.588034,3.));
#10328=CARTESIAN_POINT('',(-127.771518,35.334961,3.));
#10329=CARTESIAN_POINT('',(-128.361966,35.870113,3.));
#10330=CARTESIAN_POINT('',(-128.079887,35.588034,3.));
#10331=CARTESIAN_POINT('',(-128.615039,36.178482,3.));
#10332=CARTESIAN_POINT('',(-128.361966,35.870113,3.));
#10333=CARTESIAN_POINT('',(-128.836667,36.510172,3.));
#10334=CARTESIAN_POINT('',(-128.615039,36.178482,3.));
#10335=CARTESIAN_POINT('',(-129.024716,36.861989,3.));
#10336=CARTESIAN_POINT('',(-128.836667,36.510172,3.));
#10337=CARTESIAN_POINT('',(-129.177377,37.230543,3.));
#10338=CARTESIAN_POINT('',(-129.024716,36.861989,3.));
#10339=CARTESIAN_POINT('',(-129.293177,37.612286,3.));
#10340=CARTESIAN_POINT('',(-129.177377,37.230543,3.));
#10341=CARTESIAN_POINT('',(-129.371003,38.003541,3.));
#10342=CARTESIAN_POINT('',(-129.293177,37.612286,3.));
#10343=CARTESIAN_POINT('',(-129.410104,38.40054,3.));
#10344=CARTESIAN_POINT('',(-129.371003,38.003541,3.));
#10345=CARTESIAN_POINT('',(-129.410104,38.79946,3.));
#10346=CARTESIAN_POINT('',(-129.410104,38.787419,3.));
#10347=CARTESIAN_POINT('',(-129.371003,39.196459,3.));
#10348=CARTESIAN_POINT('',(-129.410104,38.79946,3.));
#10349=CARTESIAN_POINT('',(-129.293177,39.587714,3.));
#10350=CARTESIAN_POINT('',(-129.371003,39.196459,3.));
#10351=CARTESIAN_POINT('',(-129.177377,39.969457,3.));
#10352=CARTESIAN_POINT('',(-129.293177,39.587714,3.));
#10353=CARTESIAN_POINT('',(-129.024716,40.338011,3.));
#10354=CARTESIAN_POINT('',(-129.177377,39.969457,3.));
#10355=CARTESIAN_POINT('',(-128.836667,40.689828,3.));
#10356=CARTESIAN_POINT('',(-129.024716,40.338011,3.));
#10357=CARTESIAN_POINT('',(-128.615039,41.021518,3.));
#10358=CARTESIAN_POINT('',(-128.836667,40.689828,3.));
#10359=CARTESIAN_POINT('',(-128.361966,41.329887,3.));
#10360=CARTESIAN_POINT('',(-128.615039,41.021518,3.));
#10361=CARTESIAN_POINT('',(-128.079887,41.611966,3.));
#10362=CARTESIAN_POINT('',(-128.361966,41.329887,3.));
#10363=CARTESIAN_POINT('',(-127.771518,41.865039,3.));
#10364=CARTESIAN_POINT('',(-128.079887,41.611966,3.));
#10365=CARTESIAN_POINT('',(-127.439828,42.086667,3.));
#10366=CARTESIAN_POINT('',(-127.771518,41.865039,3.));
#10367=CARTESIAN_POINT('',(-127.088011,42.274716,3.));
#10368=CARTESIAN_POINT('',(-127.439828,42.086667,3.));
#10369=CARTESIAN_POINT('',(-126.719457,42.427377,3.));
#10370=CARTESIAN_POINT('',(-127.088011,42.274716,3.));
#10371=CARTESIAN_POINT('',(-126.337714,42.543177,3.));
#10372=CARTESIAN_POINT('',(-126.719457,42.427377,3.));
#10373=CARTESIAN_POINT('',(-125.946459,42.621003,3.));
#10374=CARTESIAN_POINT('',(-126.337714,42.543177,3.));
#10375=CARTESIAN_POINT('',(-125.946459,42.621003,3.));
#10376=CARTESIAN_POINT('',(-131.04,44.725,3.));
#10377=CARTESIAN_POINT('',(-128.42,44.725,3.));
#10378=CARTESIAN_POINT('',(-131.04,44.725,3.));
#10379=CARTESIAN_POINT('',(-128.395614,44.722598,3.));
#10380=CARTESIAN_POINT('',(-128.42,44.725,3.));
#10381=CARTESIAN_POINT('',(-128.350554,44.703934,3.));
#10382=CARTESIAN_POINT('',(-128.395614,44.722598,3.));
#10383=CARTESIAN_POINT('',(-128.316066,44.669446,3.));
#10384=CARTESIAN_POINT('',(-128.350554,44.703934,3.));
#10385=CARTESIAN_POINT('',(-128.297402,44.624386,3.));
#10386=CARTESIAN_POINT('',(-128.316066,44.669446,3.));
#10387=CARTESIAN_POINT('',(-128.297402,44.575614,3.));
#10388=CARTESIAN_POINT('',(-128.297402,44.624386,3.));
#10389=CARTESIAN_POINT('',(-128.316066,44.530554,3.));
#10390=CARTESIAN_POINT('',(-128.297402,44.575614,3.));
#10391=CARTESIAN_POINT('',(-128.350554,44.496066,3.));
#10392=CARTESIAN_POINT('',(-128.316066,44.530554,3.));
#10393=CARTESIAN_POINT('',(-128.395614,44.477402,3.));
#10394=CARTESIAN_POINT('',(-128.350554,44.496066,3.));
#10395=CARTESIAN_POINT('',(-128.42,44.475,3.));
#10396=CARTESIAN_POINT('',(-128.395614,44.477402,3.));
#10397=CARTESIAN_POINT('',(-131.04,44.475,3.));
#10398=CARTESIAN_POINT('',(-128.42,44.475,3.));
#10399=CARTESIAN_POINT('',(-131.064386,44.477402,3.));
#10400=CARTESIAN_POINT('',(-131.04,44.475,3.));
#10401=CARTESIAN_POINT('',(-131.109446,44.496066,3.));
#10402=CARTESIAN_POINT('',(-131.064386,44.477402,3.));
#10403=CARTESIAN_POINT('',(-131.125,44.51162,3.));
#10404=CARTESIAN_POINT('',(-131.109446,44.496066,3.));
#10405=CARTESIAN_POINT('',(-131.125,40.77,3.));
#10406=CARTESIAN_POINT('',(-131.125,44.51162,3.));
#10407=CARTESIAN_POINT('',(-131.127402,40.745614,3.));
#10408=CARTESIAN_POINT('',(-131.125,40.77,3.));
#10409=CARTESIAN_POINT('',(-131.146066,40.700554,3.));
#10410=CARTESIAN_POINT('',(-131.127402,40.745614,3.));
#10411=CARTESIAN_POINT('',(-131.180554,40.666066,3.));
#10412=CARTESIAN_POINT('',(-131.146066,40.700554,3.));
#10413=CARTESIAN_POINT('',(-131.225614,40.647402,3.));
#10414=CARTESIAN_POINT('',(-131.180554,40.666066,3.));
#10415=CARTESIAN_POINT('',(-131.274386,40.647402,3.));
#10416=CARTESIAN_POINT('',(-131.225614,40.647402,3.));
#10417=CARTESIAN_POINT('',(-131.319446,40.666066,3.));
#10418=CARTESIAN_POINT('',(-131.274386,40.647402,3.));
#10419=CARTESIAN_POINT('',(-131.353934,40.700554,3.));
#10420=CARTESIAN_POINT('',(-131.319446,40.666066,3.));
#10421=CARTESIAN_POINT('',(-131.372598,40.745614,3.));
#10422=CARTESIAN_POINT('',(-131.353934,40.700554,3.));
#10423=CARTESIAN_POINT('',(-131.375,40.77,3.));
#10424=CARTESIAN_POINT('',(-131.372598,40.745614,3.));
#10425=CARTESIAN_POINT('',(-131.375,44.6,3.));
#10426=CARTESIAN_POINT('',(-131.375,40.77,3.));
#10427=CARTESIAN_POINT('',(-131.372598,44.624386,3.));
#10428=CARTESIAN_POINT('',(-131.375,44.6,3.));
#10429=CARTESIAN_POINT('',(-131.353934,44.669446,3.));
#10430=CARTESIAN_POINT('',(-131.372598,44.624386,3.));
#10431=CARTESIAN_POINT('',(-131.319446,44.703934,3.));
#10432=CARTESIAN_POINT('',(-131.353934,44.669446,3.));
#10433=CARTESIAN_POINT('',(-131.274386,44.722598,3.));
#10434=CARTESIAN_POINT('',(-131.319446,44.703934,3.));
#10435=CARTESIAN_POINT('',(-131.225614,44.722598,3.));
#10436=CARTESIAN_POINT('',(-131.274386,44.722598,3.));
#10437=CARTESIAN_POINT('',(-131.180554,44.703934,3.));
#10438=CARTESIAN_POINT('',(-131.225614,44.722598,3.));
#10439=CARTESIAN_POINT('',(-131.146066,44.669446,3.));
#10440=CARTESIAN_POINT('',(-131.180554,44.703934,3.));
#10441=CARTESIAN_POINT('',(-131.145,44.666873,3.));
#10442=CARTESIAN_POINT('',(-131.146066,44.669446,3.));
#10443=CARTESIAN_POINT('',(-131.143934,44.669446,3.));
#10444=CARTESIAN_POINT('',(-131.145,44.666873,3.));
#10445=CARTESIAN_POINT('',(-131.109446,44.703934,3.));
#10446=CARTESIAN_POINT('',(-131.143934,44.669446,3.));
#10447=CARTESIAN_POINT('',(-131.064386,44.722598,3.));
#10448=CARTESIAN_POINT('',(-131.109446,44.703934,3.));
#10449=CARTESIAN_POINT('',(-131.064386,44.722598,3.));
#10450=CARTESIAN_POINT('',(-99.565,-31.455,3.));
#10451=CARTESIAN_POINT('',(-85.595,-31.455,3.));
#10452=CARTESIAN_POINT('',(-99.565,-31.455,3.));
#10453=CARTESIAN_POINT('',(-85.572039,-31.459567,3.));
#10454=CARTESIAN_POINT('',(-85.595,-31.455,3.));
#10455=CARTESIAN_POINT('',(-85.539567,-31.492039,3.));
#10456=CARTESIAN_POINT('',(-85.572039,-31.459567,3.));
#10457=CARTESIAN_POINT('',(-85.535,-31.515,3.));
#10458=CARTESIAN_POINT('',(-85.539567,-31.492039,3.));
#10459=CARTESIAN_POINT('',(-85.535,-45.485,3.));
#10460=CARTESIAN_POINT('',(-85.535,-31.515,3.));
#10461=CARTESIAN_POINT('',(-85.539567,-45.507961,3.));
#10462=CARTESIAN_POINT('',(-85.535,-45.485,3.));
#10463=CARTESIAN_POINT('',(-85.572039,-45.540433,3.));
#10464=CARTESIAN_POINT('',(-85.539567,-45.507961,3.));
#10465=CARTESIAN_POINT('',(-85.595,-45.545,3.));
#10466=CARTESIAN_POINT('',(-85.572039,-45.540433,3.));
#10467=CARTESIAN_POINT('',(-99.565,-45.545,3.));
#10468=CARTESIAN_POINT('',(-85.595,-45.545,3.));
#10469=CARTESIAN_POINT('',(-99.587961,-45.540433,3.));
#10470=CARTESIAN_POINT('',(-99.565,-45.545,3.));
#10471=CARTESIAN_POINT('',(-99.620433,-45.507961,3.));
#10472=CARTESIAN_POINT('',(-99.587961,-45.540433,3.));
#10473=CARTESIAN_POINT('',(-99.625,-45.485,3.));
#10474=CARTESIAN_POINT('',(-99.620433,-45.507961,3.));
#10475=CARTESIAN_POINT('',(-99.625,-31.515,3.));
#10476=CARTESIAN_POINT('',(-99.625,-45.485,3.));
#10477=CARTESIAN_POINT('',(-99.620433,-31.492039,3.));
#10478=CARTESIAN_POINT('',(-99.625,-31.515,3.));
#10479=CARTESIAN_POINT('',(-99.587961,-31.459567,3.));
#10480=CARTESIAN_POINT('',(-99.620433,-31.492039,3.));
#10481=CARTESIAN_POINT('',(-99.587961,-31.459567,3.));
#10482=CARTESIAN_POINT('',(-82.565,-11.455,3.));
#10483=CARTESIAN_POINT('',(-68.595,-11.455,3.));
#10484=CARTESIAN_POINT('',(-82.565,-11.455,3.));
#10485=CARTESIAN_POINT('',(-68.572039,-11.459567,3.));
#10486=CARTESIAN_POINT('',(-68.595,-11.455,3.));
#10487=CARTESIAN_POINT('',(-68.539567,-11.492039,3.));
#10488=CARTESIAN_POINT('',(-68.572039,-11.459567,3.));
#10489=CARTESIAN_POINT('',(-68.535,-11.515,3.));
#10490=CARTESIAN_POINT('',(-68.539567,-11.492039,3.));
#10491=CARTESIAN_POINT('',(-68.535,-25.485,3.));
#10492=CARTESIAN_POINT('',(-68.535,-11.515,3.));
#10493=CARTESIAN_POINT('',(-68.539567,-25.507961,3.));
#10494=CARTESIAN_POINT('',(-68.535,-25.485,3.));
#10495=CARTESIAN_POINT('',(-68.572039,-25.540433,3.));
#10496=CARTESIAN_POINT('',(-68.539567,-25.507961,3.));
#10497=CARTESIAN_POINT('',(-68.595,-25.545,3.));
#10498=CARTESIAN_POINT('',(-68.572039,-25.540433,3.));
#10499=CARTESIAN_POINT('',(-82.565,-25.545,3.));
#10500=CARTESIAN_POINT('',(-68.595,-25.545,3.));
#10501=CARTESIAN_POINT('',(-82.587961,-25.540433,3.));
#10502=CARTESIAN_POINT('',(-82.565,-25.545,3.));
#10503=CARTESIAN_POINT('',(-82.620433,-25.507961,3.));
#10504=CARTESIAN_POINT('',(-82.587961,-25.540433,3.));
#10505=CARTESIAN_POINT('',(-82.625,-25.485,3.));
#10506=CARTESIAN_POINT('',(-82.620433,-25.507961,3.));
#10507=CARTESIAN_POINT('',(-82.625,-11.515,3.));
#10508=CARTESIAN_POINT('',(-82.625,-25.485,3.));
#10509=CARTESIAN_POINT('',(-82.620433,-11.492039,3.));
#10510=CARTESIAN_POINT('',(-82.625,-11.515,3.));
#10511=CARTESIAN_POINT('',(-82.587961,-11.459567,3.));
#10512=CARTESIAN_POINT('',(-82.620433,-11.492039,3.));
#10513=CARTESIAN_POINT('',(-82.587961,-11.459567,3.));
#10514=CARTESIAN_POINT('',(-122.28,44.725,3.));
#10515=CARTESIAN_POINT('',(-119.45,44.725,3.));
#10516=CARTESIAN_POINT('',(-122.28,44.725,3.));
#10517=CARTESIAN_POINT('',(-119.425614,44.722598,3.));
#10518=CARTESIAN_POINT('',(-119.45,44.725,3.));
#10519=CARTESIAN_POINT('',(-119.380554,44.703934,3.));
#10520=CARTESIAN_POINT('',(-119.425614,44.722598,3.));
#10521=CARTESIAN_POINT('',(-119.346066,44.669446,3.));
#10522=CARTESIAN_POINT('',(-119.380554,44.703934,3.));
#10523=CARTESIAN_POINT('',(-119.327402,44.624386,3.));
#10524=CARTESIAN_POINT('',(-119.346066,44.669446,3.));
#10525=CARTESIAN_POINT('',(-119.325,44.6,3.));
#10526=CARTESIAN_POINT('',(-119.327402,44.624386,3.));
#10527=CARTESIAN_POINT('',(-119.325,40.77,3.));
#10528=CARTESIAN_POINT('',(-119.325,44.6,3.));
#10529=CARTESIAN_POINT('',(-119.327402,40.745614,3.));
#10530=CARTESIAN_POINT('',(-119.325,40.77,3.));
#10531=CARTESIAN_POINT('',(-119.346066,40.700554,3.));
#10532=CARTESIAN_POINT('',(-119.327402,40.745614,3.));
#10533=CARTESIAN_POINT('',(-119.380554,40.666066,3.));
#10534=CARTESIAN_POINT('',(-119.346066,40.700554,3.));
#10535=CARTESIAN_POINT('',(-119.425614,40.647402,3.));
#10536=CARTESIAN_POINT('',(-119.380554,40.666066,3.));
#10537=CARTESIAN_POINT('',(-119.474386,40.647402,3.));
#10538=CARTESIAN_POINT('',(-119.425614,40.647402,3.));
#10539=CARTESIAN_POINT('',(-119.519446,40.666066,3.));
#10540=CARTESIAN_POINT('',(-119.474386,40.647402,3.));
#10541=CARTESIAN_POINT('',(-119.553934,40.700554,3.));
#10542=CARTESIAN_POINT('',(-119.519446,40.666066,3.));
#10543=CARTESIAN_POINT('',(-119.572598,40.745614,3.));
#10544=CARTESIAN_POINT('',(-119.553934,40.700554,3.));
#10545=CARTESIAN_POINT('',(-119.575,40.77,3.));
#10546=CARTESIAN_POINT('',(-119.572598,40.745614,3.));
#10547=CARTESIAN_POINT('',(-119.575,44.475,3.));
#10548=CARTESIAN_POINT('',(-119.575,40.77,3.));
#10549=CARTESIAN_POINT('',(-122.28,44.475,3.));
#10550=CARTESIAN_POINT('',(-119.575,44.475,3.));
#10551=CARTESIAN_POINT('',(-122.304386,44.477402,3.));
#10552=CARTESIAN_POINT('',(-122.28,44.475,3.));
#10553=CARTESIAN_POINT('',(-122.349446,44.496066,3.));
#10554=CARTESIAN_POINT('',(-122.304386,44.477402,3.));
#10555=CARTESIAN_POINT('',(-122.383934,44.530554,3.));
#10556=CARTESIAN_POINT('',(-122.349446,44.496066,3.));
#10557=CARTESIAN_POINT('',(-122.402598,44.575614,3.));
#10558=CARTESIAN_POINT('',(-122.383934,44.530554,3.));
#10559=CARTESIAN_POINT('',(-122.402598,44.624386,3.));
#10560=CARTESIAN_POINT('',(-122.402598,44.575614,3.));
#10561=CARTESIAN_POINT('',(-122.383934,44.669446,3.));
#10562=CARTESIAN_POINT('',(-122.402598,44.624386,3.));
#10563=CARTESIAN_POINT('',(-122.349446,44.703934,3.));
#10564=CARTESIAN_POINT('',(-122.383934,44.669446,3.));
#10565=CARTESIAN_POINT('',(-122.304386,44.722598,3.));
#10566=CARTESIAN_POINT('',(-122.349446,44.703934,3.));
#10567=CARTESIAN_POINT('',(-122.304386,44.722598,3.));
#10568=CARTESIAN_POINT('',(-127.36,44.725,3.));
#10569=CARTESIAN_POINT('',(-123.34,44.725,3.));
#10570=CARTESIAN_POINT('',(-127.36,44.725,3.));
#10571=CARTESIAN_POINT('',(-123.315614,44.722598,3.));
#10572=CARTESIAN_POINT('',(-123.34,44.725,3.));
#10573=CARTESIAN_POINT('',(-123.270554,44.703934,3.));
#10574=CARTESIAN_POINT('',(-123.315614,44.722598,3.));
#10575=CARTESIAN_POINT('',(-123.236066,44.669446,3.));
#10576=CARTESIAN_POINT('',(-123.270554,44.703934,3.));
#10577=CARTESIAN_POINT('',(-123.217402,44.624386,3.));
#10578=CARTESIAN_POINT('',(-123.236066,44.669446,3.));
#10579=CARTESIAN_POINT('',(-123.217402,44.575614,3.));
#10580=CARTESIAN_POINT('',(-123.217402,44.624386,3.));
#10581=CARTESIAN_POINT('',(-123.236066,44.530554,3.));
#10582=CARTESIAN_POINT('',(-123.217402,44.575614,3.));
#10583=CARTESIAN_POINT('',(-123.270554,44.496066,3.));
#10584=CARTESIAN_POINT('',(-123.236066,44.530554,3.));
#10585=CARTESIAN_POINT('',(-123.315614,44.477402,3.));
#10586=CARTESIAN_POINT('',(-123.270554,44.496066,3.));
#10587=CARTESIAN_POINT('',(-123.34,44.475,3.));
#10588=CARTESIAN_POINT('',(-123.315614,44.477402,3.));
#10589=CARTESIAN_POINT('',(-127.36,44.475,3.));
#10590=CARTESIAN_POINT('',(-123.34,44.475,3.));
#10591=CARTESIAN_POINT('',(-127.384386,44.477402,3.));
#10592=CARTESIAN_POINT('',(-127.36,44.475,3.));
#10593=CARTESIAN_POINT('',(-127.429446,44.496066,3.));
#10594=CARTESIAN_POINT('',(-127.384386,44.477402,3.));
#10595=CARTESIAN_POINT('',(-127.463934,44.530554,3.));
#10596=CARTESIAN_POINT('',(-127.429446,44.496066,3.));
#10597=CARTESIAN_POINT('',(-127.482598,44.575614,3.));
#10598=CARTESIAN_POINT('',(-127.463934,44.530554,3.));
#10599=CARTESIAN_POINT('',(-127.482598,44.624386,3.));
#10600=CARTESIAN_POINT('',(-127.482598,44.575614,3.));
#10601=CARTESIAN_POINT('',(-127.463934,44.669446,3.));
#10602=CARTESIAN_POINT('',(-127.482598,44.624386,3.));
#10603=CARTESIAN_POINT('',(-127.429446,44.703934,3.));
#10604=CARTESIAN_POINT('',(-127.463934,44.669446,3.));
#10605=CARTESIAN_POINT('',(-127.384386,44.722598,3.));
#10606=CARTESIAN_POINT('',(-127.429446,44.703934,3.));
#10607=CARTESIAN_POINT('',(-127.384386,44.722598,3.));
#10608=CARTESIAN_POINT('',(-97.655,-11.455,3.));
#10609=CARTESIAN_POINT('',(-83.685,-11.455,3.));
#10610=CARTESIAN_POINT('',(-97.655,-11.455,3.));
#10611=CARTESIAN_POINT('',(-83.662039,-11.459567,3.));
#10612=CARTESIAN_POINT('',(-83.685,-11.455,3.));
#10613=CARTESIAN_POINT('',(-83.629567,-11.492039,3.));
#10614=CARTESIAN_POINT('',(-83.662039,-11.459567,3.));
#10615=CARTESIAN_POINT('',(-83.625,-11.515,3.));
#10616=CARTESIAN_POINT('',(-83.629567,-11.492039,3.));
#10617=CARTESIAN_POINT('',(-83.625,-25.485,3.));
#10618=CARTESIAN_POINT('',(-83.625,-11.515,3.));
#10619=CARTESIAN_POINT('',(-83.629567,-25.507961,3.));
#10620=CARTESIAN_POINT('',(-83.625,-25.485,3.));
#10621=CARTESIAN_POINT('',(-83.662039,-25.540433,3.));
#10622=CARTESIAN_POINT('',(-83.629567,-25.507961,3.));
#10623=CARTESIAN_POINT('',(-83.685,-25.545,3.));
#10624=CARTESIAN_POINT('',(-83.662039,-25.540433,3.));
#10625=CARTESIAN_POINT('',(-97.655,-25.545,3.));
#10626=CARTESIAN_POINT('',(-83.685,-25.545,3.));
#10627=CARTESIAN_POINT('',(-97.677961,-25.540433,3.));
#10628=CARTESIAN_POINT('',(-97.655,-25.545,3.));
#10629=CARTESIAN_POINT('',(-97.710433,-25.507961,3.));
#10630=CARTESIAN_POINT('',(-97.677961,-25.540433,3.));
#10631=CARTESIAN_POINT('',(-97.715,-25.485,3.));
#10632=CARTESIAN_POINT('',(-97.710433,-25.507961,3.));
#10633=CARTESIAN_POINT('',(-97.715,-11.515,3.));
#10634=CARTESIAN_POINT('',(-97.715,-25.485,3.));
#10635=CARTESIAN_POINT('',(-97.710433,-11.492039,3.));
#10636=CARTESIAN_POINT('',(-97.715,-11.515,3.));
#10637=CARTESIAN_POINT('',(-97.677961,-11.459567,3.));
#10638=CARTESIAN_POINT('',(-97.710433,-11.492039,3.));
#10639=CARTESIAN_POINT('',(-97.677961,-11.459567,3.));
#10640=CARTESIAN_POINT('',(-114.655,-31.455,3.));
#10641=CARTESIAN_POINT('',(-100.685,-31.455,3.));
#10642=CARTESIAN_POINT('',(-114.655,-31.455,3.));
#10643=CARTESIAN_POINT('',(-100.662039,-31.459567,3.));
#10644=CARTESIAN_POINT('',(-100.685,-31.455,3.));
#10645=CARTESIAN_POINT('',(-100.629567,-31.492039,3.));
#10646=CARTESIAN_POINT('',(-100.662039,-31.459567,3.));
#10647=CARTESIAN_POINT('',(-100.625,-31.515,3.));
#10648=CARTESIAN_POINT('',(-100.629567,-31.492039,3.));
#10649=CARTESIAN_POINT('',(-100.625,-45.485,3.));
#10650=CARTESIAN_POINT('',(-100.625,-31.515,3.));
#10651=CARTESIAN_POINT('',(-100.629567,-45.507961,3.));
#10652=CARTESIAN_POINT('',(-100.625,-45.485,3.));
#10653=CARTESIAN_POINT('',(-100.662039,-45.540433,3.));
#10654=CARTESIAN_POINT('',(-100.629567,-45.507961,3.));
#10655=CARTESIAN_POINT('',(-100.685,-45.545,3.));
#10656=CARTESIAN_POINT('',(-100.662039,-45.540433,3.));
#10657=CARTESIAN_POINT('',(-114.655,-45.545,3.));
#10658=CARTESIAN_POINT('',(-100.685,-45.545,3.));
#10659=CARTESIAN_POINT('',(-114.677961,-45.540433,3.));
#10660=CARTESIAN_POINT('',(-114.655,-45.545,3.));
#10661=CARTESIAN_POINT('',(-114.710433,-45.507961,3.));
#10662=CARTESIAN_POINT('',(-114.677961,-45.540433,3.));
#10663=CARTESIAN_POINT('',(-114.715,-45.485,3.));
#10664=CARTESIAN_POINT('',(-114.710433,-45.507961,3.));
#10665=CARTESIAN_POINT('',(-114.715,-31.515,3.));
#10666=CARTESIAN_POINT('',(-114.715,-45.485,3.));
#10667=CARTESIAN_POINT('',(-114.710433,-31.492039,3.));
#10668=CARTESIAN_POINT('',(-114.715,-31.515,3.));
#10669=CARTESIAN_POINT('',(-114.677961,-31.459567,3.));
#10670=CARTESIAN_POINT('',(-114.710433,-31.492039,3.));
#10671=CARTESIAN_POINT('',(-114.677961,-31.459567,3.));
#10672=CARTESIAN_POINT('',(-131.675,10.005,3.));
#10673=CARTESIAN_POINT('',(-117.705,10.005,3.));
#10674=CARTESIAN_POINT('',(-131.675,10.005,3.));
#10675=CARTESIAN_POINT('',(-117.682039,10.000433,3.));
#10676=CARTESIAN_POINT('',(-117.705,10.005,3.));
#10677=CARTESIAN_POINT('',(-117.649567,9.96796099999999,3.));
#10678=CARTESIAN_POINT('',(-117.682039,10.000433,3.));
#10679=CARTESIAN_POINT('',(-117.645,9.94499999999999,3.));
#10680=CARTESIAN_POINT('',(-117.649567,9.96796099999999,3.));
#10681=CARTESIAN_POINT('',(-117.645,-4.02500000000002,3.));
#10682=CARTESIAN_POINT('',(-117.645,9.94499999999999,3.));
#10683=CARTESIAN_POINT('',(-117.649567,-4.04796100000002,3.));
#10684=CARTESIAN_POINT('',(-117.645,-4.02500000000002,3.));
#10685=CARTESIAN_POINT('',(-117.682039,-4.08043300000003,3.));
#10686=CARTESIAN_POINT('',(-117.649567,-4.04796100000002,3.));
#10687=CARTESIAN_POINT('',(-117.705,-4.085,3.));
#10688=CARTESIAN_POINT('',(-117.682039,-4.08043300000003,3.));
#10689=CARTESIAN_POINT('',(-131.675,-4.085,3.));
#10690=CARTESIAN_POINT('',(-117.705,-4.085,3.));
#10691=CARTESIAN_POINT('',(-131.697961,-4.08043300000003,3.));
#10692=CARTESIAN_POINT('',(-131.675,-4.085,3.));
#10693=CARTESIAN_POINT('',(-131.730433,-4.04796100000002,3.));
#10694=CARTESIAN_POINT('',(-131.697961,-4.08043300000003,3.));
#10695=CARTESIAN_POINT('',(-131.735,-4.02500000000002,3.));
#10696=CARTESIAN_POINT('',(-131.730433,-4.04796100000002,3.));
#10697=CARTESIAN_POINT('',(-131.735,9.94499999999999,3.));
#10698=CARTESIAN_POINT('',(-131.735,-4.02500000000002,3.));
#10699=CARTESIAN_POINT('',(-131.730433,9.96796099999999,3.));
#10700=CARTESIAN_POINT('',(-131.735,9.94499999999999,3.));
#10701=CARTESIAN_POINT('',(-131.697961,10.000433,3.));
#10702=CARTESIAN_POINT('',(-131.730433,9.96796099999999,3.));
#10703=CARTESIAN_POINT('',(-131.697961,10.000433,3.));
#10704=CARTESIAN_POINT('Origin',(-107.674,49.475,2.22044604925031E-15));
#10705=CARTESIAN_POINT('',(-134.475,49.475,2.22044604925031E-15));
#10706=CARTESIAN_POINT('',(-63.525,49.475,2.22044604925031E-15));
#10707=CARTESIAN_POINT('',(-134.475,49.475,2.22044604925031E-15));
#10708=CARTESIAN_POINT('Origin',(-131.697961,10.000433,2.22044604925031E-15));
#10709=CARTESIAN_POINT('',(-131.697961,10.000433,2.22044604925031E-15));
#10710=CARTESIAN_POINT('',(-131.675,10.005,2.22044604925031E-15));
#10711=CARTESIAN_POINT('',(-131.697961,10.000433,2.22044604925031E-15));
#10712=CARTESIAN_POINT('',(-131.675,10.005,2.22044604925031E-15));
#10713=CARTESIAN_POINT('',(-131.697961,10.000433,2.22044604925031E-15));
#10714=CARTESIAN_POINT('Origin',(-131.730433,9.96796099999999,2.22044604925031E-15));
#10715=CARTESIAN_POINT('',(-131.730433,9.96796099999999,2.22044604925031E-15));
#10716=CARTESIAN_POINT('',(-131.730433,9.96796099999999,2.22044604925031E-15));
#10717=CARTESIAN_POINT('',(-131.730433,9.96796099999999,2.22044604925031E-15));
#10718=CARTESIAN_POINT('Origin',(-131.735,9.94499999999999,2.22044604925031E-15));
#10719=CARTESIAN_POINT('',(-131.735,9.94499999999999,2.22044604925031E-15));
#10720=CARTESIAN_POINT('',(-131.735,9.94499999999999,2.22044604925031E-15));
#10721=CARTESIAN_POINT('',(-131.735,9.94499999999999,2.22044604925031E-15));
#10722=CARTESIAN_POINT('Origin',(-131.735,-4.02500000000002,2.22044604925031E-15));
#10723=CARTESIAN_POINT('',(-131.735,-4.02500000000002,2.22044604925031E-15));
#10724=CARTESIAN_POINT('',(-131.735,-4.02500000000002,2.22044604925031E-15));
#10725=CARTESIAN_POINT('',(-131.735,-4.02500000000002,2.22044604925031E-15));
#10726=CARTESIAN_POINT('Origin',(-131.730433,-4.04796100000002,2.22044604925031E-15));
#10727=CARTESIAN_POINT('',(-131.730433,-4.04796100000002,2.22044604925031E-15));
#10728=CARTESIAN_POINT('',(-131.730433,-4.04796100000002,2.22044604925031E-15));
#10729=CARTESIAN_POINT('',(-131.730433,-4.04796100000002,2.22044604925031E-15));
#10730=CARTESIAN_POINT('Origin',(-131.697961,-4.08043300000003,2.22044604925031E-15));
#10731=CARTESIAN_POINT('',(-131.697961,-4.08043300000003,2.22044604925031E-15));
#10732=CARTESIAN_POINT('',(-131.697961,-4.08043300000003,2.22044604925031E-15));
#10733=CARTESIAN_POINT('',(-131.697961,-4.08043300000003,2.22044604925031E-15));
#10734=CARTESIAN_POINT('Origin',(-131.675,-4.085,2.22044604925031E-15));
#10735=CARTESIAN_POINT('',(-131.675,-4.085,2.22044604925031E-15));
#10736=CARTESIAN_POINT('',(-131.675,-4.085,2.22044604925031E-15));
#10737=CARTESIAN_POINT('',(-131.675,-4.085,2.22044604925031E-15));
#10738=CARTESIAN_POINT('Origin',(-117.705,-4.085,2.22044604925031E-15));
#10739=CARTESIAN_POINT('',(-117.705,-4.085,2.22044604925031E-15));
#10740=CARTESIAN_POINT('',(-117.705,-4.085,2.22044604925031E-15));
#10741=CARTESIAN_POINT('',(-117.705,-4.085,2.22044604925031E-15));
#10742=CARTESIAN_POINT('Origin',(-117.682039,-4.08043300000003,2.22044604925031E-15));
#10743=CARTESIAN_POINT('',(-117.682039,-4.08043300000003,2.22044604925031E-15));
#10744=CARTESIAN_POINT('',(-117.682039,-4.08043300000003,2.22044604925031E-15));
#10745=CARTESIAN_POINT('',(-117.682039,-4.08043300000003,2.22044604925031E-15));
#10746=CARTESIAN_POINT('Origin',(-117.649567,-4.04796100000002,2.22044604925031E-15));
#10747=CARTESIAN_POINT('',(-117.649567,-4.04796100000002,2.22044604925031E-15));
#10748=CARTESIAN_POINT('',(-117.649567,-4.04796100000002,2.22044604925031E-15));
#10749=CARTESIAN_POINT('',(-117.649567,-4.04796100000002,2.22044604925031E-15));
#10750=CARTESIAN_POINT('Origin',(-117.645,-4.02500000000002,2.22044604925031E-15));
#10751=CARTESIAN_POINT('',(-117.645,-4.02500000000002,2.22044604925031E-15));
#10752=CARTESIAN_POINT('',(-117.645,-4.02500000000002,2.22044604925031E-15));
#10753=CARTESIAN_POINT('',(-117.645,-4.02500000000002,2.22044604925031E-15));
#10754=CARTESIAN_POINT('Origin',(-117.645,9.94499999999999,2.22044604925031E-15));
#10755=CARTESIAN_POINT('',(-117.645,9.94499999999999,2.22044604925031E-15));
#10756=CARTESIAN_POINT('',(-117.645,9.94499999999999,2.22044604925031E-15));
#10757=CARTESIAN_POINT('',(-117.645,9.94499999999999,2.22044604925031E-15));
#10758=CARTESIAN_POINT('Origin',(-117.649567,9.96796099999999,2.22044604925031E-15));
#10759=CARTESIAN_POINT('',(-117.649567,9.96796099999999,2.22044604925031E-15));
#10760=CARTESIAN_POINT('',(-117.649567,9.96796099999999,2.22044604925031E-15));
#10761=CARTESIAN_POINT('',(-117.649567,9.96796099999999,2.22044604925031E-15));
#10762=CARTESIAN_POINT('Origin',(-117.682039,10.000433,2.22044604925031E-15));
#10763=CARTESIAN_POINT('',(-117.682039,10.000433,2.22044604925031E-15));
#10764=CARTESIAN_POINT('',(-117.682039,10.000433,2.22044604925031E-15));
#10765=CARTESIAN_POINT('',(-117.682039,10.000433,2.22044604925031E-15));
#10766=CARTESIAN_POINT('Origin',(-117.705,10.005,2.22044604925031E-15));
#10767=CARTESIAN_POINT('',(-117.705,10.005,2.22044604925031E-15));
#10768=CARTESIAN_POINT('',(-117.705,10.005,2.22044604925031E-15));
#10769=CARTESIAN_POINT('',(-117.705,10.005,2.22044604925031E-15));
#10770=CARTESIAN_POINT('Origin',(-131.675,10.005,2.22044604925031E-15));
#10771=CARTESIAN_POINT('',(-131.675,10.005,2.22044604925031E-15));
#10772=CARTESIAN_POINT('Origin',(-114.677961,-31.459567,2.22044604925031E-15));
#10773=CARTESIAN_POINT('',(-114.677961,-31.459567,2.22044604925031E-15));
#10774=CARTESIAN_POINT('',(-114.655,-31.455,2.22044604925031E-15));
#10775=CARTESIAN_POINT('',(-114.677961,-31.459567,2.22044604925031E-15));
#10776=CARTESIAN_POINT('',(-114.655,-31.455,2.22044604925031E-15));
#10777=CARTESIAN_POINT('',(-114.677961,-31.459567,2.22044604925031E-15));
#10778=CARTESIAN_POINT('Origin',(-114.710433,-31.492039,2.22044604925031E-15));
#10779=CARTESIAN_POINT('',(-114.710433,-31.492039,2.22044604925031E-15));
#10780=CARTESIAN_POINT('',(-114.710433,-31.492039,2.22044604925031E-15));
#10781=CARTESIAN_POINT('',(-114.710433,-31.492039,2.22044604925031E-15));
#10782=CARTESIAN_POINT('Origin',(-114.715,-31.515,2.22044604925031E-15));
#10783=CARTESIAN_POINT('',(-114.715,-31.515,2.22044604925031E-15));
#10784=CARTESIAN_POINT('',(-114.715,-31.515,2.22044604925031E-15));
#10785=CARTESIAN_POINT('',(-114.715,-31.515,2.22044604925031E-15));
#10786=CARTESIAN_POINT('Origin',(-114.715,-45.485,2.22044604925031E-15));
#10787=CARTESIAN_POINT('',(-114.715,-45.485,2.22044604925031E-15));
#10788=CARTESIAN_POINT('',(-114.715,-45.485,2.22044604925031E-15));
#10789=CARTESIAN_POINT('',(-114.715,-45.485,2.22044604925031E-15));
#10790=CARTESIAN_POINT('Origin',(-114.710433,-45.507961,2.22044604925031E-15));
#10791=CARTESIAN_POINT('',(-114.710433,-45.507961,2.22044604925031E-15));
#10792=CARTESIAN_POINT('',(-114.710433,-45.507961,2.22044604925031E-15));
#10793=CARTESIAN_POINT('',(-114.710433,-45.507961,2.22044604925031E-15));
#10794=CARTESIAN_POINT('Origin',(-114.677961,-45.540433,2.22044604925031E-15));
#10795=CARTESIAN_POINT('',(-114.677961,-45.540433,2.22044604925031E-15));
#10796=CARTESIAN_POINT('',(-114.677961,-45.540433,2.22044604925031E-15));
#10797=CARTESIAN_POINT('',(-114.677961,-45.540433,2.22044604925031E-15));
#10798=CARTESIAN_POINT('Origin',(-114.655,-45.545,2.22044604925031E-15));
#10799=CARTESIAN_POINT('',(-114.655,-45.545,2.22044604925031E-15));
#10800=CARTESIAN_POINT('',(-114.655,-45.545,2.22044604925031E-15));
#10801=CARTESIAN_POINT('',(-114.655,-45.545,2.22044604925031E-15));
#10802=CARTESIAN_POINT('Origin',(-100.685,-45.545,2.22044604925031E-15));
#10803=CARTESIAN_POINT('',(-100.685,-45.545,2.22044604925031E-15));
#10804=CARTESIAN_POINT('',(-100.685,-45.545,2.22044604925031E-15));
#10805=CARTESIAN_POINT('',(-100.685,-45.545,2.22044604925031E-15));
#10806=CARTESIAN_POINT('Origin',(-100.662039,-45.540433,2.22044604925031E-15));
#10807=CARTESIAN_POINT('',(-100.662039,-45.540433,2.22044604925031E-15));
#10808=CARTESIAN_POINT('',(-100.662039,-45.540433,2.22044604925031E-15));
#10809=CARTESIAN_POINT('',(-100.662039,-45.540433,2.22044604925031E-15));
#10810=CARTESIAN_POINT('Origin',(-100.629567,-45.507961,2.22044604925031E-15));
#10811=CARTESIAN_POINT('',(-100.629567,-45.507961,2.22044604925031E-15));
#10812=CARTESIAN_POINT('',(-100.629567,-45.507961,2.22044604925031E-15));
#10813=CARTESIAN_POINT('',(-100.629567,-45.507961,2.22044604925031E-15));
#10814=CARTESIAN_POINT('Origin',(-100.625,-45.485,2.22044604925031E-15));
#10815=CARTESIAN_POINT('',(-100.625,-45.485,2.22044604925031E-15));
#10816=CARTESIAN_POINT('',(-100.625,-45.485,2.22044604925031E-15));
#10817=CARTESIAN_POINT('',(-100.625,-45.485,2.22044604925031E-15));
#10818=CARTESIAN_POINT('Origin',(-100.625,-31.515,2.22044604925031E-15));
#10819=CARTESIAN_POINT('',(-100.625,-31.515,2.22044604925031E-15));
#10820=CARTESIAN_POINT('',(-100.625,-31.515,2.22044604925031E-15));
#10821=CARTESIAN_POINT('',(-100.625,-31.515,2.22044604925031E-15));
#10822=CARTESIAN_POINT('Origin',(-100.629567,-31.492039,2.22044604925031E-15));
#10823=CARTESIAN_POINT('',(-100.629567,-31.492039,2.22044604925031E-15));
#10824=CARTESIAN_POINT('',(-100.629567,-31.492039,2.22044604925031E-15));
#10825=CARTESIAN_POINT('',(-100.629567,-31.492039,2.22044604925031E-15));
#10826=CARTESIAN_POINT('Origin',(-100.662039,-31.459567,2.22044604925031E-15));
#10827=CARTESIAN_POINT('',(-100.662039,-31.459567,2.22044604925031E-15));
#10828=CARTESIAN_POINT('',(-100.662039,-31.459567,2.22044604925031E-15));
#10829=CARTESIAN_POINT('',(-100.662039,-31.459567,2.22044604925031E-15));
#10830=CARTESIAN_POINT('Origin',(-100.685,-31.455,2.22044604925031E-15));
#10831=CARTESIAN_POINT('',(-100.685,-31.455,2.22044604925031E-15));
#10832=CARTESIAN_POINT('',(-100.685,-31.455,2.22044604925031E-15));
#10833=CARTESIAN_POINT('',(-100.685,-31.455,2.22044604925031E-15));
#10834=CARTESIAN_POINT('Origin',(-114.655,-31.455,2.22044604925031E-15));
#10835=CARTESIAN_POINT('',(-114.655,-31.455,2.22044604925031E-15));
#10836=CARTESIAN_POINT('Origin',(-97.677961,-11.459567,2.22044604925031E-15));
#10837=CARTESIAN_POINT('',(-97.677961,-11.459567,2.22044604925031E-15));
#10838=CARTESIAN_POINT('',(-97.655,-11.455,2.22044604925031E-15));
#10839=CARTESIAN_POINT('',(-97.677961,-11.459567,2.22044604925031E-15));
#10840=CARTESIAN_POINT('',(-97.655,-11.455,2.22044604925031E-15));
#10841=CARTESIAN_POINT('',(-97.677961,-11.459567,2.22044604925031E-15));
#10842=CARTESIAN_POINT('Origin',(-97.710433,-11.492039,2.22044604925031E-15));
#10843=CARTESIAN_POINT('',(-97.710433,-11.492039,2.22044604925031E-15));
#10844=CARTESIAN_POINT('',(-97.710433,-11.492039,2.22044604925031E-15));
#10845=CARTESIAN_POINT('',(-97.710433,-11.492039,2.22044604925031E-15));
#10846=CARTESIAN_POINT('Origin',(-97.715,-11.515,2.22044604925031E-15));
#10847=CARTESIAN_POINT('',(-97.715,-11.515,2.22044604925031E-15));
#10848=CARTESIAN_POINT('',(-97.715,-11.515,2.22044604925031E-15));
#10849=CARTESIAN_POINT('',(-97.715,-11.515,2.22044604925031E-15));
#10850=CARTESIAN_POINT('Origin',(-97.715,-25.485,2.22044604925031E-15));
#10851=CARTESIAN_POINT('',(-97.715,-25.485,2.22044604925031E-15));
#10852=CARTESIAN_POINT('',(-97.715,-25.485,2.22044604925031E-15));
#10853=CARTESIAN_POINT('',(-97.715,-25.485,2.22044604925031E-15));
#10854=CARTESIAN_POINT('Origin',(-97.710433,-25.507961,2.22044604925031E-15));
#10855=CARTESIAN_POINT('',(-97.710433,-25.507961,2.22044604925031E-15));
#10856=CARTESIAN_POINT('',(-97.710433,-25.507961,2.22044604925031E-15));
#10857=CARTESIAN_POINT('',(-97.710433,-25.507961,2.22044604925031E-15));
#10858=CARTESIAN_POINT('Origin',(-97.677961,-25.540433,2.22044604925031E-15));
#10859=CARTESIAN_POINT('',(-97.677961,-25.540433,2.22044604925031E-15));
#10860=CARTESIAN_POINT('',(-97.677961,-25.540433,2.22044604925031E-15));
#10861=CARTESIAN_POINT('',(-97.677961,-25.540433,2.22044604925031E-15));
#10862=CARTESIAN_POINT('Origin',(-97.655,-25.545,2.22044604925031E-15));
#10863=CARTESIAN_POINT('',(-97.655,-25.545,2.22044604925031E-15));
#10864=CARTESIAN_POINT('',(-97.655,-25.545,2.22044604925031E-15));
#10865=CARTESIAN_POINT('',(-97.655,-25.545,2.22044604925031E-15));
#10866=CARTESIAN_POINT('Origin',(-83.685,-25.545,2.22044604925031E-15));
#10867=CARTESIAN_POINT('',(-83.685,-25.545,2.22044604925031E-15));
#10868=CARTESIAN_POINT('',(-83.685,-25.545,2.22044604925031E-15));
#10869=CARTESIAN_POINT('',(-83.685,-25.545,2.22044604925031E-15));
#10870=CARTESIAN_POINT('Origin',(-83.662039,-25.540433,2.22044604925031E-15));
#10871=CARTESIAN_POINT('',(-83.662039,-25.540433,2.22044604925031E-15));
#10872=CARTESIAN_POINT('',(-83.662039,-25.540433,2.22044604925031E-15));
#10873=CARTESIAN_POINT('',(-83.662039,-25.540433,2.22044604925031E-15));
#10874=CARTESIAN_POINT('Origin',(-83.629567,-25.507961,2.22044604925031E-15));
#10875=CARTESIAN_POINT('',(-83.629567,-25.507961,2.22044604925031E-15));
#10876=CARTESIAN_POINT('',(-83.629567,-25.507961,2.22044604925031E-15));
#10877=CARTESIAN_POINT('',(-83.629567,-25.507961,2.22044604925031E-15));
#10878=CARTESIAN_POINT('Origin',(-83.625,-25.485,2.22044604925031E-15));
#10879=CARTESIAN_POINT('',(-83.625,-25.485,2.22044604925031E-15));
#10880=CARTESIAN_POINT('',(-83.625,-25.485,2.22044604925031E-15));
#10881=CARTESIAN_POINT('',(-83.625,-25.485,2.22044604925031E-15));
#10882=CARTESIAN_POINT('Origin',(-83.625,-11.515,2.22044604925031E-15));
#10883=CARTESIAN_POINT('',(-83.625,-11.515,2.22044604925031E-15));
#10884=CARTESIAN_POINT('',(-83.625,-11.515,2.22044604925031E-15));
#10885=CARTESIAN_POINT('',(-83.625,-11.515,2.22044604925031E-15));
#10886=CARTESIAN_POINT('Origin',(-83.629567,-11.492039,2.22044604925031E-15));
#10887=CARTESIAN_POINT('',(-83.629567,-11.492039,2.22044604925031E-15));
#10888=CARTESIAN_POINT('',(-83.629567,-11.492039,2.22044604925031E-15));
#10889=CARTESIAN_POINT('',(-83.629567,-11.492039,2.22044604925031E-15));
#10890=CARTESIAN_POINT('Origin',(-83.662039,-11.459567,2.22044604925031E-15));
#10891=CARTESIAN_POINT('',(-83.662039,-11.459567,2.22044604925031E-15));
#10892=CARTESIAN_POINT('',(-83.662039,-11.459567,2.22044604925031E-15));
#10893=CARTESIAN_POINT('',(-83.662039,-11.459567,2.22044604925031E-15));
#10894=CARTESIAN_POINT('Origin',(-83.685,-11.455,2.22044604925031E-15));
#10895=CARTESIAN_POINT('',(-83.685,-11.455,2.22044604925031E-15));
#10896=CARTESIAN_POINT('',(-83.685,-11.455,2.22044604925031E-15));
#10897=CARTESIAN_POINT('',(-83.685,-11.455,2.22044604925031E-15));
#10898=CARTESIAN_POINT('Origin',(-97.655,-11.455,2.22044604925031E-15));
#10899=CARTESIAN_POINT('',(-97.655,-11.455,2.22044604925031E-15));
#10900=CARTESIAN_POINT('Origin',(-127.384386,44.722598,2.22044604925031E-15));
#10901=CARTESIAN_POINT('',(-127.384386,44.722598,2.22044604925031E-15));
#10902=CARTESIAN_POINT('',(-127.36,44.725,2.22044604925031E-15));
#10903=CARTESIAN_POINT('',(-127.384386,44.722598,2.22044604925031E-15));
#10904=CARTESIAN_POINT('',(-127.36,44.725,2.22044604925031E-15));
#10905=CARTESIAN_POINT('',(-127.384386,44.722598,2.22044604925031E-15));
#10906=CARTESIAN_POINT('Origin',(-127.429446,44.703934,2.22044604925031E-15));
#10907=CARTESIAN_POINT('',(-127.429446,44.703934,2.22044604925031E-15));
#10908=CARTESIAN_POINT('',(-127.429446,44.703934,2.22044604925031E-15));
#10909=CARTESIAN_POINT('',(-127.429446,44.703934,2.22044604925031E-15));
#10910=CARTESIAN_POINT('Origin',(-127.463934,44.669446,2.22044604925031E-15));
#10911=CARTESIAN_POINT('',(-127.463934,44.669446,2.22044604925031E-15));
#10912=CARTESIAN_POINT('',(-127.463934,44.669446,2.22044604925031E-15));
#10913=CARTESIAN_POINT('',(-127.463934,44.669446,2.22044604925031E-15));
#10914=CARTESIAN_POINT('Origin',(-127.482598,44.624386,2.22044604925031E-15));
#10915=CARTESIAN_POINT('',(-127.482598,44.624386,2.22044604925031E-15));
#10916=CARTESIAN_POINT('',(-127.482598,44.624386,2.22044604925031E-15));
#10917=CARTESIAN_POINT('',(-127.482598,44.624386,2.22044604925031E-15));
#10918=CARTESIAN_POINT('Origin',(-127.482598,44.575614,2.22044604925031E-15));
#10919=CARTESIAN_POINT('',(-127.482598,44.575614,2.22044604925031E-15));
#10920=CARTESIAN_POINT('',(-127.482598,44.575614,2.22044604925031E-15));
#10921=CARTESIAN_POINT('',(-127.482598,44.575614,2.22044604925031E-15));
#10922=CARTESIAN_POINT('Origin',(-127.463934,44.530554,2.22044604925031E-15));
#10923=CARTESIAN_POINT('',(-127.463934,44.530554,2.22044604925031E-15));
#10924=CARTESIAN_POINT('',(-127.463934,44.530554,2.22044604925031E-15));
#10925=CARTESIAN_POINT('',(-127.463934,44.530554,2.22044604925031E-15));
#10926=CARTESIAN_POINT('Origin',(-127.429446,44.496066,2.22044604925031E-15));
#10927=CARTESIAN_POINT('',(-127.429446,44.496066,2.22044604925031E-15));
#10928=CARTESIAN_POINT('',(-127.429446,44.496066,2.22044604925031E-15));
#10929=CARTESIAN_POINT('',(-127.429446,44.496066,2.22044604925031E-15));
#10930=CARTESIAN_POINT('Origin',(-127.384386,44.477402,2.22044604925031E-15));
#10931=CARTESIAN_POINT('',(-127.384386,44.477402,2.22044604925031E-15));
#10932=CARTESIAN_POINT('',(-127.384386,44.477402,2.22044604925031E-15));
#10933=CARTESIAN_POINT('',(-127.384386,44.477402,2.22044604925031E-15));
#10934=CARTESIAN_POINT('Origin',(-127.36,44.475,2.22044604925031E-15));
#10935=CARTESIAN_POINT('',(-127.36,44.475,2.22044604925031E-15));
#10936=CARTESIAN_POINT('',(-127.36,44.475,2.22044604925031E-15));
#10937=CARTESIAN_POINT('',(-127.36,44.475,2.22044604925031E-15));
#10938=CARTESIAN_POINT('Origin',(-123.34,44.475,2.22044604925031E-15));
#10939=CARTESIAN_POINT('',(-123.34,44.475,2.22044604925031E-15));
#10940=CARTESIAN_POINT('',(-123.34,44.475,2.22044604925031E-15));
#10941=CARTESIAN_POINT('',(-123.34,44.475,2.22044604925031E-15));
#10942=CARTESIAN_POINT('Origin',(-123.315614,44.477402,2.22044604925031E-15));
#10943=CARTESIAN_POINT('',(-123.315614,44.477402,2.22044604925031E-15));
#10944=CARTESIAN_POINT('',(-123.315614,44.477402,2.22044604925031E-15));
#10945=CARTESIAN_POINT('',(-123.315614,44.477402,2.22044604925031E-15));
#10946=CARTESIAN_POINT('Origin',(-123.270554,44.496066,2.22044604925031E-15));
#10947=CARTESIAN_POINT('',(-123.270554,44.496066,2.22044604925031E-15));
#10948=CARTESIAN_POINT('',(-123.270554,44.496066,2.22044604925031E-15));
#10949=CARTESIAN_POINT('',(-123.270554,44.496066,2.22044604925031E-15));
#10950=CARTESIAN_POINT('Origin',(-123.236066,44.530554,2.22044604925031E-15));
#10951=CARTESIAN_POINT('',(-123.236066,44.530554,2.22044604925031E-15));
#10952=CARTESIAN_POINT('',(-123.236066,44.530554,2.22044604925031E-15));
#10953=CARTESIAN_POINT('',(-123.236066,44.530554,2.22044604925031E-15));
#10954=CARTESIAN_POINT('Origin',(-123.217402,44.575614,2.22044604925031E-15));
#10955=CARTESIAN_POINT('',(-123.217402,44.575614,2.22044604925031E-15));
#10956=CARTESIAN_POINT('',(-123.217402,44.575614,2.22044604925031E-15));
#10957=CARTESIAN_POINT('',(-123.217402,44.575614,2.22044604925031E-15));
#10958=CARTESIAN_POINT('Origin',(-123.217402,44.624386,2.22044604925031E-15));
#10959=CARTESIAN_POINT('',(-123.217402,44.624386,2.22044604925031E-15));
#10960=CARTESIAN_POINT('',(-123.217402,44.624386,2.22044604925031E-15));
#10961=CARTESIAN_POINT('',(-123.217402,44.624386,2.22044604925031E-15));
#10962=CARTESIAN_POINT('Origin',(-123.236066,44.669446,2.22044604925031E-15));
#10963=CARTESIAN_POINT('',(-123.236066,44.669446,2.22044604925031E-15));
#10964=CARTESIAN_POINT('',(-123.236066,44.669446,2.22044604925031E-15));
#10965=CARTESIAN_POINT('',(-123.236066,44.669446,2.22044604925031E-15));
#10966=CARTESIAN_POINT('Origin',(-123.270554,44.703934,2.22044604925031E-15));
#10967=CARTESIAN_POINT('',(-123.270554,44.703934,2.22044604925031E-15));
#10968=CARTESIAN_POINT('',(-123.270554,44.703934,2.22044604925031E-15));
#10969=CARTESIAN_POINT('',(-123.270554,44.703934,2.22044604925031E-15));
#10970=CARTESIAN_POINT('Origin',(-123.315614,44.722598,2.22044604925031E-15));
#10971=CARTESIAN_POINT('',(-123.315614,44.722598,2.22044604925031E-15));
#10972=CARTESIAN_POINT('',(-123.315614,44.722598,2.22044604925031E-15));
#10973=CARTESIAN_POINT('',(-123.315614,44.722598,2.22044604925031E-15));
#10974=CARTESIAN_POINT('Origin',(-123.34,44.725,2.22044604925031E-15));
#10975=CARTESIAN_POINT('',(-123.34,44.725,2.22044604925031E-15));
#10976=CARTESIAN_POINT('',(-123.34,44.725,2.22044604925031E-15));
#10977=CARTESIAN_POINT('',(-123.34,44.725,2.22044604925031E-15));
#10978=CARTESIAN_POINT('Origin',(-127.36,44.725,2.22044604925031E-15));
#10979=CARTESIAN_POINT('',(-127.36,44.725,2.22044604925031E-15));
#10980=CARTESIAN_POINT('Origin',(-122.304386,44.722598,2.22044604925031E-15));
#10981=CARTESIAN_POINT('',(-122.304386,44.722598,2.22044604925031E-15));
#10982=CARTESIAN_POINT('',(-122.28,44.725,2.22044604925031E-15));
#10983=CARTESIAN_POINT('',(-122.304386,44.722598,2.22044604925031E-15));
#10984=CARTESIAN_POINT('',(-122.28,44.725,2.22044604925031E-15));
#10985=CARTESIAN_POINT('',(-122.304386,44.722598,2.22044604925031E-15));
#10986=CARTESIAN_POINT('Origin',(-122.349446,44.703934,2.22044604925031E-15));
#10987=CARTESIAN_POINT('',(-122.349446,44.703934,2.22044604925031E-15));
#10988=CARTESIAN_POINT('',(-122.349446,44.703934,2.22044604925031E-15));
#10989=CARTESIAN_POINT('',(-122.349446,44.703934,2.22044604925031E-15));
#10990=CARTESIAN_POINT('Origin',(-122.383934,44.669446,2.22044604925031E-15));
#10991=CARTESIAN_POINT('',(-122.383934,44.669446,2.22044604925031E-15));
#10992=CARTESIAN_POINT('',(-122.383934,44.669446,2.22044604925031E-15));
#10993=CARTESIAN_POINT('',(-122.383934,44.669446,2.22044604925031E-15));
#10994=CARTESIAN_POINT('Origin',(-122.402598,44.624386,2.22044604925031E-15));
#10995=CARTESIAN_POINT('',(-122.402598,44.624386,2.22044604925031E-15));
#10996=CARTESIAN_POINT('',(-122.402598,44.624386,2.22044604925031E-15));
#10997=CARTESIAN_POINT('',(-122.402598,44.624386,2.22044604925031E-15));
#10998=CARTESIAN_POINT('Origin',(-122.402598,44.575614,2.22044604925031E-15));
#10999=CARTESIAN_POINT('',(-122.402598,44.575614,2.22044604925031E-15));
#11000=CARTESIAN_POINT('',(-122.402598,44.575614,2.22044604925031E-15));
#11001=CARTESIAN_POINT('',(-122.402598,44.575614,2.22044604925031E-15));
#11002=CARTESIAN_POINT('Origin',(-122.383934,44.530554,2.22044604925031E-15));
#11003=CARTESIAN_POINT('',(-122.383934,44.530554,2.22044604925031E-15));
#11004=CARTESIAN_POINT('',(-122.383934,44.530554,2.22044604925031E-15));
#11005=CARTESIAN_POINT('',(-122.383934,44.530554,2.22044604925031E-15));
#11006=CARTESIAN_POINT('Origin',(-122.349446,44.496066,2.22044604925031E-15));
#11007=CARTESIAN_POINT('',(-122.349446,44.496066,2.22044604925031E-15));
#11008=CARTESIAN_POINT('',(-122.349446,44.496066,2.22044604925031E-15));
#11009=CARTESIAN_POINT('',(-122.349446,44.496066,2.22044604925031E-15));
#11010=CARTESIAN_POINT('Origin',(-122.304386,44.477402,2.22044604925031E-15));
#11011=CARTESIAN_POINT('',(-122.304386,44.477402,2.22044604925031E-15));
#11012=CARTESIAN_POINT('',(-122.304386,44.477402,2.22044604925031E-15));
#11013=CARTESIAN_POINT('',(-122.304386,44.477402,2.22044604925031E-15));
#11014=CARTESIAN_POINT('Origin',(-122.28,44.475,2.22044604925031E-15));
#11015=CARTESIAN_POINT('',(-122.28,44.475,2.22044604925031E-15));
#11016=CARTESIAN_POINT('',(-122.28,44.475,2.22044604925031E-15));
#11017=CARTESIAN_POINT('',(-122.28,44.475,2.22044604925031E-15));
#11018=CARTESIAN_POINT('Origin',(-119.575,44.475,2.22044604925031E-15));
#11019=CARTESIAN_POINT('',(-119.575,44.475,2.22044604925031E-15));
#11020=CARTESIAN_POINT('',(-119.575,44.475,2.22044604925031E-15));
#11021=CARTESIAN_POINT('',(-119.575,44.475,2.22044604925031E-15));
#11022=CARTESIAN_POINT('Origin',(-119.575,40.77,2.22044604925031E-15));
#11023=CARTESIAN_POINT('',(-119.575,40.77,2.22044604925031E-15));
#11024=CARTESIAN_POINT('',(-119.575,40.77,2.22044604925031E-15));
#11025=CARTESIAN_POINT('',(-119.575,40.77,2.22044604925031E-15));
#11026=CARTESIAN_POINT('Origin',(-119.572598,40.745614,2.22044604925031E-15));
#11027=CARTESIAN_POINT('',(-119.572598,40.745614,2.22044604925031E-15));
#11028=CARTESIAN_POINT('',(-119.572598,40.745614,2.22044604925031E-15));
#11029=CARTESIAN_POINT('',(-119.572598,40.745614,2.22044604925031E-15));
#11030=CARTESIAN_POINT('Origin',(-119.553934,40.700554,2.22044604925031E-15));
#11031=CARTESIAN_POINT('',(-119.553934,40.700554,2.22044604925031E-15));
#11032=CARTESIAN_POINT('',(-119.553934,40.700554,2.22044604925031E-15));
#11033=CARTESIAN_POINT('',(-119.553934,40.700554,2.22044604925031E-15));
#11034=CARTESIAN_POINT('Origin',(-119.519446,40.666066,2.22044604925031E-15));
#11035=CARTESIAN_POINT('',(-119.519446,40.666066,2.22044604925031E-15));
#11036=CARTESIAN_POINT('',(-119.519446,40.666066,2.22044604925031E-15));
#11037=CARTESIAN_POINT('',(-119.519446,40.666066,2.22044604925031E-15));
#11038=CARTESIAN_POINT('Origin',(-119.474386,40.647402,2.22044604925031E-15));
#11039=CARTESIAN_POINT('',(-119.474386,40.647402,2.22044604925031E-15));
#11040=CARTESIAN_POINT('',(-119.474386,40.647402,2.22044604925031E-15));
#11041=CARTESIAN_POINT('',(-119.474386,40.647402,2.22044604925031E-15));
#11042=CARTESIAN_POINT('Origin',(-119.425614,40.647402,2.22044604925031E-15));
#11043=CARTESIAN_POINT('',(-119.425614,40.647402,2.22044604925031E-15));
#11044=CARTESIAN_POINT('',(-119.425614,40.647402,2.22044604925031E-15));
#11045=CARTESIAN_POINT('',(-119.425614,40.647402,2.22044604925031E-15));
#11046=CARTESIAN_POINT('Origin',(-119.380554,40.666066,2.22044604925031E-15));
#11047=CARTESIAN_POINT('',(-119.380554,40.666066,2.22044604925031E-15));
#11048=CARTESIAN_POINT('',(-119.380554,40.666066,2.22044604925031E-15));
#11049=CARTESIAN_POINT('',(-119.380554,40.666066,2.22044604925031E-15));
#11050=CARTESIAN_POINT('Origin',(-119.346066,40.700554,2.22044604925031E-15));
#11051=CARTESIAN_POINT('',(-119.346066,40.700554,2.22044604925031E-15));
#11052=CARTESIAN_POINT('',(-119.346066,40.700554,2.22044604925031E-15));
#11053=CARTESIAN_POINT('',(-119.346066,40.700554,2.22044604925031E-15));
#11054=CARTESIAN_POINT('Origin',(-119.327402,40.745614,2.22044604925031E-15));
#11055=CARTESIAN_POINT('',(-119.327402,40.745614,2.22044604925031E-15));
#11056=CARTESIAN_POINT('',(-119.327402,40.745614,2.22044604925031E-15));
#11057=CARTESIAN_POINT('',(-119.327402,40.745614,2.22044604925031E-15));
#11058=CARTESIAN_POINT('Origin',(-119.325,40.77,2.22044604925031E-15));
#11059=CARTESIAN_POINT('',(-119.325,40.77,2.22044604925031E-15));
#11060=CARTESIAN_POINT('',(-119.325,40.77,2.22044604925031E-15));
#11061=CARTESIAN_POINT('',(-119.325,40.77,2.22044604925031E-15));
#11062=CARTESIAN_POINT('Origin',(-119.325,44.6,2.22044604925031E-15));
#11063=CARTESIAN_POINT('',(-119.325,44.6,2.22044604925031E-15));
#11064=CARTESIAN_POINT('',(-119.325,44.6,2.22044604925031E-15));
#11065=CARTESIAN_POINT('',(-119.325,44.6,2.22044604925031E-15));
#11066=CARTESIAN_POINT('Origin',(-119.327402,44.624386,2.22044604925031E-15));
#11067=CARTESIAN_POINT('',(-119.327402,44.624386,2.22044604925031E-15));
#11068=CARTESIAN_POINT('',(-119.327402,44.624386,2.22044604925031E-15));
#11069=CARTESIAN_POINT('',(-119.327402,44.624386,2.22044604925031E-15));
#11070=CARTESIAN_POINT('Origin',(-119.346066,44.669446,2.22044604925031E-15));
#11071=CARTESIAN_POINT('',(-119.346066,44.669446,2.22044604925031E-15));
#11072=CARTESIAN_POINT('',(-119.346066,44.669446,2.22044604925031E-15));
#11073=CARTESIAN_POINT('',(-119.346066,44.669446,2.22044604925031E-15));
#11074=CARTESIAN_POINT('Origin',(-119.380554,44.703934,2.22044604925031E-15));
#11075=CARTESIAN_POINT('',(-119.380554,44.703934,2.22044604925031E-15));
#11076=CARTESIAN_POINT('',(-119.380554,44.703934,2.22044604925031E-15));
#11077=CARTESIAN_POINT('',(-119.380554,44.703934,2.22044604925031E-15));
#11078=CARTESIAN_POINT('Origin',(-119.425614,44.722598,2.22044604925031E-15));
#11079=CARTESIAN_POINT('',(-119.425614,44.722598,2.22044604925031E-15));
#11080=CARTESIAN_POINT('',(-119.425614,44.722598,2.22044604925031E-15));
#11081=CARTESIAN_POINT('',(-119.425614,44.722598,2.22044604925031E-15));
#11082=CARTESIAN_POINT('Origin',(-119.45,44.725,2.22044604925031E-15));
#11083=CARTESIAN_POINT('',(-119.45,44.725,2.22044604925031E-15));
#11084=CARTESIAN_POINT('',(-119.45,44.725,2.22044604925031E-15));
#11085=CARTESIAN_POINT('',(-119.45,44.725,2.22044604925031E-15));
#11086=CARTESIAN_POINT('Origin',(-122.28,44.725,2.22044604925031E-15));
#11087=CARTESIAN_POINT('',(-122.28,44.725,2.22044604925031E-15));
#11088=CARTESIAN_POINT('Origin',(-82.587961,-11.459567,2.22044604925031E-15));
#11089=CARTESIAN_POINT('',(-82.587961,-11.459567,2.22044604925031E-15));
#11090=CARTESIAN_POINT('',(-82.565,-11.455,2.22044604925031E-15));
#11091=CARTESIAN_POINT('',(-82.587961,-11.459567,2.22044604925031E-15));
#11092=CARTESIAN_POINT('',(-82.565,-11.455,2.22044604925031E-15));
#11093=CARTESIAN_POINT('',(-82.587961,-11.459567,2.22044604925031E-15));
#11094=CARTESIAN_POINT('Origin',(-82.620433,-11.492039,2.22044604925031E-15));
#11095=CARTESIAN_POINT('',(-82.620433,-11.492039,2.22044604925031E-15));
#11096=CARTESIAN_POINT('',(-82.620433,-11.492039,2.22044604925031E-15));
#11097=CARTESIAN_POINT('',(-82.620433,-11.492039,2.22044604925031E-15));
#11098=CARTESIAN_POINT('Origin',(-82.625,-11.515,2.22044604925031E-15));
#11099=CARTESIAN_POINT('',(-82.625,-11.515,2.22044604925031E-15));
#11100=CARTESIAN_POINT('',(-82.625,-11.515,2.22044604925031E-15));
#11101=CARTESIAN_POINT('',(-82.625,-11.515,2.22044604925031E-15));
#11102=CARTESIAN_POINT('Origin',(-82.625,-25.485,2.22044604925031E-15));
#11103=CARTESIAN_POINT('',(-82.625,-25.485,2.22044604925031E-15));
#11104=CARTESIAN_POINT('',(-82.625,-25.485,2.22044604925031E-15));
#11105=CARTESIAN_POINT('',(-82.625,-25.485,2.22044604925031E-15));
#11106=CARTESIAN_POINT('Origin',(-82.620433,-25.507961,2.22044604925031E-15));
#11107=CARTESIAN_POINT('',(-82.620433,-25.507961,2.22044604925031E-15));
#11108=CARTESIAN_POINT('',(-82.620433,-25.507961,2.22044604925031E-15));
#11109=CARTESIAN_POINT('',(-82.620433,-25.507961,2.22044604925031E-15));
#11110=CARTESIAN_POINT('Origin',(-82.587961,-25.540433,2.22044604925031E-15));
#11111=CARTESIAN_POINT('',(-82.587961,-25.540433,2.22044604925031E-15));
#11112=CARTESIAN_POINT('',(-82.587961,-25.540433,2.22044604925031E-15));
#11113=CARTESIAN_POINT('',(-82.587961,-25.540433,2.22044604925031E-15));
#11114=CARTESIAN_POINT('Origin',(-82.565,-25.545,2.22044604925031E-15));
#11115=CARTESIAN_POINT('',(-82.565,-25.545,2.22044604925031E-15));
#11116=CARTESIAN_POINT('',(-82.565,-25.545,2.22044604925031E-15));
#11117=CARTESIAN_POINT('',(-82.565,-25.545,2.22044604925031E-15));
#11118=CARTESIAN_POINT('Origin',(-68.595,-25.545,2.22044604925031E-15));
#11119=CARTESIAN_POINT('',(-68.595,-25.545,2.22044604925031E-15));
#11120=CARTESIAN_POINT('',(-68.595,-25.545,2.22044604925031E-15));
#11121=CARTESIAN_POINT('',(-68.595,-25.545,2.22044604925031E-15));
#11122=CARTESIAN_POINT('Origin',(-68.572039,-25.540433,2.22044604925031E-15));
#11123=CARTESIAN_POINT('',(-68.572039,-25.540433,2.22044604925031E-15));
#11124=CARTESIAN_POINT('',(-68.572039,-25.540433,2.22044604925031E-15));
#11125=CARTESIAN_POINT('',(-68.572039,-25.540433,2.22044604925031E-15));
#11126=CARTESIAN_POINT('Origin',(-68.539567,-25.507961,2.22044604925031E-15));
#11127=CARTESIAN_POINT('',(-68.539567,-25.507961,2.22044604925031E-15));
#11128=CARTESIAN_POINT('',(-68.539567,-25.507961,2.22044604925031E-15));
#11129=CARTESIAN_POINT('',(-68.539567,-25.507961,2.22044604925031E-15));
#11130=CARTESIAN_POINT('Origin',(-68.535,-25.485,2.22044604925031E-15));
#11131=CARTESIAN_POINT('',(-68.535,-25.485,2.22044604925031E-15));
#11132=CARTESIAN_POINT('',(-68.535,-25.485,2.22044604925031E-15));
#11133=CARTESIAN_POINT('',(-68.535,-25.485,2.22044604925031E-15));
#11134=CARTESIAN_POINT('Origin',(-68.535,-11.515,2.22044604925031E-15));
#11135=CARTESIAN_POINT('',(-68.535,-11.515,2.22044604925031E-15));
#11136=CARTESIAN_POINT('',(-68.535,-11.515,2.22044604925031E-15));
#11137=CARTESIAN_POINT('',(-68.535,-11.515,2.22044604925031E-15));
#11138=CARTESIAN_POINT('Origin',(-68.539567,-11.492039,2.22044604925031E-15));
#11139=CARTESIAN_POINT('',(-68.539567,-11.492039,2.22044604925031E-15));
#11140=CARTESIAN_POINT('',(-68.539567,-11.492039,2.22044604925031E-15));
#11141=CARTESIAN_POINT('',(-68.539567,-11.492039,2.22044604925031E-15));
#11142=CARTESIAN_POINT('Origin',(-68.572039,-11.459567,2.22044604925031E-15));
#11143=CARTESIAN_POINT('',(-68.572039,-11.459567,2.22044604925031E-15));
#11144=CARTESIAN_POINT('',(-68.572039,-11.459567,2.22044604925031E-15));
#11145=CARTESIAN_POINT('',(-68.572039,-11.459567,2.22044604925031E-15));
#11146=CARTESIAN_POINT('Origin',(-68.595,-11.455,2.22044604925031E-15));
#11147=CARTESIAN_POINT('',(-68.595,-11.455,2.22044604925031E-15));
#11148=CARTESIAN_POINT('',(-68.595,-11.455,2.22044604925031E-15));
#11149=CARTESIAN_POINT('',(-68.595,-11.455,2.22044604925031E-15));
#11150=CARTESIAN_POINT('Origin',(-82.565,-11.455,2.22044604925031E-15));
#11151=CARTESIAN_POINT('',(-82.565,-11.455,2.22044604925031E-15));
#11152=CARTESIAN_POINT('Origin',(-99.587961,-31.459567,2.22044604925031E-15));
#11153=CARTESIAN_POINT('',(-99.587961,-31.459567,2.22044604925031E-15));
#11154=CARTESIAN_POINT('',(-99.565,-31.455,2.22044604925031E-15));
#11155=CARTESIAN_POINT('',(-99.587961,-31.459567,2.22044604925031E-15));
#11156=CARTESIAN_POINT('',(-99.565,-31.455,2.22044604925031E-15));
#11157=CARTESIAN_POINT('',(-99.587961,-31.459567,2.22044604925031E-15));
#11158=CARTESIAN_POINT('Origin',(-99.620433,-31.492039,2.22044604925031E-15));
#11159=CARTESIAN_POINT('',(-99.620433,-31.492039,2.22044604925031E-15));
#11160=CARTESIAN_POINT('',(-99.620433,-31.492039,2.22044604925031E-15));
#11161=CARTESIAN_POINT('',(-99.620433,-31.492039,2.22044604925031E-15));
#11162=CARTESIAN_POINT('Origin',(-99.625,-31.515,2.22044604925031E-15));
#11163=CARTESIAN_POINT('',(-99.625,-31.515,2.22044604925031E-15));
#11164=CARTESIAN_POINT('',(-99.625,-31.515,2.22044604925031E-15));
#11165=CARTESIAN_POINT('',(-99.625,-31.515,2.22044604925031E-15));
#11166=CARTESIAN_POINT('Origin',(-99.625,-45.485,2.22044604925031E-15));
#11167=CARTESIAN_POINT('',(-99.625,-45.485,2.22044604925031E-15));
#11168=CARTESIAN_POINT('',(-99.625,-45.485,2.22044604925031E-15));
#11169=CARTESIAN_POINT('',(-99.625,-45.485,2.22044604925031E-15));
#11170=CARTESIAN_POINT('Origin',(-99.620433,-45.507961,2.22044604925031E-15));
#11171=CARTESIAN_POINT('',(-99.620433,-45.507961,2.22044604925031E-15));
#11172=CARTESIAN_POINT('',(-99.620433,-45.507961,2.22044604925031E-15));
#11173=CARTESIAN_POINT('',(-99.620433,-45.507961,2.22044604925031E-15));
#11174=CARTESIAN_POINT('Origin',(-99.587961,-45.540433,2.22044604925031E-15));
#11175=CARTESIAN_POINT('',(-99.587961,-45.540433,2.22044604925031E-15));
#11176=CARTESIAN_POINT('',(-99.587961,-45.540433,2.22044604925031E-15));
#11177=CARTESIAN_POINT('',(-99.587961,-45.540433,2.22044604925031E-15));
#11178=CARTESIAN_POINT('Origin',(-99.565,-45.545,2.22044604925031E-15));
#11179=CARTESIAN_POINT('',(-99.565,-45.545,2.22044604925031E-15));
#11180=CARTESIAN_POINT('',(-99.565,-45.545,2.22044604925031E-15));
#11181=CARTESIAN_POINT('',(-99.565,-45.545,2.22044604925031E-15));
#11182=CARTESIAN_POINT('Origin',(-85.595,-45.545,2.22044604925031E-15));
#11183=CARTESIAN_POINT('',(-85.595,-45.545,2.22044604925031E-15));
#11184=CARTESIAN_POINT('',(-85.595,-45.545,2.22044604925031E-15));
#11185=CARTESIAN_POINT('',(-85.595,-45.545,2.22044604925031E-15));
#11186=CARTESIAN_POINT('Origin',(-85.572039,-45.540433,2.22044604925031E-15));
#11187=CARTESIAN_POINT('',(-85.572039,-45.540433,2.22044604925031E-15));
#11188=CARTESIAN_POINT('',(-85.572039,-45.540433,2.22044604925031E-15));
#11189=CARTESIAN_POINT('',(-85.572039,-45.540433,2.22044604925031E-15));
#11190=CARTESIAN_POINT('Origin',(-85.539567,-45.507961,2.22044604925031E-15));
#11191=CARTESIAN_POINT('',(-85.539567,-45.507961,2.22044604925031E-15));
#11192=CARTESIAN_POINT('',(-85.539567,-45.507961,2.22044604925031E-15));
#11193=CARTESIAN_POINT('',(-85.539567,-45.507961,2.22044604925031E-15));
#11194=CARTESIAN_POINT('Origin',(-85.535,-45.485,2.22044604925031E-15));
#11195=CARTESIAN_POINT('',(-85.535,-45.485,2.22044604925031E-15));
#11196=CARTESIAN_POINT('',(-85.535,-45.485,2.22044604925031E-15));
#11197=CARTESIAN_POINT('',(-85.535,-45.485,2.22044604925031E-15));
#11198=CARTESIAN_POINT('Origin',(-85.535,-31.515,2.22044604925031E-15));
#11199=CARTESIAN_POINT('',(-85.535,-31.515,2.22044604925031E-15));
#11200=CARTESIAN_POINT('',(-85.535,-31.515,2.22044604925031E-15));
#11201=CARTESIAN_POINT('',(-85.535,-31.515,2.22044604925031E-15));
#11202=CARTESIAN_POINT('Origin',(-85.539567,-31.492039,2.22044604925031E-15));
#11203=CARTESIAN_POINT('',(-85.539567,-31.492039,2.22044604925031E-15));
#11204=CARTESIAN_POINT('',(-85.539567,-31.492039,2.22044604925031E-15));
#11205=CARTESIAN_POINT('',(-85.539567,-31.492039,2.22044604925031E-15));
#11206=CARTESIAN_POINT('Origin',(-85.572039,-31.459567,2.22044604925031E-15));
#11207=CARTESIAN_POINT('',(-85.572039,-31.459567,2.22044604925031E-15));
#11208=CARTESIAN_POINT('',(-85.572039,-31.459567,2.22044604925031E-15));
#11209=CARTESIAN_POINT('',(-85.572039,-31.459567,2.22044604925031E-15));
#11210=CARTESIAN_POINT('Origin',(-85.595,-31.455,2.22044604925031E-15));
#11211=CARTESIAN_POINT('',(-85.595,-31.455,2.22044604925031E-15));
#11212=CARTESIAN_POINT('',(-85.595,-31.455,2.22044604925031E-15));
#11213=CARTESIAN_POINT('',(-85.595,-31.455,2.22044604925031E-15));
#11214=CARTESIAN_POINT('Origin',(-99.565,-31.455,2.22044604925031E-15));
#11215=CARTESIAN_POINT('',(-99.565,-31.455,2.22044604925031E-15));
#11216=CARTESIAN_POINT('Origin',(-131.064386,44.722598,2.22044604925031E-15));
#11217=CARTESIAN_POINT('',(-131.064386,44.722598,2.22044604925031E-15));
#11218=CARTESIAN_POINT('',(-131.04,44.725,2.22044604925031E-15));
#11219=CARTESIAN_POINT('',(-131.064386,44.722598,2.22044604925031E-15));
#11220=CARTESIAN_POINT('',(-131.04,44.725,2.22044604925031E-15));
#11221=CARTESIAN_POINT('',(-131.064386,44.722598,2.22044604925031E-15));
#11222=CARTESIAN_POINT('Origin',(-131.109446,44.703934,2.22044604925031E-15));
#11223=CARTESIAN_POINT('',(-131.109446,44.703934,2.22044604925031E-15));
#11224=CARTESIAN_POINT('',(-131.109446,44.703934,2.22044604925031E-15));
#11225=CARTESIAN_POINT('',(-131.109446,44.703934,2.22044604925031E-15));
#11226=CARTESIAN_POINT('Origin',(-131.143934,44.669446,2.22044604925031E-15));
#11227=CARTESIAN_POINT('',(-131.143934,44.669446,2.22044604925031E-15));
#11228=CARTESIAN_POINT('',(-131.143934,44.669446,2.22044604925031E-15));
#11229=CARTESIAN_POINT('',(-131.143934,44.669446,2.22044604925031E-15));
#11230=CARTESIAN_POINT('Origin',(-131.145,44.666873,2.22044604925031E-15));
#11231=CARTESIAN_POINT('',(-131.145,44.666873,2.22044604925031E-15));
#11232=CARTESIAN_POINT('',(-131.145,44.666873,2.22044604925031E-15));
#11233=CARTESIAN_POINT('',(-131.145,44.666873,2.22044604925031E-15));
#11234=CARTESIAN_POINT('Origin',(-131.146066,44.669446,2.22044604925031E-15));
#11235=CARTESIAN_POINT('',(-131.146066,44.669446,2.22044604925031E-15));
#11236=CARTESIAN_POINT('',(-131.146066,44.669446,2.22044604925031E-15));
#11237=CARTESIAN_POINT('',(-131.146066,44.669446,2.22044604925031E-15));
#11238=CARTESIAN_POINT('Origin',(-131.180554,44.703934,2.22044604925031E-15));
#11239=CARTESIAN_POINT('',(-131.180554,44.703934,2.22044604925031E-15));
#11240=CARTESIAN_POINT('',(-131.180554,44.703934,2.22044604925031E-15));
#11241=CARTESIAN_POINT('',(-131.180554,44.703934,2.22044604925031E-15));
#11242=CARTESIAN_POINT('Origin',(-131.225614,44.722598,2.22044604925031E-15));
#11243=CARTESIAN_POINT('',(-131.225614,44.722598,2.22044604925031E-15));
#11244=CARTESIAN_POINT('',(-131.225614,44.722598,2.22044604925031E-15));
#11245=CARTESIAN_POINT('',(-131.225614,44.722598,2.22044604925031E-15));
#11246=CARTESIAN_POINT('Origin',(-131.274386,44.722598,2.22044604925031E-15));
#11247=CARTESIAN_POINT('',(-131.274386,44.722598,2.22044604925031E-15));
#11248=CARTESIAN_POINT('',(-131.274386,44.722598,2.22044604925031E-15));
#11249=CARTESIAN_POINT('',(-131.274386,44.722598,2.22044604925031E-15));
#11250=CARTESIAN_POINT('Origin',(-131.319446,44.703934,2.22044604925031E-15));
#11251=CARTESIAN_POINT('',(-131.319446,44.703934,2.22044604925031E-15));
#11252=CARTESIAN_POINT('',(-131.319446,44.703934,2.22044604925031E-15));
#11253=CARTESIAN_POINT('',(-131.319446,44.703934,2.22044604925031E-15));
#11254=CARTESIAN_POINT('Origin',(-131.353934,44.669446,2.22044604925031E-15));
#11255=CARTESIAN_POINT('',(-131.353934,44.669446,2.22044604925031E-15));
#11256=CARTESIAN_POINT('',(-131.353934,44.669446,2.22044604925031E-15));
#11257=CARTESIAN_POINT('',(-131.353934,44.669446,2.22044604925031E-15));
#11258=CARTESIAN_POINT('Origin',(-131.372598,44.624386,2.22044604925031E-15));
#11259=CARTESIAN_POINT('',(-131.372598,44.624386,2.22044604925031E-15));
#11260=CARTESIAN_POINT('',(-131.372598,44.624386,2.22044604925031E-15));
#11261=CARTESIAN_POINT('',(-131.372598,44.624386,2.22044604925031E-15));
#11262=CARTESIAN_POINT('Origin',(-131.375,44.6,2.22044604925031E-15));
#11263=CARTESIAN_POINT('',(-131.375,44.6,2.22044604925031E-15));
#11264=CARTESIAN_POINT('',(-131.375,44.6,2.22044604925031E-15));
#11265=CARTESIAN_POINT('',(-131.375,44.6,2.22044604925031E-15));
#11266=CARTESIAN_POINT('Origin',(-131.375,40.77,2.22044604925031E-15));
#11267=CARTESIAN_POINT('',(-131.375,40.77,2.22044604925031E-15));
#11268=CARTESIAN_POINT('',(-131.375,40.77,2.22044604925031E-15));
#11269=CARTESIAN_POINT('',(-131.375,40.77,2.22044604925031E-15));
#11270=CARTESIAN_POINT('Origin',(-131.372598,40.745614,2.22044604925031E-15));
#11271=CARTESIAN_POINT('',(-131.372598,40.745614,2.22044604925031E-15));
#11272=CARTESIAN_POINT('',(-131.372598,40.745614,2.22044604925031E-15));
#11273=CARTESIAN_POINT('',(-131.372598,40.745614,2.22044604925031E-15));
#11274=CARTESIAN_POINT('Origin',(-131.353934,40.700554,2.22044604925031E-15));
#11275=CARTESIAN_POINT('',(-131.353934,40.700554,2.22044604925031E-15));
#11276=CARTESIAN_POINT('',(-131.353934,40.700554,2.22044604925031E-15));
#11277=CARTESIAN_POINT('',(-131.353934,40.700554,2.22044604925031E-15));
#11278=CARTESIAN_POINT('Origin',(-131.319446,40.666066,2.22044604925031E-15));
#11279=CARTESIAN_POINT('',(-131.319446,40.666066,2.22044604925031E-15));
#11280=CARTESIAN_POINT('',(-131.319446,40.666066,2.22044604925031E-15));
#11281=CARTESIAN_POINT('',(-131.319446,40.666066,2.22044604925031E-15));
#11282=CARTESIAN_POINT('Origin',(-131.274386,40.647402,2.22044604925031E-15));
#11283=CARTESIAN_POINT('',(-131.274386,40.647402,2.22044604925031E-15));
#11284=CARTESIAN_POINT('',(-131.274386,40.647402,2.22044604925031E-15));
#11285=CARTESIAN_POINT('',(-131.274386,40.647402,2.22044604925031E-15));
#11286=CARTESIAN_POINT('Origin',(-131.225614,40.647402,2.22044604925031E-15));
#11287=CARTESIAN_POINT('',(-131.225614,40.647402,2.22044604925031E-15));
#11288=CARTESIAN_POINT('',(-131.225614,40.647402,2.22044604925031E-15));
#11289=CARTESIAN_POINT('',(-131.225614,40.647402,2.22044604925031E-15));
#11290=CARTESIAN_POINT('Origin',(-131.180554,40.666066,2.22044604925031E-15));
#11291=CARTESIAN_POINT('',(-131.180554,40.666066,2.22044604925031E-15));
#11292=CARTESIAN_POINT('',(-131.180554,40.666066,2.22044604925031E-15));
#11293=CARTESIAN_POINT('',(-131.180554,40.666066,2.22044604925031E-15));
#11294=CARTESIAN_POINT('Origin',(-131.146066,40.700554,2.22044604925031E-15));
#11295=CARTESIAN_POINT('',(-131.146066,40.700554,2.22044604925031E-15));
#11296=CARTESIAN_POINT('',(-131.146066,40.700554,2.22044604925031E-15));
#11297=CARTESIAN_POINT('',(-131.146066,40.700554,2.22044604925031E-15));
#11298=CARTESIAN_POINT('Origin',(-131.127402,40.745614,2.22044604925031E-15));
#11299=CARTESIAN_POINT('',(-131.127402,40.745614,2.22044604925031E-15));
#11300=CARTESIAN_POINT('',(-131.127402,40.745614,2.22044604925031E-15));
#11301=CARTESIAN_POINT('',(-131.127402,40.745614,2.22044604925031E-15));
#11302=CARTESIAN_POINT('Origin',(-131.125,40.77,2.22044604925031E-15));
#11303=CARTESIAN_POINT('',(-131.125,40.77,2.22044604925031E-15));
#11304=CARTESIAN_POINT('',(-131.125,40.77,2.22044604925031E-15));
#11305=CARTESIAN_POINT('',(-131.125,40.77,2.22044604925031E-15));
#11306=CARTESIAN_POINT('Origin',(-131.125,44.51162,2.22044604925031E-15));
#11307=CARTESIAN_POINT('',(-131.125,44.51162,2.22044604925031E-15));
#11308=CARTESIAN_POINT('',(-131.125,44.51162,2.22044604925031E-15));
#11309=CARTESIAN_POINT('',(-131.125,44.51162,2.22044604925031E-15));
#11310=CARTESIAN_POINT('Origin',(-131.109446,44.496066,2.22044604925031E-15));
#11311=CARTESIAN_POINT('',(-131.109446,44.496066,2.22044604925031E-15));
#11312=CARTESIAN_POINT('',(-131.109446,44.496066,2.22044604925031E-15));
#11313=CARTESIAN_POINT('',(-131.109446,44.496066,2.22044604925031E-15));
#11314=CARTESIAN_POINT('Origin',(-131.064386,44.477402,2.22044604925031E-15));
#11315=CARTESIAN_POINT('',(-131.064386,44.477402,2.22044604925031E-15));
#11316=CARTESIAN_POINT('',(-131.064386,44.477402,2.22044604925031E-15));
#11317=CARTESIAN_POINT('',(-131.064386,44.477402,2.22044604925031E-15));
#11318=CARTESIAN_POINT('Origin',(-131.04,44.475,2.22044604925031E-15));
#11319=CARTESIAN_POINT('',(-131.04,44.475,2.22044604925031E-15));
#11320=CARTESIAN_POINT('',(-131.04,44.475,2.22044604925031E-15));
#11321=CARTESIAN_POINT('',(-131.04,44.475,2.22044604925031E-15));
#11322=CARTESIAN_POINT('Origin',(-128.42,44.475,2.22044604925031E-15));
#11323=CARTESIAN_POINT('',(-128.42,44.475,2.22044604925031E-15));
#11324=CARTESIAN_POINT('',(-128.42,44.475,2.22044604925031E-15));
#11325=CARTESIAN_POINT('',(-128.42,44.475,2.22044604925031E-15));
#11326=CARTESIAN_POINT('Origin',(-128.395614,44.477402,2.22044604925031E-15));
#11327=CARTESIAN_POINT('',(-128.395614,44.477402,2.22044604925031E-15));
#11328=CARTESIAN_POINT('',(-128.395614,44.477402,2.22044604925031E-15));
#11329=CARTESIAN_POINT('',(-128.395614,44.477402,2.22044604925031E-15));
#11330=CARTESIAN_POINT('Origin',(-128.350554,44.496066,2.22044604925031E-15));
#11331=CARTESIAN_POINT('',(-128.350554,44.496066,2.22044604925031E-15));
#11332=CARTESIAN_POINT('',(-128.350554,44.496066,2.22044604925031E-15));
#11333=CARTESIAN_POINT('',(-128.350554,44.496066,2.22044604925031E-15));
#11334=CARTESIAN_POINT('Origin',(-128.316066,44.530554,2.22044604925031E-15));
#11335=CARTESIAN_POINT('',(-128.316066,44.530554,2.22044604925031E-15));
#11336=CARTESIAN_POINT('',(-128.316066,44.530554,2.22044604925031E-15));
#11337=CARTESIAN_POINT('',(-128.316066,44.530554,2.22044604925031E-15));
#11338=CARTESIAN_POINT('Origin',(-128.297402,44.575614,2.22044604925031E-15));
#11339=CARTESIAN_POINT('',(-128.297402,44.575614,2.22044604925031E-15));
#11340=CARTESIAN_POINT('',(-128.297402,44.575614,2.22044604925031E-15));
#11341=CARTESIAN_POINT('',(-128.297402,44.575614,2.22044604925031E-15));
#11342=CARTESIAN_POINT('Origin',(-128.297402,44.624386,2.22044604925031E-15));
#11343=CARTESIAN_POINT('',(-128.297402,44.624386,2.22044604925031E-15));
#11344=CARTESIAN_POINT('',(-128.297402,44.624386,2.22044604925031E-15));
#11345=CARTESIAN_POINT('',(-128.297402,44.624386,2.22044604925031E-15));
#11346=CARTESIAN_POINT('Origin',(-128.316066,44.669446,2.22044604925031E-15));
#11347=CARTESIAN_POINT('',(-128.316066,44.669446,2.22044604925031E-15));
#11348=CARTESIAN_POINT('',(-128.316066,44.669446,2.22044604925031E-15));
#11349=CARTESIAN_POINT('',(-128.316066,44.669446,2.22044604925031E-15));
#11350=CARTESIAN_POINT('Origin',(-128.350554,44.703934,2.22044604925031E-15));
#11351=CARTESIAN_POINT('',(-128.350554,44.703934,2.22044604925031E-15));
#11352=CARTESIAN_POINT('',(-128.350554,44.703934,2.22044604925031E-15));
#11353=CARTESIAN_POINT('',(-128.350554,44.703934,2.22044604925031E-15));
#11354=CARTESIAN_POINT('Origin',(-128.395614,44.722598,2.22044604925031E-15));
#11355=CARTESIAN_POINT('',(-128.395614,44.722598,2.22044604925031E-15));
#11356=CARTESIAN_POINT('',(-128.395614,44.722598,2.22044604925031E-15));
#11357=CARTESIAN_POINT('',(-128.395614,44.722598,2.22044604925031E-15));
#11358=CARTESIAN_POINT('Origin',(-128.42,44.725,2.22044604925031E-15));
#11359=CARTESIAN_POINT('',(-128.42,44.725,2.22044604925031E-15));
#11360=CARTESIAN_POINT('',(-128.42,44.725,2.22044604925031E-15));
#11361=CARTESIAN_POINT('',(-128.42,44.725,2.22044604925031E-15));
#11362=CARTESIAN_POINT('Origin',(-131.04,44.725,2.22044604925031E-15));
#11363=CARTESIAN_POINT('',(-131.04,44.725,2.22044604925031E-15));
#11364=CARTESIAN_POINT('Origin',(-125.946459,42.621003,2.22044604925031E-15));
#11365=CARTESIAN_POINT('',(-125.946459,42.621003,2.22044604925031E-15));
#11366=CARTESIAN_POINT('',(-125.54946,42.660104,2.22044604925031E-15));
#11367=CARTESIAN_POINT('',(-125.946459,42.621003,2.22044604925031E-15));
#11368=CARTESIAN_POINT('',(-125.54946,42.660104,2.22044604925031E-15));
#11369=CARTESIAN_POINT('',(-125.946459,42.621003,2.22044604925031E-15));
#11370=CARTESIAN_POINT('Origin',(-126.337714,42.543177,2.22044604925031E-15));
#11371=CARTESIAN_POINT('',(-126.337714,42.543177,2.22044604925031E-15));
#11372=CARTESIAN_POINT('',(-126.337714,42.543177,2.22044604925031E-15));
#11373=CARTESIAN_POINT('',(-126.337714,42.543177,2.22044604925031E-15));
#11374=CARTESIAN_POINT('Origin',(-126.719457,42.427377,2.22044604925031E-15));
#11375=CARTESIAN_POINT('',(-126.719457,42.427377,2.22044604925031E-15));
#11376=CARTESIAN_POINT('',(-126.719457,42.427377,2.22044604925031E-15));
#11377=CARTESIAN_POINT('',(-126.719457,42.427377,2.22044604925031E-15));
#11378=CARTESIAN_POINT('Origin',(-127.088011,42.274716,2.22044604925031E-15));
#11379=CARTESIAN_POINT('',(-127.088011,42.274716,2.22044604925031E-15));
#11380=CARTESIAN_POINT('',(-127.088011,42.274716,2.22044604925031E-15));
#11381=CARTESIAN_POINT('',(-127.088011,42.274716,2.22044604925031E-15));
#11382=CARTESIAN_POINT('Origin',(-127.439828,42.086667,2.22044604925031E-15));
#11383=CARTESIAN_POINT('',(-127.439828,42.086667,2.22044604925031E-15));
#11384=CARTESIAN_POINT('',(-127.439828,42.086667,2.22044604925031E-15));
#11385=CARTESIAN_POINT('',(-127.439828,42.086667,2.22044604925031E-15));
#11386=CARTESIAN_POINT('Origin',(-127.771518,41.865039,2.22044604925031E-15));
#11387=CARTESIAN_POINT('',(-127.771518,41.865039,2.22044604925031E-15));
#11388=CARTESIAN_POINT('',(-127.771518,41.865039,2.22044604925031E-15));
#11389=CARTESIAN_POINT('',(-127.771518,41.865039,2.22044604925031E-15));
#11390=CARTESIAN_POINT('Origin',(-128.079887,41.611966,2.22044604925031E-15));
#11391=CARTESIAN_POINT('',(-128.079887,41.611966,2.22044604925031E-15));
#11392=CARTESIAN_POINT('',(-128.079887,41.611966,2.22044604925031E-15));
#11393=CARTESIAN_POINT('',(-128.079887,41.611966,2.22044604925031E-15));
#11394=CARTESIAN_POINT('Origin',(-128.361966,41.329887,2.22044604925031E-15));
#11395=CARTESIAN_POINT('',(-128.361966,41.329887,2.22044604925031E-15));
#11396=CARTESIAN_POINT('',(-128.361966,41.329887,2.22044604925031E-15));
#11397=CARTESIAN_POINT('',(-128.361966,41.329887,2.22044604925031E-15));
#11398=CARTESIAN_POINT('Origin',(-128.615039,41.021518,2.22044604925031E-15));
#11399=CARTESIAN_POINT('',(-128.615039,41.021518,2.22044604925031E-15));
#11400=CARTESIAN_POINT('',(-128.615039,41.021518,2.22044604925031E-15));
#11401=CARTESIAN_POINT('',(-128.615039,41.021518,2.22044604925031E-15));
#11402=CARTESIAN_POINT('Origin',(-128.836667,40.689828,2.22044604925031E-15));
#11403=CARTESIAN_POINT('',(-128.836667,40.689828,2.22044604925031E-15));
#11404=CARTESIAN_POINT('',(-128.836667,40.689828,2.22044604925031E-15));
#11405=CARTESIAN_POINT('',(-128.836667,40.689828,2.22044604925031E-15));
#11406=CARTESIAN_POINT('Origin',(-129.024716,40.338011,2.22044604925031E-15));
#11407=CARTESIAN_POINT('',(-129.024716,40.338011,2.22044604925031E-15));
#11408=CARTESIAN_POINT('',(-129.024716,40.338011,2.22044604925031E-15));
#11409=CARTESIAN_POINT('',(-129.024716,40.338011,2.22044604925031E-15));
#11410=CARTESIAN_POINT('Origin',(-129.177377,39.969457,2.22044604925031E-15));
#11411=CARTESIAN_POINT('',(-129.177377,39.969457,2.22044604925031E-15));
#11412=CARTESIAN_POINT('',(-129.177377,39.969457,2.22044604925031E-15));
#11413=CARTESIAN_POINT('',(-129.177377,39.969457,2.22044604925031E-15));
#11414=CARTESIAN_POINT('Origin',(-129.293177,39.587714,2.22044604925031E-15));
#11415=CARTESIAN_POINT('',(-129.293177,39.587714,2.22044604925031E-15));
#11416=CARTESIAN_POINT('',(-129.293177,39.587714,2.22044604925031E-15));
#11417=CARTESIAN_POINT('',(-129.293177,39.587714,2.22044604925031E-15));
#11418=CARTESIAN_POINT('Origin',(-129.371003,39.196459,2.22044604925031E-15));
#11419=CARTESIAN_POINT('',(-129.371003,39.196459,2.22044604925031E-15));
#11420=CARTESIAN_POINT('',(-129.371003,39.196459,2.22044604925031E-15));
#11421=CARTESIAN_POINT('',(-129.371003,39.196459,2.22044604925031E-15));
#11422=CARTESIAN_POINT('Origin',(-129.410104,38.79946,2.22044604925031E-15));
#11423=CARTESIAN_POINT('',(-129.410104,38.79946,2.22044604925031E-15));
#11424=CARTESIAN_POINT('',(-129.410104,38.79946,2.22044604925031E-15));
#11425=CARTESIAN_POINT('',(-129.410104,38.79946,2.22044604925031E-15));
#11426=CARTESIAN_POINT('Origin',(-129.410104,38.40054,2.22044604925031E-15));
#11427=CARTESIAN_POINT('',(-129.410104,38.40054,2.22044604925031E-15));
#11428=CARTESIAN_POINT('',(-129.410104,38.787419,2.22044604925031E-15));
#11429=CARTESIAN_POINT('',(-129.410104,38.40054,2.22044604925031E-15));
#11430=CARTESIAN_POINT('Origin',(-129.371003,38.003541,2.22044604925031E-15));
#11431=CARTESIAN_POINT('',(-129.371003,38.003541,2.22044604925031E-15));
#11432=CARTESIAN_POINT('',(-129.371003,38.003541,2.22044604925031E-15));
#11433=CARTESIAN_POINT('',(-129.371003,38.003541,2.22044604925031E-15));
#11434=CARTESIAN_POINT('Origin',(-129.293177,37.612286,2.22044604925031E-15));
#11435=CARTESIAN_POINT('',(-129.293177,37.612286,2.22044604925031E-15));
#11436=CARTESIAN_POINT('',(-129.293177,37.612286,2.22044604925031E-15));
#11437=CARTESIAN_POINT('',(-129.293177,37.612286,2.22044604925031E-15));
#11438=CARTESIAN_POINT('Origin',(-129.177377,37.230543,2.22044604925031E-15));
#11439=CARTESIAN_POINT('',(-129.177377,37.230543,2.22044604925031E-15));
#11440=CARTESIAN_POINT('',(-129.177377,37.230543,2.22044604925031E-15));
#11441=CARTESIAN_POINT('',(-129.177377,37.230543,2.22044604925031E-15));
#11442=CARTESIAN_POINT('Origin',(-129.024716,36.861989,2.22044604925031E-15));
#11443=CARTESIAN_POINT('',(-129.024716,36.861989,2.22044604925031E-15));
#11444=CARTESIAN_POINT('',(-129.024716,36.861989,2.22044604925031E-15));
#11445=CARTESIAN_POINT('',(-129.024716,36.861989,2.22044604925031E-15));
#11446=CARTESIAN_POINT('Origin',(-128.836667,36.510172,2.22044604925031E-15));
#11447=CARTESIAN_POINT('',(-128.836667,36.510172,2.22044604925031E-15));
#11448=CARTESIAN_POINT('',(-128.836667,36.510172,2.22044604925031E-15));
#11449=CARTESIAN_POINT('',(-128.836667,36.510172,2.22044604925031E-15));
#11450=CARTESIAN_POINT('Origin',(-128.615039,36.178482,2.22044604925031E-15));
#11451=CARTESIAN_POINT('',(-128.615039,36.178482,2.22044604925031E-15));
#11452=CARTESIAN_POINT('',(-128.615039,36.178482,2.22044604925031E-15));
#11453=CARTESIAN_POINT('',(-128.615039,36.178482,2.22044604925031E-15));
#11454=CARTESIAN_POINT('Origin',(-128.361966,35.870113,2.22044604925031E-15));
#11455=CARTESIAN_POINT('',(-128.361966,35.870113,2.22044604925031E-15));
#11456=CARTESIAN_POINT('',(-128.361966,35.870113,2.22044604925031E-15));
#11457=CARTESIAN_POINT('',(-128.361966,35.870113,2.22044604925031E-15));
#11458=CARTESIAN_POINT('Origin',(-128.079887,35.588034,2.22044604925031E-15));
#11459=CARTESIAN_POINT('',(-128.079887,35.588034,2.22044604925031E-15));
#11460=CARTESIAN_POINT('',(-128.079887,35.588034,2.22044604925031E-15));
#11461=CARTESIAN_POINT('',(-128.079887,35.588034,2.22044604925031E-15));
#11462=CARTESIAN_POINT('Origin',(-127.771518,35.334961,2.22044604925031E-15));
#11463=CARTESIAN_POINT('',(-127.771518,35.334961,2.22044604925031E-15));
#11464=CARTESIAN_POINT('',(-127.771518,35.334961,2.22044604925031E-15));
#11465=CARTESIAN_POINT('',(-127.771518,35.334961,2.22044604925031E-15));
#11466=CARTESIAN_POINT('Origin',(-127.439828,35.113333,2.22044604925031E-15));
#11467=CARTESIAN_POINT('',(-127.439828,35.113333,2.22044604925031E-15));
#11468=CARTESIAN_POINT('',(-127.439828,35.113333,2.22044604925031E-15));
#11469=CARTESIAN_POINT('',(-127.439828,35.113333,2.22044604925031E-15));
#11470=CARTESIAN_POINT('Origin',(-127.088011,34.925284,2.22044604925031E-15));
#11471=CARTESIAN_POINT('',(-127.088011,34.925284,2.22044604925031E-15));
#11472=CARTESIAN_POINT('',(-127.088011,34.925284,2.22044604925031E-15));
#11473=CARTESIAN_POINT('',(-127.088011,34.925284,2.22044604925031E-15));
#11474=CARTESIAN_POINT('Origin',(-126.719457,34.772623,2.22044604925031E-15));
#11475=CARTESIAN_POINT('',(-126.719457,34.772623,2.22044604925031E-15));
#11476=CARTESIAN_POINT('',(-126.719457,34.772623,2.22044604925031E-15));
#11477=CARTESIAN_POINT('',(-126.719457,34.772623,2.22044604925031E-15));
#11478=CARTESIAN_POINT('Origin',(-126.337714,34.656823,2.22044604925031E-15));
#11479=CARTESIAN_POINT('',(-126.337714,34.656823,2.22044604925031E-15));
#11480=CARTESIAN_POINT('',(-126.337714,34.656823,2.22044604925031E-15));
#11481=CARTESIAN_POINT('',(-126.337714,34.656823,2.22044604925031E-15));
#11482=CARTESIAN_POINT('Origin',(-125.946459,34.578997,2.22044604925031E-15));
#11483=CARTESIAN_POINT('',(-125.946459,34.578997,2.22044604925031E-15));
#11484=CARTESIAN_POINT('',(-125.946459,34.578997,2.22044604925031E-15));
#11485=CARTESIAN_POINT('',(-125.946459,34.578997,2.22044604925031E-15));
#11486=CARTESIAN_POINT('Origin',(-125.54946,34.539896,2.22044604925031E-15));
#11487=CARTESIAN_POINT('',(-125.54946,34.539896,2.22044604925031E-15));
#11488=CARTESIAN_POINT('',(-125.54946,34.539896,2.22044604925031E-15));
#11489=CARTESIAN_POINT('',(-125.54946,34.539896,2.22044604925031E-15));
#11490=CARTESIAN_POINT('Origin',(-125.15054,34.539896,2.22044604925031E-15));
#11491=CARTESIAN_POINT('',(-125.15054,34.539896,2.22044604925031E-15));
#11492=CARTESIAN_POINT('',(-125.15054,34.539896,2.22044604925031E-15));
#11493=CARTESIAN_POINT('',(-125.15054,34.539896,2.22044604925031E-15));
#11494=CARTESIAN_POINT('Origin',(-124.753541,34.578997,2.22044604925031E-15));
#11495=CARTESIAN_POINT('',(-124.753541,34.578997,2.22044604925031E-15));
#11496=CARTESIAN_POINT('',(-124.753541,34.578997,2.22044604925031E-15));
#11497=CARTESIAN_POINT('',(-124.753541,34.578997,2.22044604925031E-15));
#11498=CARTESIAN_POINT('Origin',(-124.362286,34.656823,2.22044604925031E-15));
#11499=CARTESIAN_POINT('',(-124.362286,34.656823,2.22044604925031E-15));
#11500=CARTESIAN_POINT('',(-124.362286,34.656823,2.22044604925031E-15));
#11501=CARTESIAN_POINT('',(-124.362286,34.656823,2.22044604925031E-15));
#11502=CARTESIAN_POINT('Origin',(-123.980543,34.772623,2.22044604925031E-15));
#11503=CARTESIAN_POINT('',(-123.980543,34.772623,2.22044604925031E-15));
#11504=CARTESIAN_POINT('',(-123.980543,34.772623,2.22044604925031E-15));
#11505=CARTESIAN_POINT('',(-123.980543,34.772623,2.22044604925031E-15));
#11506=CARTESIAN_POINT('Origin',(-123.611989,34.925284,2.22044604925031E-15));
#11507=CARTESIAN_POINT('',(-123.611989,34.925284,2.22044604925031E-15));
#11508=CARTESIAN_POINT('',(-123.611989,34.925284,2.22044604925031E-15));
#11509=CARTESIAN_POINT('',(-123.611989,34.925284,2.22044604925031E-15));
#11510=CARTESIAN_POINT('Origin',(-123.260172,35.113333,2.22044604925031E-15));
#11511=CARTESIAN_POINT('',(-123.260172,35.113333,2.22044604925031E-15));
#11512=CARTESIAN_POINT('',(-123.260172,35.113333,2.22044604925031E-15));
#11513=CARTESIAN_POINT('',(-123.260172,35.113333,2.22044604925031E-15));
#11514=CARTESIAN_POINT('Origin',(-122.928482,35.334961,2.22044604925031E-15));
#11515=CARTESIAN_POINT('',(-122.928482,35.334961,2.22044604925031E-15));
#11516=CARTESIAN_POINT('',(-122.928482,35.334961,2.22044604925031E-15));
#11517=CARTESIAN_POINT('',(-122.928482,35.334961,2.22044604925031E-15));
#11518=CARTESIAN_POINT('Origin',(-122.620113,35.588034,2.22044604925031E-15));
#11519=CARTESIAN_POINT('',(-122.620113,35.588034,2.22044604925031E-15));
#11520=CARTESIAN_POINT('',(-122.620113,35.588034,2.22044604925031E-15));
#11521=CARTESIAN_POINT('',(-122.620113,35.588034,2.22044604925031E-15));
#11522=CARTESIAN_POINT('Origin',(-122.338034,35.870113,2.22044604925031E-15));
#11523=CARTESIAN_POINT('',(-122.338034,35.870113,2.22044604925031E-15));
#11524=CARTESIAN_POINT('',(-122.338034,35.870113,2.22044604925031E-15));
#11525=CARTESIAN_POINT('',(-122.338034,35.870113,2.22044604925031E-15));
#11526=CARTESIAN_POINT('Origin',(-122.084961,36.178482,2.22044604925031E-15));
#11527=CARTESIAN_POINT('',(-122.084961,36.178482,2.22044604925031E-15));
#11528=CARTESIAN_POINT('',(-122.084961,36.178482,2.22044604925031E-15));
#11529=CARTESIAN_POINT('',(-122.084961,36.178482,2.22044604925031E-15));
#11530=CARTESIAN_POINT('Origin',(-121.863333,36.510172,2.22044604925031E-15));
#11531=CARTESIAN_POINT('',(-121.863333,36.510172,2.22044604925031E-15));
#11532=CARTESIAN_POINT('',(-121.863333,36.510172,2.22044604925031E-15));
#11533=CARTESIAN_POINT('',(-121.863333,36.510172,2.22044604925031E-15));
#11534=CARTESIAN_POINT('Origin',(-121.675284,36.861989,2.22044604925031E-15));
#11535=CARTESIAN_POINT('',(-121.675284,36.861989,2.22044604925031E-15));
#11536=CARTESIAN_POINT('',(-121.675284,36.861989,2.22044604925031E-15));
#11537=CARTESIAN_POINT('',(-121.675284,36.861989,2.22044604925031E-15));
#11538=CARTESIAN_POINT('Origin',(-121.522623,37.230543,2.22044604925031E-15));
#11539=CARTESIAN_POINT('',(-121.522623,37.230543,2.22044604925031E-15));
#11540=CARTESIAN_POINT('',(-121.522623,37.230543,2.22044604925031E-15));
#11541=CARTESIAN_POINT('',(-121.522623,37.230543,2.22044604925031E-15));
#11542=CARTESIAN_POINT('Origin',(-121.406823,37.612286,2.22044604925031E-15));
#11543=CARTESIAN_POINT('',(-121.406823,37.612286,2.22044604925031E-15));
#11544=CARTESIAN_POINT('',(-121.406823,37.612286,2.22044604925031E-15));
#11545=CARTESIAN_POINT('',(-121.406823,37.612286,2.22044604925031E-15));
#11546=CARTESIAN_POINT('Origin',(-121.328997,38.003541,2.22044604925031E-15));
#11547=CARTESIAN_POINT('',(-121.328997,38.003541,2.22044604925031E-15));
#11548=CARTESIAN_POINT('',(-121.328997,38.003541,2.22044604925031E-15));
#11549=CARTESIAN_POINT('',(-121.328997,38.003541,2.22044604925031E-15));
#11550=CARTESIAN_POINT('Origin',(-121.289896,38.40054,2.22044604925031E-15));
#11551=CARTESIAN_POINT('',(-121.289896,38.40054,2.22044604925031E-15));
#11552=CARTESIAN_POINT('',(-121.289896,38.40054,2.22044604925031E-15));
#11553=CARTESIAN_POINT('',(-121.289896,38.40054,2.22044604925031E-15));
#11554=CARTESIAN_POINT('Origin',(-121.289896,38.79946,2.22044604925031E-15));
#11555=CARTESIAN_POINT('',(-121.289896,38.79946,2.22044604925031E-15));
#11556=CARTESIAN_POINT('',(-121.289896,38.79946,2.22044604925031E-15));
#11557=CARTESIAN_POINT('',(-121.289896,38.79946,2.22044604925031E-15));
#11558=CARTESIAN_POINT('Origin',(-121.328997,39.196459,2.22044604925031E-15));
#11559=CARTESIAN_POINT('',(-121.328997,39.196459,2.22044604925031E-15));
#11560=CARTESIAN_POINT('',(-121.328997,39.196459,2.22044604925031E-15));
#11561=CARTESIAN_POINT('',(-121.328997,39.196459,2.22044604925031E-15));
#11562=CARTESIAN_POINT('Origin',(-121.406823,39.587714,2.22044604925031E-15));
#11563=CARTESIAN_POINT('',(-121.406823,39.587714,2.22044604925031E-15));
#11564=CARTESIAN_POINT('',(-121.406823,39.587714,2.22044604925031E-15));
#11565=CARTESIAN_POINT('',(-121.406823,39.587714,2.22044604925031E-15));
#11566=CARTESIAN_POINT('Origin',(-121.522623,39.969457,2.22044604925031E-15));
#11567=CARTESIAN_POINT('',(-121.522623,39.969457,2.22044604925031E-15));
#11568=CARTESIAN_POINT('',(-121.522623,39.969457,2.22044604925031E-15));
#11569=CARTESIAN_POINT('',(-121.522623,39.969457,2.22044604925031E-15));
#11570=CARTESIAN_POINT('Origin',(-121.675284,40.338011,2.22044604925031E-15));
#11571=CARTESIAN_POINT('',(-121.675284,40.338011,2.22044604925031E-15));
#11572=CARTESIAN_POINT('',(-121.675284,40.338011,2.22044604925031E-15));
#11573=CARTESIAN_POINT('',(-121.675284,40.338011,2.22044604925031E-15));
#11574=CARTESIAN_POINT('Origin',(-121.863333,40.689828,2.22044604925031E-15));
#11575=CARTESIAN_POINT('',(-121.863333,40.689828,2.22044604925031E-15));
#11576=CARTESIAN_POINT('',(-121.863333,40.689828,2.22044604925031E-15));
#11577=CARTESIAN_POINT('',(-121.863333,40.689828,2.22044604925031E-15));
#11578=CARTESIAN_POINT('Origin',(-122.084961,41.021518,2.22044604925031E-15));
#11579=CARTESIAN_POINT('',(-122.084961,41.021518,2.22044604925031E-15));
#11580=CARTESIAN_POINT('',(-122.084961,41.021518,2.22044604925031E-15));
#11581=CARTESIAN_POINT('',(-122.084961,41.021518,2.22044604925031E-15));
#11582=CARTESIAN_POINT('Origin',(-122.338034,41.329887,2.22044604925031E-15));
#11583=CARTESIAN_POINT('',(-122.338034,41.329887,2.22044604925031E-15));
#11584=CARTESIAN_POINT('',(-122.338034,41.329887,2.22044604925031E-15));
#11585=CARTESIAN_POINT('',(-122.338034,41.329887,2.22044604925031E-15));
#11586=CARTESIAN_POINT('Origin',(-122.620113,41.611966,2.22044604925031E-15));
#11587=CARTESIAN_POINT('',(-122.620113,41.611966,2.22044604925031E-15));
#11588=CARTESIAN_POINT('',(-122.620113,41.611966,2.22044604925031E-15));
#11589=CARTESIAN_POINT('',(-122.620113,41.611966,2.22044604925031E-15));
#11590=CARTESIAN_POINT('Origin',(-122.928482,41.865039,2.22044604925031E-15));
#11591=CARTESIAN_POINT('',(-122.928482,41.865039,2.22044604925031E-15));
#11592=CARTESIAN_POINT('',(-122.928482,41.865039,2.22044604925031E-15));
#11593=CARTESIAN_POINT('',(-122.928482,41.865039,2.22044604925031E-15));
#11594=CARTESIAN_POINT('Origin',(-123.260172,42.086667,2.22044604925031E-15));
#11595=CARTESIAN_POINT('',(-123.260172,42.086667,2.22044604925031E-15));
#11596=CARTESIAN_POINT('',(-123.260172,42.086667,2.22044604925031E-15));
#11597=CARTESIAN_POINT('',(-123.260172,42.086667,2.22044604925031E-15));
#11598=CARTESIAN_POINT('Origin',(-123.611989,42.274716,2.22044604925031E-15));
#11599=CARTESIAN_POINT('',(-123.611989,42.274716,2.22044604925031E-15));
#11600=CARTESIAN_POINT('',(-123.611989,42.274716,2.22044604925031E-15));
#11601=CARTESIAN_POINT('',(-123.611989,42.274716,2.22044604925031E-15));
#11602=CARTESIAN_POINT('Origin',(-123.980543,42.427377,2.22044604925031E-15));
#11603=CARTESIAN_POINT('',(-123.980543,42.427377,2.22044604925031E-15));
#11604=CARTESIAN_POINT('',(-123.980543,42.427377,2.22044604925031E-15));
#11605=CARTESIAN_POINT('',(-123.980543,42.427377,2.22044604925031E-15));
#11606=CARTESIAN_POINT('Origin',(-124.362286,42.543177,2.22044604925031E-15));
#11607=CARTESIAN_POINT('',(-124.362286,42.543177,2.22044604925031E-15));
#11608=CARTESIAN_POINT('',(-124.362286,42.543177,2.22044604925031E-15));
#11609=CARTESIAN_POINT('',(-124.362286,42.543177,2.22044604925031E-15));
#11610=CARTESIAN_POINT('Origin',(-124.753541,42.621003,2.22044604925031E-15));
#11611=CARTESIAN_POINT('',(-124.753541,42.621003,2.22044604925031E-15));
#11612=CARTESIAN_POINT('',(-124.753541,42.621003,2.22044604925031E-15));
#11613=CARTESIAN_POINT('',(-124.753541,42.621003,2.22044604925031E-15));
#11614=CARTESIAN_POINT('Origin',(-125.15054,42.660104,2.22044604925031E-15));
#11615=CARTESIAN_POINT('',(-125.15054,42.660104,2.22044604925031E-15));
#11616=CARTESIAN_POINT('',(-125.15054,42.660104,2.22044604925031E-15));
#11617=CARTESIAN_POINT('',(-125.15054,42.660104,2.22044604925031E-15));
#11618=CARTESIAN_POINT('Origin',(-125.54946,42.660104,2.22044604925031E-15));
#11619=CARTESIAN_POINT('',(-125.54946,42.660104,2.22044604925031E-15));
#11620=CARTESIAN_POINT('Origin',(-131.697961,25.090433,2.22044604925031E-15));
#11621=CARTESIAN_POINT('',(-131.697961,25.090433,2.22044604925031E-15));
#11622=CARTESIAN_POINT('',(-131.675,25.095,2.22044604925031E-15));
#11623=CARTESIAN_POINT('',(-131.697961,25.090433,2.22044604925031E-15));
#11624=CARTESIAN_POINT('',(-131.675,25.095,2.22044604925031E-15));
#11625=CARTESIAN_POINT('',(-131.697961,25.090433,2.22044604925031E-15));
#11626=CARTESIAN_POINT('Origin',(-131.730433,25.057961,2.22044604925031E-15));
#11627=CARTESIAN_POINT('',(-131.730433,25.057961,2.22044604925031E-15));
#11628=CARTESIAN_POINT('',(-131.730433,25.057961,2.22044604925031E-15));
#11629=CARTESIAN_POINT('',(-131.730433,25.057961,2.22044604925031E-15));
#11630=CARTESIAN_POINT('Origin',(-131.735,25.035,2.22044604925031E-15));
#11631=CARTESIAN_POINT('',(-131.735,25.035,2.22044604925031E-15));
#11632=CARTESIAN_POINT('',(-131.735,25.035,2.22044604925031E-15));
#11633=CARTESIAN_POINT('',(-131.735,25.035,2.22044604925031E-15));
#11634=CARTESIAN_POINT('Origin',(-131.735,11.065,2.22044604925031E-15));
#11635=CARTESIAN_POINT('',(-131.735,11.065,2.22044604925031E-15));
#11636=CARTESIAN_POINT('',(-131.735,11.065,2.22044604925031E-15));
#11637=CARTESIAN_POINT('',(-131.735,11.065,2.22044604925031E-15));
#11638=CARTESIAN_POINT('Origin',(-131.730433,11.042039,2.22044604925031E-15));
#11639=CARTESIAN_POINT('',(-131.730433,11.042039,2.22044604925031E-15));
#11640=CARTESIAN_POINT('',(-131.730433,11.042039,2.22044604925031E-15));
#11641=CARTESIAN_POINT('',(-131.730433,11.042039,2.22044604925031E-15));
#11642=CARTESIAN_POINT('Origin',(-131.697961,11.009567,2.22044604925031E-15));
#11643=CARTESIAN_POINT('',(-131.697961,11.009567,2.22044604925031E-15));
#11644=CARTESIAN_POINT('',(-131.697961,11.009567,2.22044604925031E-15));
#11645=CARTESIAN_POINT('',(-131.697961,11.009567,2.22044604925031E-15));
#11646=CARTESIAN_POINT('Origin',(-131.675,11.005,2.22044604925031E-15));
#11647=CARTESIAN_POINT('',(-131.675,11.005,2.22044604925031E-15));
#11648=CARTESIAN_POINT('',(-131.675,11.005,2.22044604925031E-15));
#11649=CARTESIAN_POINT('',(-131.675,11.005,2.22044604925031E-15));
#11650=CARTESIAN_POINT('Origin',(-117.705,11.005,2.22044604925031E-15));
#11651=CARTESIAN_POINT('',(-117.705,11.005,2.22044604925031E-15));
#11652=CARTESIAN_POINT('',(-117.705,11.005,2.22044604925031E-15));
#11653=CARTESIAN_POINT('',(-117.705,11.005,2.22044604925031E-15));
#11654=CARTESIAN_POINT('Origin',(-117.682039,11.009567,2.22044604925031E-15));
#11655=CARTESIAN_POINT('',(-117.682039,11.009567,2.22044604925031E-15));
#11656=CARTESIAN_POINT('',(-117.682039,11.009567,2.22044604925031E-15));
#11657=CARTESIAN_POINT('',(-117.682039,11.009567,2.22044604925031E-15));
#11658=CARTESIAN_POINT('Origin',(-117.649567,11.042039,2.22044604925031E-15));
#11659=CARTESIAN_POINT('',(-117.649567,11.042039,2.22044604925031E-15));
#11660=CARTESIAN_POINT('',(-117.649567,11.042039,2.22044604925031E-15));
#11661=CARTESIAN_POINT('',(-117.649567,11.042039,2.22044604925031E-15));
#11662=CARTESIAN_POINT('Origin',(-117.645,11.065,2.22044604925031E-15));
#11663=CARTESIAN_POINT('',(-117.645,11.065,2.22044604925031E-15));
#11664=CARTESIAN_POINT('',(-117.645,11.065,2.22044604925031E-15));
#11665=CARTESIAN_POINT('',(-117.645,11.065,2.22044604925031E-15));
#11666=CARTESIAN_POINT('Origin',(-117.645,25.035,2.22044604925031E-15));
#11667=CARTESIAN_POINT('',(-117.645,25.035,2.22044604925031E-15));
#11668=CARTESIAN_POINT('',(-117.645,25.035,2.22044604925031E-15));
#11669=CARTESIAN_POINT('',(-117.645,25.035,2.22044604925031E-15));
#11670=CARTESIAN_POINT('Origin',(-117.649567,25.057961,2.22044604925031E-15));
#11671=CARTESIAN_POINT('',(-117.649567,25.057961,2.22044604925031E-15));
#11672=CARTESIAN_POINT('',(-117.649567,25.057961,2.22044604925031E-15));
#11673=CARTESIAN_POINT('',(-117.649567,25.057961,2.22044604925031E-15));
#11674=CARTESIAN_POINT('Origin',(-117.682039,25.090433,2.22044604925031E-15));
#11675=CARTESIAN_POINT('',(-117.682039,25.090433,2.22044604925031E-15));
#11676=CARTESIAN_POINT('',(-117.682039,25.090433,2.22044604925031E-15));
#11677=CARTESIAN_POINT('',(-117.682039,25.090433,2.22044604925031E-15));
#11678=CARTESIAN_POINT('Origin',(-117.705,25.095,2.22044604925031E-15));
#11679=CARTESIAN_POINT('',(-117.705,25.095,2.22044604925031E-15));
#11680=CARTESIAN_POINT('',(-117.705,25.095,2.22044604925031E-15));
#11681=CARTESIAN_POINT('',(-117.705,25.095,2.22044604925031E-15));
#11682=CARTESIAN_POINT('Origin',(-131.675,25.095,2.22044604925031E-15));
#11683=CARTESIAN_POINT('',(-131.675,25.095,2.22044604925031E-15));
#11684=CARTESIAN_POINT('Origin',(-131.319446,36.533934,2.22044604925031E-15));
#11685=CARTESIAN_POINT('',(-131.319446,36.533934,2.22044604925031E-15));
#11686=CARTESIAN_POINT('',(-131.274386,36.552598,2.22044604925031E-15));
#11687=CARTESIAN_POINT('',(-131.319446,36.533934,2.22044604925031E-15));
#11688=CARTESIAN_POINT('',(-131.274386,36.552598,2.22044604925031E-15));
#11689=CARTESIAN_POINT('',(-131.319446,36.533934,2.22044604925031E-15));
#11690=CARTESIAN_POINT('Origin',(-131.353934,36.499446,2.22044604925031E-15));
#11691=CARTESIAN_POINT('',(-131.353934,36.499446,2.22044604925031E-15));
#11692=CARTESIAN_POINT('',(-131.353934,36.499446,2.22044604925031E-15));
#11693=CARTESIAN_POINT('',(-131.353934,36.499446,2.22044604925031E-15));
#11694=CARTESIAN_POINT('Origin',(-131.372598,36.454386,2.22044604925031E-15));
#11695=CARTESIAN_POINT('',(-131.372598,36.454386,2.22044604925031E-15));
#11696=CARTESIAN_POINT('',(-131.372598,36.454386,2.22044604925031E-15));
#11697=CARTESIAN_POINT('',(-131.372598,36.454386,2.22044604925031E-15));
#11698=CARTESIAN_POINT('Origin',(-131.375,36.43,2.22044604925031E-15));
#11699=CARTESIAN_POINT('',(-131.375,36.43,2.22044604925031E-15));
#11700=CARTESIAN_POINT('',(-131.375,36.43,2.22044604925031E-15));
#11701=CARTESIAN_POINT('',(-131.375,36.43,2.22044604925031E-15));
#11702=CARTESIAN_POINT('Origin',(-131.375,32.6,2.22044604925031E-15));
#11703=CARTESIAN_POINT('',(-131.375,32.6,2.22044604925031E-15));
#11704=CARTESIAN_POINT('',(-131.375,32.6,2.22044604925031E-15));
#11705=CARTESIAN_POINT('',(-131.375,32.6,2.22044604925031E-15));
#11706=CARTESIAN_POINT('Origin',(-131.372598,32.575614,2.22044604925031E-15));
#11707=CARTESIAN_POINT('',(-131.372598,32.575614,2.22044604925031E-15));
#11708=CARTESIAN_POINT('',(-131.372598,32.575614,2.22044604925031E-15));
#11709=CARTESIAN_POINT('',(-131.372598,32.575614,2.22044604925031E-15));
#11710=CARTESIAN_POINT('Origin',(-131.353934,32.530554,2.22044604925031E-15));
#11711=CARTESIAN_POINT('',(-131.353934,32.530554,2.22044604925031E-15));
#11712=CARTESIAN_POINT('',(-131.353934,32.530554,2.22044604925031E-15));
#11713=CARTESIAN_POINT('',(-131.353934,32.530554,2.22044604925031E-15));
#11714=CARTESIAN_POINT('Origin',(-131.319446,32.496066,2.22044604925031E-15));
#11715=CARTESIAN_POINT('',(-131.319446,32.496066,2.22044604925031E-15));
#11716=CARTESIAN_POINT('',(-131.319446,32.496066,2.22044604925031E-15));
#11717=CARTESIAN_POINT('',(-131.319446,32.496066,2.22044604925031E-15));
#11718=CARTESIAN_POINT('Origin',(-131.274386,32.477402,2.22044604925031E-15));
#11719=CARTESIAN_POINT('',(-131.274386,32.477402,2.22044604925031E-15));
#11720=CARTESIAN_POINT('',(-131.274386,32.477402,2.22044604925031E-15));
#11721=CARTESIAN_POINT('',(-131.274386,32.477402,2.22044604925031E-15));
#11722=CARTESIAN_POINT('Origin',(-131.25,32.475,2.22044604925031E-15));
#11723=CARTESIAN_POINT('',(-131.25,32.475,2.22044604925031E-15));
#11724=CARTESIAN_POINT('',(-131.25,32.475,2.22044604925031E-15));
#11725=CARTESIAN_POINT('',(-131.25,32.475,2.22044604925031E-15));
#11726=CARTESIAN_POINT('Origin',(-119.45,32.475,2.22044604925031E-15));
#11727=CARTESIAN_POINT('',(-119.45,32.475,2.22044604925031E-15));
#11728=CARTESIAN_POINT('',(-119.45,32.475,2.22044604925031E-15));
#11729=CARTESIAN_POINT('',(-119.45,32.475,2.22044604925031E-15));
#11730=CARTESIAN_POINT('Origin',(-119.425614,32.477402,2.22044604925031E-15));
#11731=CARTESIAN_POINT('',(-119.425614,32.477402,2.22044604925031E-15));
#11732=CARTESIAN_POINT('',(-119.425614,32.477402,2.22044604925031E-15));
#11733=CARTESIAN_POINT('',(-119.425614,32.477402,2.22044604925031E-15));
#11734=CARTESIAN_POINT('Origin',(-119.380554,32.496066,2.22044604925031E-15));
#11735=CARTESIAN_POINT('',(-119.380554,32.496066,2.22044604925031E-15));
#11736=CARTESIAN_POINT('',(-119.380554,32.496066,2.22044604925031E-15));
#11737=CARTESIAN_POINT('',(-119.380554,32.496066,2.22044604925031E-15));
#11738=CARTESIAN_POINT('Origin',(-119.346066,32.530554,2.22044604925031E-15));
#11739=CARTESIAN_POINT('',(-119.346066,32.530554,2.22044604925031E-15));
#11740=CARTESIAN_POINT('',(-119.346066,32.530554,2.22044604925031E-15));
#11741=CARTESIAN_POINT('',(-119.346066,32.530554,2.22044604925031E-15));
#11742=CARTESIAN_POINT('Origin',(-119.327402,32.575614,2.22044604925031E-15));
#11743=CARTESIAN_POINT('',(-119.327402,32.575614,2.22044604925031E-15));
#11744=CARTESIAN_POINT('',(-119.327402,32.575614,2.22044604925031E-15));
#11745=CARTESIAN_POINT('',(-119.327402,32.575614,2.22044604925031E-15));
#11746=CARTESIAN_POINT('Origin',(-119.325,32.6,2.22044604925031E-15));
#11747=CARTESIAN_POINT('',(-119.325,32.6,2.22044604925031E-15));
#11748=CARTESIAN_POINT('',(-119.325,32.6,2.22044604925031E-15));
#11749=CARTESIAN_POINT('',(-119.325,32.6,2.22044604925031E-15));
#11750=CARTESIAN_POINT('Origin',(-119.325,36.43,2.22044604925031E-15));
#11751=CARTESIAN_POINT('',(-119.325,36.43,2.22044604925031E-15));
#11752=CARTESIAN_POINT('',(-119.325,36.43,2.22044604925031E-15));
#11753=CARTESIAN_POINT('',(-119.325,36.43,2.22044604925031E-15));
#11754=CARTESIAN_POINT('Origin',(-119.327402,36.454386,2.22044604925031E-15));
#11755=CARTESIAN_POINT('',(-119.327402,36.454386,2.22044604925031E-15));
#11756=CARTESIAN_POINT('',(-119.327402,36.454386,2.22044604925031E-15));
#11757=CARTESIAN_POINT('',(-119.327402,36.454386,2.22044604925031E-15));
#11758=CARTESIAN_POINT('Origin',(-119.346066,36.499446,2.22044604925031E-15));
#11759=CARTESIAN_POINT('',(-119.346066,36.499446,2.22044604925031E-15));
#11760=CARTESIAN_POINT('',(-119.346066,36.499446,2.22044604925031E-15));
#11761=CARTESIAN_POINT('',(-119.346066,36.499446,2.22044604925031E-15));
#11762=CARTESIAN_POINT('Origin',(-119.380554,36.533934,2.22044604925031E-15));
#11763=CARTESIAN_POINT('',(-119.380554,36.533934,2.22044604925031E-15));
#11764=CARTESIAN_POINT('',(-119.380554,36.533934,2.22044604925031E-15));
#11765=CARTESIAN_POINT('',(-119.380554,36.533934,2.22044604925031E-15));
#11766=CARTESIAN_POINT('Origin',(-119.425614,36.552598,2.22044604925031E-15));
#11767=CARTESIAN_POINT('',(-119.425614,36.552598,2.22044604925031E-15));
#11768=CARTESIAN_POINT('',(-119.425614,36.552598,2.22044604925031E-15));
#11769=CARTESIAN_POINT('',(-119.425614,36.552598,2.22044604925031E-15));
#11770=CARTESIAN_POINT('Origin',(-119.474386,36.552598,2.22044604925031E-15));
#11771=CARTESIAN_POINT('',(-119.474386,36.552598,2.22044604925031E-15));
#11772=CARTESIAN_POINT('',(-119.474386,36.552598,2.22044604925031E-15));
#11773=CARTESIAN_POINT('',(-119.474386,36.552598,2.22044604925031E-15));
#11774=CARTESIAN_POINT('Origin',(-119.519446,36.533934,2.22044604925031E-15));
#11775=CARTESIAN_POINT('',(-119.519446,36.533934,2.22044604925031E-15));
#11776=CARTESIAN_POINT('',(-119.519446,36.533934,2.22044604925031E-15));
#11777=CARTESIAN_POINT('',(-119.519446,36.533934,2.22044604925031E-15));
#11778=CARTESIAN_POINT('Origin',(-119.553934,36.499446,2.22044604925031E-15));
#11779=CARTESIAN_POINT('',(-119.553934,36.499446,2.22044604925031E-15));
#11780=CARTESIAN_POINT('',(-119.553934,36.499446,2.22044604925031E-15));
#11781=CARTESIAN_POINT('',(-119.553934,36.499446,2.22044604925031E-15));
#11782=CARTESIAN_POINT('Origin',(-119.572598,36.454386,2.22044604925031E-15));
#11783=CARTESIAN_POINT('',(-119.572598,36.454386,2.22044604925031E-15));
#11784=CARTESIAN_POINT('',(-119.572598,36.454386,2.22044604925031E-15));
#11785=CARTESIAN_POINT('',(-119.572598,36.454386,2.22044604925031E-15));
#11786=CARTESIAN_POINT('Origin',(-119.575,36.43,2.22044604925031E-15));
#11787=CARTESIAN_POINT('',(-119.575,36.43,2.22044604925031E-15));
#11788=CARTESIAN_POINT('',(-119.575,36.43,2.22044604925031E-15));
#11789=CARTESIAN_POINT('',(-119.575,36.43,2.22044604925031E-15));
#11790=CARTESIAN_POINT('Origin',(-119.575,32.725,2.22044604925031E-15));
#11791=CARTESIAN_POINT('',(-119.575,32.725,2.22044604925031E-15));
#11792=CARTESIAN_POINT('',(-119.575,32.725,2.22044604925031E-15));
#11793=CARTESIAN_POINT('',(-119.575,32.725,2.22044604925031E-15));
#11794=CARTESIAN_POINT('Origin',(-131.125,32.725,2.22044604925031E-15));
#11795=CARTESIAN_POINT('',(-131.125,32.725,2.22044604925031E-15));
#11796=CARTESIAN_POINT('',(-131.125,32.725,2.22044604925031E-15));
#11797=CARTESIAN_POINT('',(-131.125,32.725,2.22044604925031E-15));
#11798=CARTESIAN_POINT('Origin',(-131.125,36.43,2.22044604925031E-15));
#11799=CARTESIAN_POINT('',(-131.125,36.43,2.22044604925031E-15));
#11800=CARTESIAN_POINT('',(-131.125,36.43,2.22044604925031E-15));
#11801=CARTESIAN_POINT('',(-131.125,36.43,2.22044604925031E-15));
#11802=CARTESIAN_POINT('Origin',(-131.127402,36.454386,2.22044604925031E-15));
#11803=CARTESIAN_POINT('',(-131.127402,36.454386,2.22044604925031E-15));
#11804=CARTESIAN_POINT('',(-131.127402,36.454386,2.22044604925031E-15));
#11805=CARTESIAN_POINT('',(-131.127402,36.454386,2.22044604925031E-15));
#11806=CARTESIAN_POINT('Origin',(-131.146066,36.499446,2.22044604925031E-15));
#11807=CARTESIAN_POINT('',(-131.146066,36.499446,2.22044604925031E-15));
#11808=CARTESIAN_POINT('',(-131.146066,36.499446,2.22044604925031E-15));
#11809=CARTESIAN_POINT('',(-131.146066,36.499446,2.22044604925031E-15));
#11810=CARTESIAN_POINT('Origin',(-131.180554,36.533934,2.22044604925031E-15));
#11811=CARTESIAN_POINT('',(-131.180554,36.533934,2.22044604925031E-15));
#11812=CARTESIAN_POINT('',(-131.180554,36.533934,2.22044604925031E-15));
#11813=CARTESIAN_POINT('',(-131.180554,36.533934,2.22044604925031E-15));
#11814=CARTESIAN_POINT('Origin',(-131.225614,36.552598,2.22044604925031E-15));
#11815=CARTESIAN_POINT('',(-131.225614,36.552598,2.22044604925031E-15));
#11816=CARTESIAN_POINT('',(-131.225614,36.552598,2.22044604925031E-15));
#11817=CARTESIAN_POINT('',(-131.225614,36.552598,2.22044604925031E-15));
#11818=CARTESIAN_POINT('Origin',(-131.274386,36.552598,2.22044604925031E-15));
#11819=CARTESIAN_POINT('',(-131.274386,36.552598,2.22044604925031E-15));
#11820=CARTESIAN_POINT('Origin',(-131.717961,-11.379567,2.22044604925031E-15));
#11821=CARTESIAN_POINT('',(-131.717961,-11.379567,2.22044604925031E-15));
#11822=CARTESIAN_POINT('',(-131.695,-11.375,2.22044604925031E-15));
#11823=CARTESIAN_POINT('',(-131.717961,-11.379567,2.22044604925031E-15));
#11824=CARTESIAN_POINT('',(-131.695,-11.375,2.22044604925031E-15));
#11825=CARTESIAN_POINT('',(-131.717961,-11.379567,2.22044604925031E-15));
#11826=CARTESIAN_POINT('Origin',(-131.750433,-11.412039,2.22044604925031E-15));
#11827=CARTESIAN_POINT('',(-131.750433,-11.412039,2.22044604925031E-15));
#11828=CARTESIAN_POINT('',(-131.750433,-11.412039,2.22044604925031E-15));
#11829=CARTESIAN_POINT('',(-131.750433,-11.412039,2.22044604925031E-15));
#11830=CARTESIAN_POINT('Origin',(-131.755,-11.435,2.22044604925031E-15));
#11831=CARTESIAN_POINT('',(-131.755,-11.435,2.22044604925031E-15));
#11832=CARTESIAN_POINT('',(-131.755,-11.435,2.22044604925031E-15));
#11833=CARTESIAN_POINT('',(-131.755,-11.435,2.22044604925031E-15));
#11834=CARTESIAN_POINT('Origin',(-131.755,-25.405,2.22044604925031E-15));
#11835=CARTESIAN_POINT('',(-131.755,-25.405,2.22044604925031E-15));
#11836=CARTESIAN_POINT('',(-131.755,-25.405,2.22044604925031E-15));
#11837=CARTESIAN_POINT('',(-131.755,-25.405,2.22044604925031E-15));
#11838=CARTESIAN_POINT('Origin',(-131.750433,-25.427961,2.22044604925031E-15));
#11839=CARTESIAN_POINT('',(-131.750433,-25.427961,2.22044604925031E-15));
#11840=CARTESIAN_POINT('',(-131.750433,-25.427961,2.22044604925031E-15));
#11841=CARTESIAN_POINT('',(-131.750433,-25.427961,2.22044604925031E-15));
#11842=CARTESIAN_POINT('Origin',(-131.717961,-25.460433,2.22044604925031E-15));
#11843=CARTESIAN_POINT('',(-131.717961,-25.460433,2.22044604925031E-15));
#11844=CARTESIAN_POINT('',(-131.717961,-25.460433,2.22044604925031E-15));
#11845=CARTESIAN_POINT('',(-131.717961,-25.460433,2.22044604925031E-15));
#11846=CARTESIAN_POINT('Origin',(-131.695,-25.465,2.22044604925031E-15));
#11847=CARTESIAN_POINT('',(-131.695,-25.465,2.22044604925031E-15));
#11848=CARTESIAN_POINT('',(-131.695,-25.465,2.22044604925031E-15));
#11849=CARTESIAN_POINT('',(-131.695,-25.465,2.22044604925031E-15));
#11850=CARTESIAN_POINT('Origin',(-117.725,-25.465,2.22044604925031E-15));
#11851=CARTESIAN_POINT('',(-117.725,-25.465,2.22044604925031E-15));
#11852=CARTESIAN_POINT('',(-117.725,-25.465,2.22044604925031E-15));
#11853=CARTESIAN_POINT('',(-117.725,-25.465,2.22044604925031E-15));
#11854=CARTESIAN_POINT('Origin',(-117.702039,-25.460433,2.22044604925031E-15));
#11855=CARTESIAN_POINT('',(-117.702039,-25.460433,2.22044604925031E-15));
#11856=CARTESIAN_POINT('',(-117.702039,-25.460433,2.22044604925031E-15));
#11857=CARTESIAN_POINT('',(-117.702039,-25.460433,2.22044604925031E-15));
#11858=CARTESIAN_POINT('Origin',(-117.669567,-25.427961,2.22044604925031E-15));
#11859=CARTESIAN_POINT('',(-117.669567,-25.427961,2.22044604925031E-15));
#11860=CARTESIAN_POINT('',(-117.669567,-25.427961,2.22044604925031E-15));
#11861=CARTESIAN_POINT('',(-117.669567,-25.427961,2.22044604925031E-15));
#11862=CARTESIAN_POINT('Origin',(-117.665,-25.405,2.22044604925031E-15));
#11863=CARTESIAN_POINT('',(-117.665,-25.405,2.22044604925031E-15));
#11864=CARTESIAN_POINT('',(-117.665,-25.405,2.22044604925031E-15));
#11865=CARTESIAN_POINT('',(-117.665,-25.405,2.22044604925031E-15));
#11866=CARTESIAN_POINT('Origin',(-117.665,-11.435,2.22044604925031E-15));
#11867=CARTESIAN_POINT('',(-117.665,-11.435,2.22044604925031E-15));
#11868=CARTESIAN_POINT('',(-117.665,-11.435,2.22044604925031E-15));
#11869=CARTESIAN_POINT('',(-117.665,-11.435,2.22044604925031E-15));
#11870=CARTESIAN_POINT('Origin',(-117.669567,-11.412039,2.22044604925031E-15));
#11871=CARTESIAN_POINT('',(-117.669567,-11.412039,2.22044604925031E-15));
#11872=CARTESIAN_POINT('',(-117.669567,-11.412039,2.22044604925031E-15));
#11873=CARTESIAN_POINT('',(-117.669567,-11.412039,2.22044604925031E-15));
#11874=CARTESIAN_POINT('Origin',(-117.702039,-11.379567,2.22044604925031E-15));
#11875=CARTESIAN_POINT('',(-117.702039,-11.379567,2.22044604925031E-15));
#11876=CARTESIAN_POINT('',(-117.702039,-11.379567,2.22044604925031E-15));
#11877=CARTESIAN_POINT('',(-117.702039,-11.379567,2.22044604925031E-15));
#11878=CARTESIAN_POINT('Origin',(-117.725,-11.375,2.22044604925031E-15));
#11879=CARTESIAN_POINT('',(-117.725,-11.375,2.22044604925031E-15));
#11880=CARTESIAN_POINT('',(-117.725,-11.375,2.22044604925031E-15));
#11881=CARTESIAN_POINT('',(-117.725,-11.375,2.22044604925031E-15));
#11882=CARTESIAN_POINT('Origin',(-131.695,-11.375,2.22044604925031E-15));
#11883=CARTESIAN_POINT('',(-131.695,-11.375,2.22044604925031E-15));
#11884=CARTESIAN_POINT('Origin',(-84.587961,16.540433,2.22044604925031E-15));
#11885=CARTESIAN_POINT('',(-84.587961,16.540433,2.22044604925031E-15));
#11886=CARTESIAN_POINT('',(-84.565,16.545,2.22044604925031E-15));
#11887=CARTESIAN_POINT('',(-84.587961,16.540433,2.22044604925031E-15));
#11888=CARTESIAN_POINT('',(-84.565,16.545,2.22044604925031E-15));
#11889=CARTESIAN_POINT('',(-84.587961,16.540433,2.22044604925031E-15));
#11890=CARTESIAN_POINT('Origin',(-84.620433,16.507961,2.22044604925031E-15));
#11891=CARTESIAN_POINT('',(-84.620433,16.507961,2.22044604925031E-15));
#11892=CARTESIAN_POINT('',(-84.620433,16.507961,2.22044604925031E-15));
#11893=CARTESIAN_POINT('',(-84.620433,16.507961,2.22044604925031E-15));
#11894=CARTESIAN_POINT('Origin',(-84.625,16.485,2.22044604925031E-15));
#11895=CARTESIAN_POINT('',(-84.625,16.485,2.22044604925031E-15));
#11896=CARTESIAN_POINT('',(-84.625,16.485,2.22044604925031E-15));
#11897=CARTESIAN_POINT('',(-84.625,16.485,2.22044604925031E-15));
#11898=CARTESIAN_POINT('Origin',(-84.625,2.515,2.22044604925031E-15));
#11899=CARTESIAN_POINT('',(-84.625,2.515,2.22044604925031E-15));
#11900=CARTESIAN_POINT('',(-84.625,2.515,2.22044604925031E-15));
#11901=CARTESIAN_POINT('',(-84.625,2.515,2.22044604925031E-15));
#11902=CARTESIAN_POINT('Origin',(-84.620433,2.49203899999998,2.22044604925031E-15));
#11903=CARTESIAN_POINT('',(-84.620433,2.49203899999998,2.22044604925031E-15));
#11904=CARTESIAN_POINT('',(-84.620433,2.49203899999998,2.22044604925031E-15));
#11905=CARTESIAN_POINT('',(-84.620433,2.49203899999998,2.22044604925031E-15));
#11906=CARTESIAN_POINT('Origin',(-84.587961,2.45956699999999,2.22044604925031E-15));
#11907=CARTESIAN_POINT('',(-84.587961,2.45956699999999,2.22044604925031E-15));
#11908=CARTESIAN_POINT('',(-84.587961,2.45956699999999,2.22044604925031E-15));
#11909=CARTESIAN_POINT('',(-84.587961,2.45956699999999,2.22044604925031E-15));
#11910=CARTESIAN_POINT('Origin',(-84.565,2.455,2.22044604925031E-15));
#11911=CARTESIAN_POINT('',(-84.565,2.455,2.22044604925031E-15));
#11912=CARTESIAN_POINT('',(-84.565,2.455,2.22044604925031E-15));
#11913=CARTESIAN_POINT('',(-84.565,2.455,2.22044604925031E-15));
#11914=CARTESIAN_POINT('Origin',(-70.595,2.455,2.22044604925031E-15));
#11915=CARTESIAN_POINT('',(-70.595,2.455,2.22044604925031E-15));
#11916=CARTESIAN_POINT('',(-70.595,2.455,2.22044604925031E-15));
#11917=CARTESIAN_POINT('',(-70.595,2.455,2.22044604925031E-15));
#11918=CARTESIAN_POINT('Origin',(-70.572039,2.45956699999999,2.22044604925031E-15));
#11919=CARTESIAN_POINT('',(-70.572039,2.45956699999999,2.22044604925031E-15));
#11920=CARTESIAN_POINT('',(-70.572039,2.45956699999999,2.22044604925031E-15));
#11921=CARTESIAN_POINT('',(-70.572039,2.45956699999999,2.22044604925031E-15));
#11922=CARTESIAN_POINT('Origin',(-70.539567,2.49203899999998,2.22044604925031E-15));
#11923=CARTESIAN_POINT('',(-70.539567,2.49203899999998,2.22044604925031E-15));
#11924=CARTESIAN_POINT('',(-70.539567,2.49203899999998,2.22044604925031E-15));
#11925=CARTESIAN_POINT('',(-70.539567,2.49203899999998,2.22044604925031E-15));
#11926=CARTESIAN_POINT('Origin',(-70.535,2.515,2.22044604925031E-15));
#11927=CARTESIAN_POINT('',(-70.535,2.515,2.22044604925031E-15));
#11928=CARTESIAN_POINT('',(-70.535,2.515,2.22044604925031E-15));
#11929=CARTESIAN_POINT('',(-70.535,2.515,2.22044604925031E-15));
#11930=CARTESIAN_POINT('Origin',(-70.535,16.485,2.22044604925031E-15));
#11931=CARTESIAN_POINT('',(-70.535,16.485,2.22044604925031E-15));
#11932=CARTESIAN_POINT('',(-70.535,16.485,2.22044604925031E-15));
#11933=CARTESIAN_POINT('',(-70.535,16.485,2.22044604925031E-15));
#11934=CARTESIAN_POINT('Origin',(-70.539567,16.507961,2.22044604925031E-15));
#11935=CARTESIAN_POINT('',(-70.539567,16.507961,2.22044604925031E-15));
#11936=CARTESIAN_POINT('',(-70.539567,16.507961,2.22044604925031E-15));
#11937=CARTESIAN_POINT('',(-70.539567,16.507961,2.22044604925031E-15));
#11938=CARTESIAN_POINT('Origin',(-70.572039,16.540433,2.22044604925031E-15));
#11939=CARTESIAN_POINT('',(-70.572039,16.540433,2.22044604925031E-15));
#11940=CARTESIAN_POINT('',(-70.572039,16.540433,2.22044604925031E-15));
#11941=CARTESIAN_POINT('',(-70.572039,16.540433,2.22044604925031E-15));
#11942=CARTESIAN_POINT('Origin',(-70.595,16.545,2.22044604925031E-15));
#11943=CARTESIAN_POINT('',(-70.595,16.545,2.22044604925031E-15));
#11944=CARTESIAN_POINT('',(-70.595,16.545,2.22044604925031E-15));
#11945=CARTESIAN_POINT('',(-70.595,16.545,2.22044604925031E-15));
#11946=CARTESIAN_POINT('Origin',(-84.565,16.545,2.22044604925031E-15));
#11947=CARTESIAN_POINT('',(-84.565,16.545,2.22044604925031E-15));
#11948=CARTESIAN_POINT('Origin',(-116.627961,-11.379567,2.22044604925031E-15));
#11949=CARTESIAN_POINT('',(-116.627961,-11.379567,2.22044604925031E-15));
#11950=CARTESIAN_POINT('',(-116.605,-11.375,2.22044604925031E-15));
#11951=CARTESIAN_POINT('',(-116.627961,-11.379567,2.22044604925031E-15));
#11952=CARTESIAN_POINT('',(-116.605,-11.375,2.22044604925031E-15));
#11953=CARTESIAN_POINT('',(-116.627961,-11.379567,2.22044604925031E-15));
#11954=CARTESIAN_POINT('Origin',(-116.660433,-11.412039,2.22044604925031E-15));
#11955=CARTESIAN_POINT('',(-116.660433,-11.412039,2.22044604925031E-15));
#11956=CARTESIAN_POINT('',(-116.660433,-11.412039,2.22044604925031E-15));
#11957=CARTESIAN_POINT('',(-116.660433,-11.412039,2.22044604925031E-15));
#11958=CARTESIAN_POINT('Origin',(-116.665,-11.435,2.22044604925031E-15));
#11959=CARTESIAN_POINT('',(-116.665,-11.435,2.22044604925031E-15));
#11960=CARTESIAN_POINT('',(-116.665,-11.435,2.22044604925031E-15));
#11961=CARTESIAN_POINT('',(-116.665,-11.435,2.22044604925031E-15));
#11962=CARTESIAN_POINT('Origin',(-116.665,-25.405,2.22044604925031E-15));
#11963=CARTESIAN_POINT('',(-116.665,-25.405,2.22044604925031E-15));
#11964=CARTESIAN_POINT('',(-116.665,-25.405,2.22044604925031E-15));
#11965=CARTESIAN_POINT('',(-116.665,-25.405,2.22044604925031E-15));
#11966=CARTESIAN_POINT('Origin',(-116.660433,-25.427961,2.22044604925031E-15));
#11967=CARTESIAN_POINT('',(-116.660433,-25.427961,2.22044604925031E-15));
#11968=CARTESIAN_POINT('',(-116.660433,-25.427961,2.22044604925031E-15));
#11969=CARTESIAN_POINT('',(-116.660433,-25.427961,2.22044604925031E-15));
#11970=CARTESIAN_POINT('Origin',(-116.627961,-25.460433,2.22044604925031E-15));
#11971=CARTESIAN_POINT('',(-116.627961,-25.460433,2.22044604925031E-15));
#11972=CARTESIAN_POINT('',(-116.627961,-25.460433,2.22044604925031E-15));
#11973=CARTESIAN_POINT('',(-116.627961,-25.460433,2.22044604925031E-15));
#11974=CARTESIAN_POINT('Origin',(-116.605,-25.465,2.22044604925031E-15));
#11975=CARTESIAN_POINT('',(-116.605,-25.465,2.22044604925031E-15));
#11976=CARTESIAN_POINT('',(-116.605,-25.465,2.22044604925031E-15));
#11977=CARTESIAN_POINT('',(-116.605,-25.465,2.22044604925031E-15));
#11978=CARTESIAN_POINT('Origin',(-102.635,-25.465,2.22044604925031E-15));
#11979=CARTESIAN_POINT('',(-102.635,-25.465,2.22044604925031E-15));
#11980=CARTESIAN_POINT('',(-102.635,-25.465,2.22044604925031E-15));
#11981=CARTESIAN_POINT('',(-102.635,-25.465,2.22044604925031E-15));
#11982=CARTESIAN_POINT('Origin',(-102.612039,-25.460433,2.22044604925031E-15));
#11983=CARTESIAN_POINT('',(-102.612039,-25.460433,2.22044604925031E-15));
#11984=CARTESIAN_POINT('',(-102.612039,-25.460433,2.22044604925031E-15));
#11985=CARTESIAN_POINT('',(-102.612039,-25.460433,2.22044604925031E-15));
#11986=CARTESIAN_POINT('Origin',(-102.579567,-25.427961,2.22044604925031E-15));
#11987=CARTESIAN_POINT('',(-102.579567,-25.427961,2.22044604925031E-15));
#11988=CARTESIAN_POINT('',(-102.579567,-25.427961,2.22044604925031E-15));
#11989=CARTESIAN_POINT('',(-102.579567,-25.427961,2.22044604925031E-15));
#11990=CARTESIAN_POINT('Origin',(-102.575,-25.405,2.22044604925031E-15));
#11991=CARTESIAN_POINT('',(-102.575,-25.405,2.22044604925031E-15));
#11992=CARTESIAN_POINT('',(-102.575,-25.405,2.22044604925031E-15));
#11993=CARTESIAN_POINT('',(-102.575,-25.405,2.22044604925031E-15));
#11994=CARTESIAN_POINT('Origin',(-102.575,-11.435,2.22044604925031E-15));
#11995=CARTESIAN_POINT('',(-102.575,-11.435,2.22044604925031E-15));
#11996=CARTESIAN_POINT('',(-102.575,-11.435,2.22044604925031E-15));
#11997=CARTESIAN_POINT('',(-102.575,-11.435,2.22044604925031E-15));
#11998=CARTESIAN_POINT('Origin',(-102.579567,-11.412039,2.22044604925031E-15));
#11999=CARTESIAN_POINT('',(-102.579567,-11.412039,2.22044604925031E-15));
#12000=CARTESIAN_POINT('',(-102.579567,-11.412039,2.22044604925031E-15));
#12001=CARTESIAN_POINT('',(-102.579567,-11.412039,2.22044604925031E-15));
#12002=CARTESIAN_POINT('Origin',(-102.612039,-11.379567,2.22044604925031E-15));
#12003=CARTESIAN_POINT('',(-102.612039,-11.379567,2.22044604925031E-15));
#12004=CARTESIAN_POINT('',(-102.612039,-11.379567,2.22044604925031E-15));
#12005=CARTESIAN_POINT('',(-102.612039,-11.379567,2.22044604925031E-15));
#12006=CARTESIAN_POINT('Origin',(-102.635,-11.375,2.22044604925031E-15));
#12007=CARTESIAN_POINT('',(-102.635,-11.375,2.22044604925031E-15));
#12008=CARTESIAN_POINT('',(-102.635,-11.375,2.22044604925031E-15));
#12009=CARTESIAN_POINT('',(-102.635,-11.375,2.22044604925031E-15));
#12010=CARTESIAN_POINT('Origin',(-116.605,-11.375,2.22044604925031E-15));
#12011=CARTESIAN_POINT('',(-116.605,-11.375,2.22044604925031E-15));
#12012=CARTESIAN_POINT('Origin',(-63.525,49.475,2.22044604925031E-15));
#12013=CARTESIAN_POINT('',(-63.525,49.475,2.22044604925031E-15));
#12014=CARTESIAN_POINT('',(-63.525,49.475,2.22044604925031E-15));
#12015=CARTESIAN_POINT('',(-63.525,49.475,2.22044604925031E-15));
#12016=CARTESIAN_POINT('Origin',(-63.525,-48.975,2.22044604925031E-15));
#12017=CARTESIAN_POINT('',(-63.525,-48.975,2.22044604925031E-15));
#12018=CARTESIAN_POINT('',(-63.525,-48.975,2.22044604925031E-15));
#12019=CARTESIAN_POINT('',(-63.525,-48.975,2.22044604925031E-15));
#12020=CARTESIAN_POINT('Origin',(-134.475,-48.975,2.22044604925031E-15));
#12021=CARTESIAN_POINT('',(-134.475,-48.975,2.22044604925031E-15));
#12022=CARTESIAN_POINT('',(-134.475,-48.975,2.22044604925031E-15));
#12023=CARTESIAN_POINT('',(-134.475,-48.975,2.22044604925031E-15));
#12024=CARTESIAN_POINT('Origin',(-134.475,49.475,2.22044604925031E-15));
#12025=CARTESIAN_POINT('',(-134.475,49.475,2.22044604925031E-15));
#12026=CARTESIAN_POINT('Origin',(-99.,0.249999999999995,2.22044604925031E-15));
#12027=CARTESIAN_POINT('Origin',(-63.3739794855664,49.9924583826043,-2.5));
#12028=CARTESIAN_POINT('',(-63.3739794855664,49.5099496798295,3.));
#12029=CARTESIAN_POINT('',(-63.3739794855664,-49.0099496798296,3.));
#12030=CARTESIAN_POINT('',(-63.3739794855664,49.9924583826043,3.));
#12031=CARTESIAN_POINT('',(-58.475,-49.4924583826034,0.));
#12032=CARTESIAN_POINT('Origin',(-63.3739794855664,-49.0099496798296,-2.5));
#12033=CARTESIAN_POINT('',(-58.475,49.9924583826043,0.));
#12034=CARTESIAN_POINT('',(-58.475,49.9924583826043,0.));
#12035=CARTESIAN_POINT('Origin',(-63.3739794855664,49.5099496798295,-2.5));
#12036=CARTESIAN_POINT('Origin',(-63.2798464513082,-48.5367122974158,-2.5));
#12037=CARTESIAN_POINT('',(-63.3838019817934,-49.0593305633834,3.));
#12038=CARTESIAN_POINT('',(-63.2798464513082,-48.5367122974158,3.));
#12039=CARTESIAN_POINT('',(-58.8688776534375,-51.4726094653015,0.));
#12040=CARTESIAN_POINT('Origin',(-63.3838019817934,-49.0593305633834,-2.5));
#12041=CARTESIAN_POINT('',(-58.475,-49.4924583826034,0.));
#12042=CARTESIAN_POINT('Origin',(-62.3329792685775,-48.0085078501661,-2.5));
#12043=CARTESIAN_POINT('',(-63.4406694366166,-49.1161980182066,3.));
#12044=CARTESIAN_POINT('',(-62.3329792685775,-48.0085078501661,3.));
#12045=CARTESIAN_POINT('',(-61.0273905346956,-53.6311223465625,0.));
#12046=CARTESIAN_POINT('Origin',(-63.4406694366166,-49.1161980182066,-2.5));
#12047=CARTESIAN_POINT('',(-58.8688776534375,-51.4726094653015,0.));
#12048=CARTESIAN_POINT('Origin',(-61.9831366198815,-48.826275895254,-2.5));
#12049=CARTESIAN_POINT('',(-63.4900503201705,-49.1260205144337,3.));
#12050=CARTESIAN_POINT('',(-61.9831366198815,-48.826275895254,3.));
#12051=CARTESIAN_POINT('',(-63.0075416173975,-54.025,0.));
#12052=CARTESIAN_POINT('Origin',(-63.4900503201705,-49.1260205144337,-2.5));
#12053=CARTESIAN_POINT('',(-61.0273905346956,-53.6311223465625,0.));
#12054=CARTESIAN_POINT('Origin',(-63.0075416173975,-49.1260205144337,-2.5));
#12055=CARTESIAN_POINT('',(-134.50994967983,-49.1260205144337,3.));
#12056=CARTESIAN_POINT('',(-63.0075416173975,-49.1260205144337,3.));
#12057=CARTESIAN_POINT('',(-134.992458382603,-54.025,0.));
#12058=CARTESIAN_POINT('Origin',(-134.50994967983,-49.1260205144337,-2.5));
#12059=CARTESIAN_POINT('',(-63.0075416173975,-54.025,0.));
#12060=CARTESIAN_POINT('Origin',(-134.036712297416,-49.2201535486919,-2.5));
#12061=CARTESIAN_POINT('',(-134.559330563383,-49.1161980182066,3.));
#12062=CARTESIAN_POINT('',(-134.036712297416,-49.2201535486919,3.));
#12063=CARTESIAN_POINT('',(-136.9726094653,-53.6311223465629,0.));
#12064=CARTESIAN_POINT('Origin',(-134.559330563383,-49.1161980182066,-2.5));
#12065=CARTESIAN_POINT('',(-134.992458382603,-54.025,0.));
#12066=CARTESIAN_POINT('Origin',(-133.508507850167,-50.1670207314206,-2.5));
#12067=CARTESIAN_POINT('',(-134.616198018207,-49.0593305633833,3.));
#12068=CARTESIAN_POINT('',(-133.508507850167,-50.1670207314206,3.));
#12069=CARTESIAN_POINT('',(-139.131122346568,-51.4726094652999,0.));
#12070=CARTESIAN_POINT('Origin',(-134.616198018207,-49.0593305633833,-2.5));
#12071=CARTESIAN_POINT('',(-136.9726094653,-53.6311223465629,0.));
#12072=CARTESIAN_POINT('Origin',(-134.326275895257,-50.5168633801295,-2.5));
#12073=CARTESIAN_POINT('',(-134.626020514434,-49.0099496798293,3.));
#12074=CARTESIAN_POINT('',(-134.326275895257,-50.5168633801295,3.));
#12075=CARTESIAN_POINT('',(-139.525,-49.4924583825944,0.));
#12076=CARTESIAN_POINT('Origin',(-134.626020514434,-49.0099496798293,-2.5));
#12077=CARTESIAN_POINT('',(-139.131122346568,-51.4726094652999,0.));
#12078=CARTESIAN_POINT('Origin',(-134.626020514434,-49.4924583825944,-2.5));
#12079=CARTESIAN_POINT('',(-134.626020514434,49.5099496798294,3.));
#12080=CARTESIAN_POINT('',(-134.626020514434,-49.4924583825944,3.));
#12081=CARTESIAN_POINT('',(-139.525,49.9924583825953,0.));
#12082=CARTESIAN_POINT('Origin',(-134.626020514434,49.5099496798294,-2.5));
#12083=CARTESIAN_POINT('',(-139.525,-49.4924583825944,0.));
#12084=CARTESIAN_POINT('Origin',(-134.720153548689,49.0367122974232,-2.5));
#12085=CARTESIAN_POINT('',(-139.131122346569,51.9726094652962,0.));
#12086=CARTESIAN_POINT('',(-139.525,49.9924583825953,0.));
#12087=CARTESIAN_POINT('',(-134.616198018207,49.5593305633832,3.));
#12088=CARTESIAN_POINT('',(-134.720153548689,49.0367122974232,3.));
#12089=CARTESIAN_POINT('Origin',(-134.616198018207,49.5593305633832,-2.5));
#12090=CARTESIAN_POINT('Origin',(-135.66702073143,48.5085078501596,-2.5));
#12091=CARTESIAN_POINT('',(-136.972609465297,54.1311223465689,0.));
#12092=CARTESIAN_POINT('',(-139.131122346569,51.9726094652962,0.));
#12093=CARTESIAN_POINT('',(-134.559330563383,49.6161980182067,3.));
#12094=CARTESIAN_POINT('',(-135.66702073143,48.5085078501596,3.));
#12095=CARTESIAN_POINT('Origin',(-134.559330563383,49.6161980182067,-2.5));
#12096=CARTESIAN_POINT('Origin',(-136.016863380127,49.3262758952574,-2.5));
#12097=CARTESIAN_POINT('',(-134.992458382594,54.525,0.));
#12098=CARTESIAN_POINT('',(-136.972609465297,54.1311223465689,0.));
#12099=CARTESIAN_POINT('',(-134.509949679829,49.6260205144336,3.));
#12100=CARTESIAN_POINT('',(-136.016863380127,49.3262758952574,3.));
#12101=CARTESIAN_POINT('Origin',(-134.509949679829,49.6260205144336,-2.5));
#12102=CARTESIAN_POINT('Origin',(-134.992458382594,49.6260205144336,-2.5));
#12103=CARTESIAN_POINT('',(-63.0075416174065,54.525,0.));
#12104=CARTESIAN_POINT('',(-134.992458382594,54.525,0.));
#12105=CARTESIAN_POINT('',(-63.4900503201706,49.6260205144336,3.));
#12106=CARTESIAN_POINT('',(-134.992458382594,49.6260205144336,3.));
#12107=CARTESIAN_POINT('Origin',(-63.4900503201706,49.6260205144336,-2.5));
#12108=CARTESIAN_POINT('Origin',(-63.9632877025752,49.7201535486881,-2.5));
#12109=CARTESIAN_POINT('',(-61.0273905346981,54.1311223465686,0.));
#12110=CARTESIAN_POINT('',(-63.0075416174065,54.525,0.));
#12111=CARTESIAN_POINT('',(-63.4406694366166,49.6161980182067,3.));
#12112=CARTESIAN_POINT('',(-63.9632877025752,49.7201535486881,3.));
#12113=CARTESIAN_POINT('Origin',(-63.4406694366166,49.6161980182067,-2.5));
#12114=CARTESIAN_POINT('Origin',(-64.4914921498439,50.6670207314388,-2.5));
#12115=CARTESIAN_POINT('',(-58.8688776534373,51.9726094652978,0.));
#12116=CARTESIAN_POINT('',(-61.0273905346981,54.1311223465686,0.));
#12117=CARTESIAN_POINT('',(-63.3838019817934,49.5593305633833,3.));
#12118=CARTESIAN_POINT('',(-64.4914921498439,50.6670207314388,3.));
#12119=CARTESIAN_POINT('Origin',(-63.3838019817934,49.5593305633833,-2.5));
#12120=CARTESIAN_POINT('Origin',(-63.6737241047451,51.0168633801085,-2.5));
#12121=CARTESIAN_POINT('',(-58.8688776534373,51.9726094652978,0.));
#12122=CARTESIAN_POINT('',(-63.6737241047451,51.0168633801085,3.));
#12123=CARTESIAN_POINT('Origin',(-99.,0.249999999999986,3.));
#12124=CARTESIAN_POINT('',(-134.5,49.525,3.));
#12125=CARTESIAN_POINT('',(-63.5,49.525,3.));
#12126=CARTESIAN_POINT('',(-134.5,49.525,3.));
#12127=CARTESIAN_POINT('',(-63.490433,49.523097,3.));
#12128=CARTESIAN_POINT('',(-63.5,49.525,3.));
#12129=CARTESIAN_POINT('',(-63.476903,49.509567,3.));
#12130=CARTESIAN_POINT('',(-63.490433,49.523097,3.));
#12131=CARTESIAN_POINT('',(-63.475,49.5,3.));
#12132=CARTESIAN_POINT('',(-63.476903,49.509567,3.));
#12133=CARTESIAN_POINT('',(-63.475,-49.,3.));
#12134=CARTESIAN_POINT('',(-63.475,49.5,3.));
#12135=CARTESIAN_POINT('',(-63.476903,-49.009567,3.));
#12136=CARTESIAN_POINT('',(-63.475,-49.,3.));
#12137=CARTESIAN_POINT('',(-63.490433,-49.023097,3.));
#12138=CARTESIAN_POINT('',(-63.476903,-49.009567,3.));
#12139=CARTESIAN_POINT('',(-63.5,-49.025,3.));
#12140=CARTESIAN_POINT('',(-63.490433,-49.023097,3.));
#12141=CARTESIAN_POINT('',(-134.5,-49.025,3.));
#12142=CARTESIAN_POINT('',(-63.5,-49.025,3.));
#12143=CARTESIAN_POINT('',(-134.509567,-49.023097,3.));
#12144=CARTESIAN_POINT('',(-134.5,-49.025,3.));
#12145=CARTESIAN_POINT('',(-134.523097,-49.009567,3.));
#12146=CARTESIAN_POINT('',(-134.509567,-49.023097,3.));
#12147=CARTESIAN_POINT('',(-134.525,-49.,3.));
#12148=CARTESIAN_POINT('',(-134.523097,-49.009567,3.));
#12149=CARTESIAN_POINT('',(-134.525,49.5,3.));
#12150=CARTESIAN_POINT('',(-134.525,-49.,3.));
#12151=CARTESIAN_POINT('',(-134.523097,49.509567,3.));
#12152=CARTESIAN_POINT('',(-134.525,49.5,3.));
#12153=CARTESIAN_POINT('',(-134.509567,49.523097,3.));
#12154=CARTESIAN_POINT('',(-134.523097,49.509567,3.));
#12155=CARTESIAN_POINT('',(-134.509567,49.523097,3.));
#12156=CARTESIAN_POINT('Origin',(-134.509567,49.523097,0.));
#12157=CARTESIAN_POINT('',(-134.509567,49.523097,0.));
#12158=CARTESIAN_POINT('',(-134.5,49.525,0.));
#12159=CARTESIAN_POINT('',(-134.509567,49.523097,0.));
#12160=CARTESIAN_POINT('',(-134.5,49.525,0.));
#12161=CARTESIAN_POINT('',(-134.509567,49.523097,0.));
#12162=CARTESIAN_POINT('Origin',(-134.523097,49.509567,0.));
#12163=CARTESIAN_POINT('',(-134.523097,49.509567,0.));
#12164=CARTESIAN_POINT('',(-134.523097,49.509567,0.));
#12165=CARTESIAN_POINT('',(-134.523097,49.509567,0.));
#12166=CARTESIAN_POINT('Origin',(-134.525,49.5,0.));
#12167=CARTESIAN_POINT('',(-134.525,49.5,0.));
#12168=CARTESIAN_POINT('',(-134.525,49.5,0.));
#12169=CARTESIAN_POINT('',(-134.525,49.5,0.));
#12170=CARTESIAN_POINT('Origin',(-134.525,-49.,0.));
#12171=CARTESIAN_POINT('',(-134.525,-49.,0.));
#12172=CARTESIAN_POINT('',(-134.525,-49.,0.));
#12173=CARTESIAN_POINT('',(-134.525,-49.,0.));
#12174=CARTESIAN_POINT('Origin',(-134.523097,-49.009567,0.));
#12175=CARTESIAN_POINT('',(-134.523097,-49.009567,0.));
#12176=CARTESIAN_POINT('',(-134.523097,-49.009567,0.));
#12177=CARTESIAN_POINT('',(-134.523097,-49.009567,0.));
#12178=CARTESIAN_POINT('Origin',(-134.509567,-49.023097,0.));
#12179=CARTESIAN_POINT('',(-134.509567,-49.023097,0.));
#12180=CARTESIAN_POINT('',(-134.509567,-49.023097,0.));
#12181=CARTESIAN_POINT('',(-134.509567,-49.023097,0.));
#12182=CARTESIAN_POINT('Origin',(-134.5,-49.025,0.));
#12183=CARTESIAN_POINT('',(-134.5,-49.025,0.));
#12184=CARTESIAN_POINT('',(-134.5,-49.025,0.));
#12185=CARTESIAN_POINT('',(-134.5,-49.025,0.));
#12186=CARTESIAN_POINT('Origin',(-63.5,-49.025,0.));
#12187=CARTESIAN_POINT('',(-63.5,-49.025,0.));
#12188=CARTESIAN_POINT('',(-63.5,-49.025,0.));
#12189=CARTESIAN_POINT('',(-63.5,-49.025,0.));
#12190=CARTESIAN_POINT('Origin',(-63.490433,-49.023097,0.));
#12191=CARTESIAN_POINT('',(-63.490433,-49.023097,0.));
#12192=CARTESIAN_POINT('',(-63.490433,-49.023097,0.));
#12193=CARTESIAN_POINT('',(-63.490433,-49.023097,0.));
#12194=CARTESIAN_POINT('Origin',(-63.476903,-49.009567,0.));
#12195=CARTESIAN_POINT('',(-63.476903,-49.009567,0.));
#12196=CARTESIAN_POINT('',(-63.476903,-49.009567,0.));
#12197=CARTESIAN_POINT('',(-63.476903,-49.009567,0.));
#12198=CARTESIAN_POINT('Origin',(-63.475,-49.,0.));
#12199=CARTESIAN_POINT('',(-63.475,-49.,0.));
#12200=CARTESIAN_POINT('',(-63.475,-49.,0.));
#12201=CARTESIAN_POINT('',(-63.475,-49.,0.));
#12202=CARTESIAN_POINT('Origin',(-63.475,49.5,0.));
#12203=CARTESIAN_POINT('',(-63.475,49.5,0.));
#12204=CARTESIAN_POINT('',(-63.475,49.5,0.));
#12205=CARTESIAN_POINT('',(-63.475,49.5,0.));
#12206=CARTESIAN_POINT('Origin',(-63.476903,49.509567,0.));
#12207=CARTESIAN_POINT('',(-63.476903,49.509567,0.));
#12208=CARTESIAN_POINT('',(-63.476903,49.509567,0.));
#12209=CARTESIAN_POINT('',(-63.476903,49.509567,0.));
#12210=CARTESIAN_POINT('Origin',(-63.490433,49.523097,0.));
#12211=CARTESIAN_POINT('',(-63.490433,49.523097,0.));
#12212=CARTESIAN_POINT('',(-63.490433,49.523097,0.));
#12213=CARTESIAN_POINT('',(-63.490433,49.523097,0.));
#12214=CARTESIAN_POINT('Origin',(-63.5,49.525,0.));
#12215=CARTESIAN_POINT('',(-63.5,49.525,0.));
#12216=CARTESIAN_POINT('',(-63.5,49.525,0.));
#12217=CARTESIAN_POINT('',(-63.5,49.525,0.));
#12218=CARTESIAN_POINT('Origin',(-134.5,49.525,0.));
#12219=CARTESIAN_POINT('',(-134.5,49.525,0.));
#12220=CARTESIAN_POINT('Origin',(-99.,0.249999999999986,0.));
#12221=UNCERTAINTY_MEASURE_WITH_UNIT(LENGTH_MEASURE(0.01),#12225,
'DISTANCE_ACCURACY_VALUE',
'Maximum model space distance between geometric entities at asserted c
onnectivities');
#12222=UNCERTAINTY_MEASURE_WITH_UNIT(LENGTH_MEASURE(0.01),#12225,
'DISTANCE_ACCURACY_VALUE',
'Maximum model space distance between geometric entities at asserted c
onnectivities');
#12223=(
GEOMETRIC_REPRESENTATION_CONTEXT(3)
GLOBAL_UNCERTAINTY_ASSIGNED_CONTEXT((#12221))
GLOBAL_UNIT_ASSIGNED_CONTEXT((#12225,#12227,#12228))
REPRESENTATION_CONTEXT('','3D')
);
#12224=(
GEOMETRIC_REPRESENTATION_CONTEXT(3)
GLOBAL_UNCERTAINTY_ASSIGNED_CONTEXT((#12222))
GLOBAL_UNIT_ASSIGNED_CONTEXT((#12225,#12227,#12228))
REPRESENTATION_CONTEXT('','3D')
);
#12225=(
LENGTH_UNIT()
NAMED_UNIT(*)
SI_UNIT(.MILLI.,.METRE.)
);
#12226=(
LENGTH_UNIT()
NAMED_UNIT(*)
SI_UNIT($,.METRE.)
);
#12227=(
NAMED_UNIT(*)
PLANE_ANGLE_UNIT()
SI_UNIT($,.RADIAN.)
);
#12228=(
NAMED_UNIT(*)
SI_UNIT($,.STERADIAN.)
SOLID_ANGLE_UNIT()
);
#12229=SHAPE_DEFINITION_REPRESENTATION(#12230,#12231);
#12230=PRODUCT_DEFINITION_SHAPE('',$,#12233);
#12231=SHAPE_REPRESENTATION('',(#7777),#12223);
#12232=PRODUCT_DEFINITION_CONTEXT('part definition',#12237,'design');
#12233=PRODUCT_DEFINITION('2026-08-13-11-53-39-217','case topcover',#12234,
#12232);
#12234=PRODUCT_DEFINITION_FORMATION('',$,#12239);
#12235=PRODUCT_RELATED_PRODUCT_CATEGORY('case topcover','case topcover',
(#12239));
#12236=APPLICATION_PROTOCOL_DEFINITION('international standard',
'automotive_design',2009,#12237);
#12237=APPLICATION_CONTEXT(
'Core Data for Automotive Mechanical Design Process');
#12238=PRODUCT_CONTEXT('part definition',#12237,'mechanical');
#12239=PRODUCT('2026-08-13-11-53-39-217','case topcover',$,(#12238));
#12240=PRESENTATION_STYLE_ASSIGNMENT((#12241));
#12241=SURFACE_STYLE_USAGE(.BOTH.,#12242);
#12242=SURFACE_SIDE_STYLE('',(#12243));
#12243=SURFACE_STYLE_FILL_AREA(#12244);
#12244=FILL_AREA_STYLE('Steel - Satin',(#12245));
#12245=FILL_AREA_STYLE_COLOUR('Steel - Satin',#12246);
#12246=COLOUR_RGB('Steel - Satin',0.627450980392157,0.627450980392157,0.627450980392157);
ENDSEC;
END-ISO-10303-21;
